step,type,amount,nameOrig,oldbalanceOrg,newbalanceOrig,nameDest,oldbalanceDest,newbalanceDest,isFraud
1,CASH_IN,20834.21,C2188789,118299.66,97465.45,C3180906,33839.66,54673.87,0
1,CASH_IN,27208.66,C1548888,29242.09,2033.43,C7689582,436665.72,463874.38,0
1,PAYMENT,31787.18,C5200476,106518.84,74731.66,M6394323,178546.94,210334.12,0
1,PAYMENT,17246.68,C8434500,90765.38,73518.7,M1026245,166259.3,183505.98,0
1,PAYMENT,17621.43,C9014965,100659.8,83038.37,M4963933,342341.28,359962.71,0
1,DEBIT,31590.48,C2229110,103194.99,71604.51,C9897858,471802.58,503393.06,0
1,PAYMENT,14679.19,C8187926,103258.23,88579.04,M6303930,157797.91,172477.1,0
1,CASH_OUT,25774.03,C2355439,51105.41,25331.38,C2630140,376645.46,402419.49,0
1,TRANSFER,14312.68,C1790481,41634.34,27321.66,C1914794,399671.21,413983.89,0
1,DEBIT,44475.43,C4938791,78379.09,33903.66,C7718473,93408.61,137884.04,0
1,DEBIT,18373.67,C2151087,98488.48,80114.81,C8890439,363540.66,381914.33,0
1,PAYMENT,21536.05,C9546409,50912.69,29376.64,M5833542,51298.95,72835.0,0
1,CASH_OUT,33049.35,C4205394,93311.51,60262.16,C1941524,213058.04,246107.39,0
1,DEBIT,17583.83,C3342608,79068.98,61485.15,C5024269,217470.25,235054.08,0
1,PAYMENT,3761.31,C5896624,55069.91,51308.6,M4221313,374948.99,378710.3,0
1,TRANSFER,47639.94,C2737893,51119.84,3479.9,C9186400,33616.68,81256.62,0
1,CASH_OUT,18113.91,C6899644,78623.39,60509.48,C8755439,339531.03,357644.94,0
1,CASH_OUT,18606.95,C8350099,32376.46,13769.51,C1440466,183474.97,202081.92,0
1,CASH_OUT,32481.54,C4700025,35072.87,2591.33,C8096887,93024.02,125505.56,0
1,CASH_IN,19355.5,C7251976,45533.17,26177.67,C1959074,130144.89,149500.39,0
1,DEBIT,10736.38,C8186990,30754.21,20017.83,C7183841,67864.21,78600.59,0
1,PAYMENT,22607.61,C1771600,103658.93,81051.32,M4860617,483780.62,506388.23,0
1,CASH_OUT,33395.31,C9197443,87612.45,54217.14,C2919549,445665.84,479061.15,0
1,TRANSFER,35593.34,C8722606,86468.91,50875.57,C8132648,60681.23,96274.57,0
1,TRANSFER,39605.36,C6634586,42233.76,2628.4,C8910069,277010.72,316616.08,0
1,CASH_OUT,23375.62,C8575834,84570.46,61194.84,C5004485,43107.74,66483.36,0
1,CASH_OUT,19914.02,C3946751,60993.53,41079.51,C1432519,204716.76,224630.78,0
1,CASH_IN,3696.8,C6902401,48694.25,44997.45,C8099076,340054.5,343751.3,0
1,CASH_OUT,6425.45,C8575834,83203.61,76778.16,C6555772,64516.48,70941.93,0
1,CASH_IN,45536.51,C5924115,97346.72,51810.21,C7774229,152062.27,197598.78,0
1,TRANSFER,16139.81,C3237058,110888.12,94748.31,C9767312,259448.9,275588.71,0
1,CASH_OUT,42298.23,C4681284,105803.94,63505.71,C6188935,275420.71,317718.94,1
1,CASH_OUT,30725.27,C8106470,94824.01,64098.74,C7520395,295904.22,326629.49,0
1,CASH_IN,7718.17,C1861958,11837.6,4119.43,C3050700,431890.6,439608.77,0
1,PAYMENT,2282.64,C6701311,67395.64,65113.0,M2736473,383479.5,385762.14,0
1,DEBIT,30909.24,C3871230,119808.93,88899.69,C2957497,272788.74,303697.98,0
1,CASH_OUT,24152.41,C5896624,69506.82,45354.41,C8563202,344306.79,368459.2,0
1,TRANSFER,21985.88,C6682698,42388.18,20402.3,C4979651,303330.13,325316.01,0
1,CASH_OUT,43075.64,C5217853,140613.05,97537.41,C4786401,65383.08,108458.72,0
1,CASH_IN,5318.13,C7838382,17570.32,12252.19,C5953150,224798.01,230116.14,0
1,TRANSFER,4849.61,C7076506,91266.0,86416.39,C3698193,209067.37,213916.98,0
1,TRANSFER,40675.76,C1102438,59659.17,18983.41,C7784725,79671.21,120346.97,0
1,DEBIT,24943.0,C9196976,27260.63,2317.63,C7850067,472616.4,497559.4,0
1,CASH_IN,22866.96,C2077581,81201.37,58334.41,C8971465,24329.07,47196.03,0
1,CASH_OUT,24749.76,C4860745,78418.83,53669.07,C7217147,423586.18,448335.94,0
1,DEBIT,6705.41,C7360682,83091.09,76385.68,C6160869,182968.68,189674.09,0
1,DEBIT,2567.37,C7251976,38819.75,36252.38,C6266630,144300.85,146868.22,0
1,DEBIT,25217.73,C2919549,107748.86,82531.13,C6233774,311620.79,336838.52,0
1,CASH_IN,5949.36,C6692553,43269.19,37319.83,C9697969,493393.83,499343.19,0
1,CASH_IN,46948.04,C2936571,107194.34,60246.3,C3135534,200693.54,247641.58,0
1,PAYMENT,2274.71,C3222252,82671.3,80396.59,M6193922,259666.36,261941.07,0
1,TRANSFER,30316.96,C2538024,63113.54,32796.58,C3646552,306534.06,336851.02,0
1,TRANSFER,19653.8,C7358385,70385.3,50731.5,C8389840,254857.05,274510.85,0
1,DEBIT,35439.9,C6643798,117014.78,81574.88,C8395785,184178.9,219618.8,0
1,PAYMENT,48995.1,C8610913,128670.58,79675.48,M2585546,362662.11,411657.21,0
1,PAYMENT,29849.51,C8072684,87612.95,57763.44,M8201433,360700.06,390549.57,0
1,CASH_IN,24027.63,C5205279,38805.2,14777.57,C9249789,340363.45,364391.08,0
1,PAYMENT,28632.79,C3762152,30526.53,1893.74,M3972018,156846.24,185479.03,0
1,TRANSFER,20653.88,C4526280,70835.83,50181.95,C7435505,305739.03,326392.91,0
1,DEBIT,43642.16,C7273233,95510.48,51868.32,C2154126,280443.39,324085.55,0
1,DEBIT,26278.6,C6137284,72244.95,45966.35,C4731818,266563.53,292842.13,0
1,CASH_IN,17720.81,C7360682,36947.23,19226.42,C6682698,123259.57,140980.38,0
1,CASH_IN,14931.97,C8563202,85422.06,70490.09,C9224219,345119.96,360051.93,0
1,DEBIT,15858.87,C6123430,109228.91,93370.04,C2564141,397702.68,413561.55,0
1,CASH_OUT,14396.59,C8199311,52366.01,37969.42,C2355439,490080.27,504476.86,0
1,CASH_OUT,47730.9,C5727085,51937.55,4206.65,C7076506,477656.86,525387.76,1
1,DEBIT,32802.04,C4368777,53008.84,20206.8,C1775337,269288.96,302091.0,0
1,CASH_IN,34811.6,C6855396,96379.3,61567.7,C7728339,293415.25,328226.85,0
1,TRANSFER,2547.76,C8062546,66342.22,63794.46,C8795419,26245.55,28793.31,0
1,DEBIT,16521.38,C5204819,84640.58,68119.2,C3351868,68733.52,85254.9,0
1,CASH_IN,48895.76,C1604451,114185.04,65289.28,C5587308,440323.73,489219.49,0
1,DEBIT,23877.65,C4218542,55994.42,32116.77,C6724909,322948.96,346826.61,0
1,PAYMENT,32618.41,C9745959,106487.06,73868.65,M5293691,425166.55,457784.96,0
1,PAYMENT,45662.35,C6120253,133886.85,88224.5,M5012581,87894.35,133556.7,0
1,PAYMENT,49858.62,C3198037,68489.78,18631.16,M4955699,374501.6,424360.22,0
1,CASH_OUT,43838.39,C4698379,100634.58,56796.19,C8796514,53650.35,97488.74,0
1,CASH_OUT,22722.91,C2355439,72114.15,49391.24,C5205279,469280.25,492003.16,0
1,CASH_IN,23406.36,C7110622,56474.77,33068.41,C8633773,365559.62,388965.98,0
1,CASH_OUT,35932.72,C6647119,115009.49,79076.77,C4093109,283890.61,319823.33,0
1,TRANSFER,8782.99,C9361353,60311.06,51528.07,C3118060,43368.88,52151.87,0
1,PAYMENT,9247.21,C8351517,41607.38,32360.17,M4725179,124023.54,133270.75,0
1,CASH_OUT,19184.88,C5921894,114588.36,95403.48,C8890439,150972.92,170157.8,0
1,CASH_IN,581.67,C2194198,6794.1,6212.43,C5558623,59112.42,59694.09,0
1,CASH_OUT,7994.24,C7520395,77023.28,69029.04,C1289293,319355.66,327349.9,0
1,CASH_OUT,18383.52,C8132769,114119.57,95736.05,C5093379,239090.95,257474.47,0
1,DEBIT,37389.26,C1433940,107583.33,70194.07,C5745250,456398.44,493787.7,0
1,CASH_IN,40101.73,C7705062,108135.92,68034.19,C1098919,297907.23,338008.96,0
1,PAYMENT,26280.08,C6431983,34090.35,7810.27,M9158272,282084.36,308364.44,0
1,PAYMENT,41440.41,C2661307,98710.58,57270.17,M3532644,74926.19,116366.6,0
1,CASH_OUT,42725.76,C8280833,110755.28,68029.52,C1981186,358458.98,401184.74,0
1,CASH_IN,22279.68,C5924115,35474.11,13194.43,C9349470,207712.29,229991.97,0
1,CASH_IN,2896.26,C6068760,75224.27,72328.01,C9196976,197974.35,200870.61,0
1,PAYMENT,37292.77,C4043480,41821.75,4528.98,M1129686,172264.43,209557.2,0
1,PAYMENT,27062.76,C6007072,125676.48,98613.72,M6504979,236035.6,263098.36,0
1,CASH_OUT,20449.26,C4576135,57895.35,37446.09,C8639414,445666.8,466116.06,0
1,DEBIT,43482.32,C9706768,51507.32,8025.0,C5521644,482072.19,525554.51,0
1,CASH_IN,6658.16,C5988757,24505.52,17847.36,C1841248,268629.24,275287.4,0
1,CASH_IN,6376.08,C8793853,81994.02,75617.94,C2458591,489245.34,495621.42,0
1,DEBIT,33678.26,C2101965,86871.62,53193.36,C6338112,411680.22,445358.48,0
2,TRANSFER,23036.66,C8412769,41884.71,18848.05,C5299055,437604.09,460640.75,0
2,PAYMENT,1620.54,C6577416,25687.17,24066.63,M8434202,33645.45,35265.99,0
2,CASH_IN,1688.48,C3564251,75742.59,74054.11,C8048838,201132.68,202821.16,0
2,TRANSFER,26992.59,C3653446,77382.17,50389.58,C3646552,144631.73,171624.32,0
2,CASH_IN,15952.0,C4231028,46128.44,30176.44,C6363836,71630.22,87582.22,0
2,CASH_IN,11059.93,C9293086,17155.69,6095.76,C8801975,474260.13,485320.06,0
2,TRANSFER,31303.4,C1621086,80865.48,49562.08,C8159911,486145.12,517448.52,0
2,DEBIT,39292.37,C6144280,80118.29,40825.92,C6008935,149944.25,189236.62,0
2,TRANSFER,37723.26,C2630140,122657.35,84934.09,C2077581,150368.21,188091.47,0
2,TRANSFER,40290.75,C5418934,81558.5,41267.75,C3182975,208253.93,248544.68,0
2,DEBIT,12150.5,C5813613,76821.09,64670.59,C3123709,461113.05,473263.55,0
2,CASH_OUT,4632.28,C8315831,31478.44,26846.16,C8852574,336835.96,341468.24,0
2,CASH_IN,1986.98,C5446912,82452.04,80465.06,C2940214,293791.84,295778.82,0
2,CASH_IN,10858.66,C2422633,41177.46,30318.8,C3118618,454497.08,465355.74,0
2,TRANSFER,46858.62,C6261415,138302.75,91444.13,C3946751,347813.14,394671.76,0
2,DEBIT,45757.17,C4833486,123308.56,77551.39,C3005795,190330.87,236088.04,0
2,CASH_IN,32439.58,C9196976,68404.04,35964.46,C7360307,441405.98,473845.56,0
2,DEBIT,4939.43,C9333700,96372.48,91433.05,C3024269,185352.46,190291.89,0
2,DEBIT,2295.32,C4671545,3917.31,1621.99,C5569244,276655.78,278951.1,0
2,CASH_IN,28961.35,C8491822,44202.49,15241.14,C5502929,164932.64,193893.99,0
2,DEBIT,28493.78,C1327691,83558.03,55064.25,C1624315,471732.27,500226.05,0
2,CASH_OUT,12873.76,C7619862,58956.66,46082.9,C8630043,366386.12,379259.88,0
2,CASH_OUT,8471.59,C7390515,26876.37,18404.78,C7619862,444682.26,453153.85,0
2,PAYMENT,26201.98,C4553384,102635.86,76433.88,M1761976,206196.11,232398.09,0
2,TRANSFER,3407.72,C8106422,25279.69,21871.97,C4698379,228004.83,231412.55,0
2,PAYMENT,30895.58,C9084065,32468.76,1573.18,M1893502,266106.24,297001.82,0
2,DEBIT,602.43,C5452128,54176.24,53573.81,C4656838,143344.27,143946.7,0
2,CASH_IN,40659.73,C9823994,51361.37,10701.64,C5682940,48156.95,88816.68,0
2,TRANSFER,12056.03,C1249314,93577.47,81521.44,C9147720,133662.37,145718.4,0
2,DEBIT,3960.17,C5896624,60460.39,56500.22,C8410995,495116.52,499076.69,0
2,TRANSFER,15005.73,C1352896,24355.78,9350.05,C5107245,189632.01,204637.74,0
2,CASH_IN,23805.49,C8536477,32074.1,8268.61,C2813543,422664.9,446470.39,0
2,CASH_OUT,28297.17,C2651177,120212.39,91915.22,C6431983,114883.25,143180.42,0
2,CASH_IN,23780.26,C9279821,92223.13,68442.87,C4553384,140186.51,163966.77,0
2,CASH_IN,28179.86,C7366205,121056.5,92876.64,C5682940,157242.35,185422.21,0
2,TRANSFER,29355.93,C8350368,59283.62,29927.69,C8350099,281979.1,311335.03,0
2,CASH_IN,41734.18,C5234550,74907.16,33172.98,C8151684,377804.63,419538.81,0
2,TRANSFER,39527.0,C3030113,114072.66,74545.66,C2948178,172929.75,212456.75,0
2,PAYMENT,21860.04,C7693979,82376.91,60516.87,M9831414,306932.62,328792.66,0
2,CASH_IN,19841.19,C4256752,83253.48,63412.29,C5479144,391774.07,411615.26,0
2,DEBIT,24535.27,C8558197,118649.55,94114.28,C6686328,215923.97,240459.24,0
2,CASH_IN,33036.99,C2188789,112842.51,79805.52,C5502929,356554.27,389591.26,0
2,PAYMENT,13405.92,C9249789,87371.45,73965.53,M6587964,158339.11,171745.03,0
2,PAYMENT,4585.11,C9196976,40576.86,35991.75,M3321942,134883.22,139468.33,0
2,TRANSFER,4373.99,C8665981,60072.49,55698.5,C5096953,256220.42,260594.41,0
2,PAYMENT,1322.83,C2259379,10629.26,9306.43,M1801102,299021.9,300344.73,0
2,CASH_OUT,43187.27,C5661907,84568.28,41381.01,C8306261,389584.55,432771.82,0
2,CASH_IN,45261.33,C8816912,97371.78,52110.45,C2927455,342658.0,387919.33,0
2,TRANSFER,6950.61,C6452832,56263.0,49312.39,C6871360,31633.58,38584.19,0
2,DEBIT,13805.33,C6643798,92071.99,78266.66,C6682698,180562.46,194367.79,0
2,TRANSFER,36047.76,C2060605,81833.92,45786.16,C6038571,67744.76,103792.52,0
2,PAYMENT,47441.68,C5901239,127849.33,80407.65,M9833734,164770.86,212212.54,0
2,CASH_OUT,21536.5,C9487336,53603.02,32066.52,C9293086,473639.46,495175.96,0
2,TRANSFER,23955.7,C7685149,120828.22,96872.52,C8350368,145724.08,169679.78,0
2,DEBIT,48388.48,C6551268,85994.01,37605.53,C2686548,408247.26,456635.74,0
2,DEBIT,18257.13,C3050700,77479.83,59222.7,C8053918,272814.54,291071.67,0
2,CASH_IN,1355.54,C8664433,45201.04,43845.5,C9647849,145665.6,147021.14,0
2,PAYMENT,40950.09,C5089126,54868.0,13917.91,M2369112,151416.32,192366.41,0
2,CASH_OUT,32936.56,C7891662,40333.07,7396.51,C8893693,495350.31,528286.87,0
2,DEBIT,29116.38,C9610704,121465.96,92349.58,C7847048,434816.86,463933.24,0
2,DEBIT,27186.82,C2194198,86568.81,59381.99,C1727544,457200.62,484387.44,0
2,PAYMENT,38450.01,C7853787,103149.99,64699.98,M4253164,22148.35,60598.36,0
2,DEBIT,48340.89,C1914794,58935.35,10594.46,C9823994,49303.28,97644.17,0
2,TRANSFER,25538.71,C4442778,83590.54,58051.83,C3560856,287617.7,313156.41,0
2,DEBIT,18712.24,C7454081,33786.73,15074.49,C9264869,498851.36,517563.6,0
2,DEBIT,5236.42,C5745250,16843.35,11606.93,C2188789,470338.08,475574.5,0
2,TRANSFER,17422.95,C6097514,95849.95,78427.0,C5261032,260557.41,277980.36,0
2,CASH_OUT,23813.36,C9186400,55704.31,31890.95,C7418028,150132.04,173945.4,0
2,PAYMENT,1139.03,C6097514,68852.96,67713.93,M8202195,82177.05,83316.08,0
2,TRANSFER,25804.54,C4833486,58903.51,33098.97,C3138181,213184.69,238989.23,0
2,DEBIT,11600.46,C3583206,30239.15,18638.69,C5453786,328653.96,340254.42,0
2,DEBIT,1469.32,C6472441,60689.64,59220.32,C9911492,194417.89,195887.21,0
2,TRANSFER,10297.17,C3710343,20472.37,10175.2,C6889195,435989.67,446286.84,0
2,TRANSFER,18295.99,C7851696,29691.49,11395.5,C5825658,335350.71,353646.7,0
2,DEBIT,26390.47,C5081983,87521.31,61130.84,C6276722,293502.36,319892.83,0
2,CASH_OUT,17605.73,C5825658,98979.56,81373.83,C8896868,352994.18,370599.91,0
2,CASH_OUT,45934.94,C1527021,77253.51,31318.57,C8688755,119286.36,165221.3,1
2,CASH_OUT,34674.89,C2666893,76498.8,41823.91,C6276722,68933.65,103608.54,0
2,DEBIT,21157.71,C4785186,90501.0,69343.29,C9748499,322630.05,343787.76,0
2,TRANSFER,27750.08,C5436878,41779.73,14029.65,C9224219,157290.01,185040.09,0
2,DEBIT,30974.3,C8617381,79435.19,48460.89,C8536477,97564.25,128538.55,0
2,DEBIT,48191.82,C2661307,89105.25,40913.43,C6503032,245862.94,294054.76,0
2,DEBIT,24440.09,C2191066,27526.16,3086.07,C8095702,380528.31,404968.4,0
2,CASH_OUT,1644.43,C8658158,30511.46,28867.03,C6060517,390370.1,392014.53,0
2,CASH_IN,37128.49,C4713925,88209.09,51080.6,C2663938,286357.03,323485.52,0
2,CASH_OUT,38757.9,C8367772,121018.99,82261.09,C8441741,20805.26,59563.16,0
2,DEBIT,27322.2,C7395997,100921.07,73598.87,C8761611,326835.85,354158.05,0
2,TRANSFER,14892.47,C8755439,41173.99,26281.52,C7913081,431099.81,445992.28,0
2,PAYMENT,21959.1,C6261415,42946.92,20987.82,M2287332,368806.49,390765.59,0
2,CASH_OUT,43053.82,C9427047,104668.94,61615.12,C4971793,392424.65,435478.47,0
2,PAYMENT,28508.02,C2066326,88193.79,59685.77,M8372274,84188.68,112696.7,0
2,CASH_OUT,14473.77,C1325197,113022.6,98548.83,C3049499,339649.66,354123.43,0
2,PAYMENT,6788.09,C9526867,106036.71,99248.62,M6056977,433523.8,440311.89,0
2,TRANSFER,35074.31,C6304573,49698.65,14624.34,C4700025,161048.36,196122.67,0
2,TRANSFER,38076.06,C1909393,52293.22,14217.16,C5436878,316200.99,354277.05,0
2,DEBIT,18764.86,C6229731,59049.94,40285.08,C6944126,374901.19,393666.05,0
2,CASH_OUT,22740.24,C2515030,80935.79,58195.55,C4816534,434453.88,457194.12,0
2,PAYMENT,36549.29,C3650391,121559.91,85010.62,M4593556,397838.96,434388.25,0
2,DEBIT,10899.32,C8387112,60370.81,49471.49,C6207974,161432.57,172331.89,0
2,CASH_OUT,16894.38,C1102438,73508.59,56614.21,C7640184,242668.95,259563.33,0
3,CASH_OUT,44708.79,C3564251,54666.26,9957.47,C9548432,391944.88,436653.67,0
3,PAYMENT,46472.35,C1604451,92124.16,45651.81,M3718884,495919.12,542391.47,0
3,DEBIT,10123.89,C8670955,26021.64,15897.75,C9179730,466362.78,476486.67,0
3,CASH_OUT,4676.07,C5438490,12918.12,8242.05,C9191131,332254.41,336930.48,0
3,TRANSFER,2598.85,C1170307,45521.94,42923.09,C8379837,45599.59,48198.44,0
3,PAYMENT,64.3,C2512187,13334.28,13269.98,M8225192,113095.43,113159.73,0
3,DEBIT,474.25,C2429098,99289.74,98815.49,C3641282,211156.97,211631.22,0
3,TRANSFER,23890.24,C8481188,32823.35,8933.11,C6386463,402978.42,426868.66,0
3,PAYMENT,15674.44,C7358385,53946.54,38272.1,M8309439,406683.96,422358.4,0
3,TRANSFER,32082.39,C2737893,85133.22,53050.83,C2321324,4237.37,36319.76,0
3,TRANSFER,22010.57,C3472189,113999.98,91989.41,C5641923,308038.01,330048.58,0
3,DEBIT,42999.53,C4993055,57000.84,14001.31,C3351868,61578.61,104578.14,0
3,DEBIT,17583.27,C8387112,96690.94,79107.67,C8939993,123893.19,141476.46,0
3,PAYMENT,12415.87,C9937982,97205.08,84789.21,M5582979,329202.69,341618.56,0
3,CASH_OUT,10280.23,C8460758,85064.59,74784.36,C7462506,147771.03,158051.26,0
3,PAYMENT,39192.24,C7426265,77780.8,38588.56,M4955699,120540.88,159733.12,0
3,CASH_IN,3559.89,C6708456,96952.33,93392.44,C4318855,65991.44,69551.33,0
3,CASH_IN,21048.97,C6455706,97321.56,76272.59,C8896868,477226.49,498275.46,0
3,PAYMENT,844.3,C1971823,27062.83,26218.53,M5565128,19913.43,20757.73,0
3,PAYMENT,47434.51,C8350368,76083.29,28648.78,M6346644,356314.54,403749.05,0
3,DEBIT,21184.53,C7844947,85238.26,64053.73,C1120642,268827.68,290012.21,0
3,TRANSFER,13880.61,C9234615,65011.08,51130.47,C5159166,101598.75,115479.36,0
3,TRANSFER,26824.14,C9633492,57841.09,31016.95,C7089806,218743.02,245567.16,0
3,TRANSFER,2904.72,C9626108,14503.38,11598.66,C5446344,306148.4,309053.12,0
3,PAYMENT,15471.41,C4818418,16737.91,1266.5,M1349914,68605.9,84077.31,0
3,PAYMENT,8199.99,C8558378,59922.27,51722.28,M3328554,411253.44,419453.43,0
3,CASH_OUT,8356.48,C8033426,81650.06,73293.58,C4761823,59028.36,67384.84,0
3,PAYMENT,16757.2,C8387112,69142.62,52385.42,M3895058,131474.83,148232.03,0
3,CASH_IN,31380.37,C8789116,82458.56,51078.19,C5261032,27719.56,59099.93,0
3,CASH_IN,8352.4,C3500715,85685.3,77332.9,C8841505,447134.21,455486.61,0
3,PAYMENT,11427.94,C8438733,15831.73,4403.79,M2425342,431464.25,442892.19,0
3,TRANSFER,2308.62,C3386328,94331.27,92022.65,C6386463,89480.47,91789.09,0
3,PAYMENT,27647.71,C6577416,59827.91,32180.2,M6207779,208128.3,235776.01,0
3,CASH_OUT,13570.19,C8574680,50851.01,37280.82,C7166651,251020.47,264590.66,0
3,PAYMENT,8975.42,C4558545,104383.36,95407.94,M6174418,34463.22,43438.64,0
3,DEBIT,43302.95,C1289293,51941.5,8638.55,C4816534,228373.09,271676.04,0
3,CASH_OUT,10041.55,C3050700,83999.15,73957.6,C6709938,121292.0,131333.55,0
3,CASH_OUT,29588.63,C4922880,102834.96,73246.33,C6038571,273279.62,302868.25,0
3,TRANSFER,7536.81,C3426689,30836.58,23299.77,C5855124,173211.85,180748.66,0
3,PAYMENT,47550.0,C5614226,132450.6,84900.6,M2696860,363607.52,411157.52,0
3,PAYMENT,10267.67,C3321531,59470.56,49202.89,M6192009,29947.54,40215.21,0
3,TRANSFER,35585.51,C6944126,127712.95,92127.44,C8187926,448643.74,484229.25,0
3,CASH_IN,20658.71,C8248238,118114.19,97455.48,C3650391,42451.21,63109.92,0
3,PAYMENT,25276.33,C7069650,84465.91,59189.58,M9344741,31141.43,56417.76,0
3,TRANSFER,11846.22,C5364698,104450.42,92604.2,C9907391,196476.34,208322.56,0
3,CASH_OUT,15909.71,C1341919,23378.45,7468.74,C5606980,101356.31,117266.02,0
3,CASH_IN,5457.55,C2564689,50414.22,44956.67,C6933742,157016.64,162474.19,0
3,PAYMENT,26800.87,C8938746,57631.64,30830.77,M7227905,132503.96,159304.83,0
3,PAYMENT,4530.14,C5691890,26032.22,21502.08,M5752087,428286.64,432816.78,0
3,TRANSFER,4569.73,C6009888,44194.18,39624.45,C8558197,24475.31,29045.04,0
3,CASH_OUT,13015.74,C8722606,108225.4,95209.66,C9961380,427300.65,440316.39,0
3,CASH_IN,37406.44,C4700025,83610.76,46204.32,C8835373,401948.38,439354.82,0
3,TRANSFER,6081.45,C3564217,19152.97,13071.52,C9689889,411836.71,417918.16,0
3,CASH_OUT,34317.4,C2130789,92929.28,58611.88,C4609330,458714.29,493031.69,0
3,PAYMENT,1099.79,C9197443,91349.4,90249.61,M6422534,221715.66,222815.45,0
3,TRANSFER,4608.01,C1914794,8877.64,4269.63,C4117625,230497.46,235105.47,0
3,TRANSFER,46207.34,C2255409,95819.98,49612.64,C9363326,191364.72,237572.06,0
3,CASH_OUT,10743.66,C8321474,38729.12,27985.46,C8801975,441711.9,452455.56,0
3,PAYMENT,30709.19,C1327691,80598.35,49889.16,M7858012,441389.29,472098.48,0
3,DEBIT,3058.34,C6233774,16781.94,13723.6,C6386463,99728.9,102787.24,0
3,CASH_IN,12464.9,C6404139,111405.26,98940.36,C3094235,390957.88,403422.78,0
3,CASH_OUT,23989.43,C2932227,115257.13,91267.7,C5163953,251196.63,275186.06,0
3,DEBIT,13529.08,C5663623,73240.72,59711.64,C5217853,14651.73,28180.81,0
3,CASH_OUT,2938.98,C4189885,38682.27,35743.29,C5452128,291994.46,294933.44,0
3,TRANSFER,48699.25,C3351868,114385.69,65686.44,C6901533,133263.5,181962.75,0
3,PAYMENT,38204.85,C3475836,122855.36,84650.51,M3408819,398695.34,436900.19,0
3,CASH_OUT,46760.95,C4348276,70416.06,23655.11,C4740036,159002.18,205763.13,0
3,CASH_OUT,45699.86,C7210606,140455.73,94755.87,C2362099,281803.24,327503.1,0
3,TRANSFER,41836.48,C7232293,72741.79,30905.31,C8441741,245218.21,287054.69,1
3,TRANSFER,30087.12,C7350753,77886.02,47798.9,C1249314,165867.0,195954.12,0
3,CASH_IN,10081.2,C7640184,81774.96,71693.76,C9250138,459390.39,469471.59,0
3,CASH_OUT,2987.2,C4415796,80423.85,77436.65,C1131249,423240.44,426227.64,0
3,CASH_OUT,48028.33,C1433940,106630.0,58601.67,C1865901,168280.54,216308.87,0
3,TRANSFER,36620.28,C9952696,101538.31,64918.03,C7667458,87101.34,123721.62,0
3,CASH_IN,34681.08,C5886520,101234.25,66553.17,C1842524,407227.12,441908.2,0
3,DEBIT,15348.09,C8307727,33118.92,17770.83,C9770838,898.95,16247.04,0
3,CASH_IN,19586.16,C2738129,37794.34,18208.18,C8755439,159108.46,178694.62,0
3,CASH_IN,11052.55,C1863121,104721.33,93668.78,C2642635,70321.68,81374.23,0
3,PAYMENT,11907.42,C4867786,75526.1,63618.68,M4253164,481539.81,493447.23,0
3,CASH_OUT,22337.03,C8072684,47291.12,24954.09,C9647849,33897.39,56234.42,0
3,CASH_OUT,39353.13,C5614226,77946.84,38593.71,C2839607,366292.25,405645.38,0
3,TRANSFER,44228.75,C2817745,79351.87,35123.12,C5666692,187673.79,231902.54,0
3,CASH_IN,32551.97,C3237058,77680.71,45128.74,C4524499,399597.28,432149.25,0
3,PAYMENT,14752.48,C6144280,109918.69,95166.21,M2038068,37100.2,51852.68,0
3,TRANSFER,44397.68,C6171716,99102.31,54704.63,C4374754,449062.09,493459.77,1
3,CASH_IN,49263.95,C5311242,92396.28,43132.33,C9961380,326817.59,376081.54,0
3,CASH_IN,44488.77,C2262382,54614.55,10125.78,C2921859,102775.24,147264.01,0
3,TRANSFER,20469.9,C7689582,46996.38,26526.48,C7738019,140761.54,161231.44,0
3,TRANSFER,4804.84,C1909393,59771.1,54966.26,C7166651,245474.14,250278.98,0
3,PAYMENT,18047.84,C3118060,47502.78,29454.94,M4860617,331010.11,349057.95,0
3,CASH_IN,24021.62,C6692553,44716.92,20695.3,C7377459,319095.33,343116.95,0
3,PAYMENT,23683.8,C5977931,102171.46,78487.66,M2585546,235472.23,259156.03,0
3,CASH_OUT,4565.93,C3488628,23054.05,18488.12,C8630712,442746.35,447312.28,0
3,CASH_OUT,9337.28,C7073292,53311.32,43974.04,C6483562,131700.4,141037.68,0
3,CASH_OUT,28216.69,C8106422,36787.42,8570.73,C6692553,171895.69,200112.38,0
3,CASH_IN,20705.19,C8425149,26803.56,6098.37,C8608449,193553.05,214258.24,0
3,CASH_IN,20937.42,C8583392,78208.85,57271.43,C8395785,117821.01,138758.43,0
3,CASH_OUT,3956.96,C1938483,61078.95,57121.99,C3276065,258408.7,262365.66,0
3,CASH_IN,33879.97,C6752576,128805.45,94925.48,C3641282,224519.87,258399.84,0
3,TRANSFER,48608.52,C7110622,52876.11,4267.59,C2375453,39184.26,87792.78,0
4,TRANSFER,49863.49,C4415796,81838.44,31974.95,C2408404,363551.5,413414.99,0
4,PAYMENT,19411.08,C3198037,52023.76,32612.68,M3044276,138100.41,157511.49,0
4,DEBIT,45858.92,C5661907,124027.49,78168.57,C5651899,56259.42,102118.34,0
4,TRANSFER,7418.51,C7311494,99911.33,92492.82,C3351868,281341.88,288760.39,0
4,PAYMENT,39289.42,C8583392,127078.78,87789.36,M8103580,132068.32,171357.74,0
4,DEBIT,28605.44,C3294774,45825.41,17219.97,C5491946,201486.98,230092.42,0
4,CASH_IN,30436.68,C1229419,70015.95,39579.27,C6279418,439478.82,469915.5,0
4,TRANSFER,2474.06,C1559763,92177.2,89703.14,C4761823,10116.44,12590.5,0
4,CASH_OUT,15554.36,C5398338,112804.02,97249.66,C4214348,113978.71,129533.07,0
4,CASH_OUT,48711.23,C8443690,75653.23,26942.0,C6294016,208386.36,257097.59,0
4,TRANSFER,22091.41,C5587308,98040.74,75949.33,C2932227,433594.49,455685.9,0
4,PAYMENT,25768.33,C3484601,56880.64,31112.31,M5286905,253397.64,279165.97,0
4,TRANSFER,39028.02,C5205279,41922.84,2894.82,C4569164,96381.72,135409.74,0
4,TRANSFER,41850.46,C8030010,87495.33,45644.87,C7366205,459015.53,500865.99,0
4,CASH_OUT,18423.91,C2789344,58118.14,39694.23,C7960607,461536.78,479960.69,0
4,PAYMENT,12104.49,C1233516,29862.86,17758.37,M5194357,435240.39,447344.88,0
4,CASH_IN,27571.17,C2987287,111336.55,83765.38,C5186414,129329.96,156901.13,0
4,PAYMENT,14260.62,C7718473,30551.36,16290.74,M4699685,286129.03,300389.65,0
4,TRANSFER,42856.99,C3237058,69765.35,26908.36,C4585314,204753.6,247610.59,1
4,PAYMENT,23710.12,C8670955,83824.32,60114.2,M3477824,4231.86,27941.98,0
4,CASH_OUT,30421.11,C1170307,72801.79,42380.68,C8801975,188237.73,218658.84,0
4,CASH_OUT,22955.31,C9294272,53169.82,30214.51,C5953150,260318.95,283274.26,0
4,CASH_IN,19863.66,C8761611,71015.03,51151.37,C1445199,331177.73,351041.39,0
4,CASH_OUT,28077.24,C2709620,96518.55,68441.31,C8796514,240869.21,268946.45,0
4,CASH_OUT,49418.16,C9801946,75532.85,26114.69,C2921542,355546.89,404965.05,0
4,CASH_OUT,9426.12,C6595355,99394.82,89968.7,C4589533,402714.91,412141.03,0
4,CASH_IN,20210.88,C4867786,92339.2,72128.32,C3646552,327700.29,347911.17,0
4,CASH_OUT,12978.72,C6790218,51806.21,38827.49,C2970754,17659.5,30638.22,0
4,CASH_IN,40802.57,C6097514,109434.38,68631.81,C9689889,319156.79,359959.36,0
4,DEBIT,45327.26,C5743227,75346.74,30019.48,C5693260,84993.33,130320.59,0
4,CASH_IN,9064.98,C2833230,21859.39,12794.41,C6910964,129325.93,138390.91,0
4,CASH_IN,38148.28,C2935113,103591.74,65443.46,C9031491,111126.76,149275.04,0
4,TRANSFER,37213.05,C2436347,116022.09,78809.04,C6398528,165658.57,202871.62,0
4,CASH_OUT,29282.68,C9106886,76336.34,47053.66,C1959074,433196.68,462479.36,0
4,CASH_IN,29019.85,C3109911,117962.46,88942.61,C5204819,250238.69,279258.54,0
4,DEBIT,26496.63,C7961578,113581.54,87084.91,C5476583,75389.23,101885.86,0
4,TRANSFER,17140.07,C9089795,31462.49,14322.42,C5825658,431196.97,448337.04,0
4,TRANSFER,38949.27,C7136687,102052.55,63103.28,C3118618,88412.13,127361.4,0
4,PAYMENT,245.63,C8945036,76364.96,76119.33,M8419020,84302.88,84548.51,0
4,TRANSFER,24483.96,C4594297,85931.93,61447.97,C5004485,316743.77,341227.73,0
4,DEBIT,21456.98,C5951131,21923.89,466.91,C2754894,266891.3,288348.28,0
4,CASH_OUT,47503.93,C9990305,66561.6,19057.67,C8062546,338374.07,385878.0,0
4,TRANSFER,11321.02,C2987287,24214.1,12893.08,C4717770,191775.24,203096.26,0
4,CASH_IN,15312.69,C1326765,45132.92,29820.23,C3320821,145413.9,160726.59,0
4,CASH_IN,29822.53,C1861958,118619.93,88797.4,C8876745,497736.2,527558.73,0
4,CASH_OUT,49806.98,C3073474,124818.54,75011.56,C8617381,82441.75,132248.73,0
4,DEBIT,966.05,C3036059,22085.07,21119.02,C3195773,10956.64,11922.69,0
4,CASH_IN,8457.55,C5842082,45976.79,37519.24,C5491946,320160.54,328618.09,0
4,CASH_IN,31160.51,C2839607,96517.27,65356.76,C9075854,9870.88,41031.39,0
4,PAYMENT,20844.61,C9249789,75572.85,54728.24,M3883553,237198.17,258042.78,0
4,TRANSFER,10282.69,C8536477,52369.84,42087.15,C6452832,50489.92,60772.61,0
4,CASH_IN,13506.16,C3222252,96571.43,83065.27,C6790218,52457.12,65963.28,0
4,CASH_IN,5895.55,C9164991,55669.46,49773.91,C4965789,304500.9,310396.45,0
4,CASH_OUT,41576.63,C7812810,111920.31,70343.68,C5833597,147675.6,189252.23,1
4,DEBIT,45518.73,C9906224,68969.26,23450.53,C5602180,6374.7,51893.43,0
4,PAYMENT,45344.93,C1440466,60259.38,14914.45,M7274032,45041.34,90386.27,0
4,CASH_IN,3761.66,C4078418,68195.34,64433.68,C9961107,228375.62,232137.28,0
4,CASH_OUT,13213.61,C2065818,94531.45,81317.84,C8526486,437070.22,450283.83,0
4,CASH_OUT,18017.13,C7784725,91871.15,73854.02,C3551903,47499.24,65516.37,0
4,PAYMENT,493.52,C5098412,33359.6,32866.08,M6890476,447263.81,447757.33,0
4,CASH_IN,13422.79,C6944126,94919.22,81496.43,C6407658,91434.71,104857.5,0
4,DEBIT,20018.51,C5283671,103589.34,83570.83,C1341919,344951.22,364969.73,0
4,DEBIT,39996.96,C3970445,53248.12,13251.16,C5785687,363205.56,403202.52,0
4,TRANSFER,5194.62,C5311242,73033.93,67839.31,C3595941,90630.28,95824.9,0
4,DEBIT,38960.42,C4514944,87268.39,48307.97,C7640184,244061.39,283021.81,0
4,DEBIT,22039.99,C9897858,87537.35,65497.36,C7360307,6180.11,28220.1,0
4,CASH_IN,38378.76,C6183902,60777.25,22398.49,C8095702,477880.72,516259.48,0
4,CASH_OUT,25959.79,C2651177,92131.12,66171.33,C3589751,124288.5,150248.29,0
4,CASH_OUT,33188.9,C7906258,117092.2,83903.3,C9479356,279172.12,312361.02,0
4,CASH_IN,2737.76,C2262382,87622.32,84884.56,C2661307,425935.58,428673.34,0
4,TRANSFER,3752.51,C5398338,27841.69,24089.18,C4231028,485072.52,488825.03,0
4,PAYMENT,25351.4,C4607488,65679.1,40327.7,M9517619,117500.0,142851.4,0
4,DEBIT,22215.0,C4794319,31016.99,8801.99,C8225725,249228.07,271443.07,0
4,CASH_OUT,5944.16,C7850067,16208.49,10264.33,C1728977,206169.27,212113.43,0
4,CASH_IN,27459.45,C4194548,116470.54,89011.09,C5691890,281166.29,308625.74,0
4,DEBIT,47518.25,C5456573,129177.12,81658.87,C6707197,422158.72,469676.97,0
4,CASH_OUT,28011.94,C3294774,99603.29,71591.35,C5456573,57011.68,85023.62,0
4,TRANSFER,119.83,C7853787,54888.89,54769.06,C8306261,186945.18,187065.01,0
4,PAYMENT,2298.45,C6933742,16343.37,14044.92,M7274032,358428.06,360726.51,0
4,DEBIT,5357.01,C9508103,17431.59,12074.58,C9580255,426097.19,431454.2,0
4,TRANSFER,22857.73,C8315831,33634.3,10776.57,C5235884,207235.17,230092.9,0
4,CASH_IN,6169.73,C4020853,72015.4,65845.67,C8805654,478095.16,484264.89,0
4,TRANSFER,48193.1,C8078673,121814.49,73621.39,C3126655,276613.16,324806.26,0
4,CASH_IN,24151.77,C4645180,93333.54,69181.77,C4240180,86825.14,110976.91,0
4,TRANSFER,5186.66,C9990305,93325.72,88139.06,C8031780,209332.37,214519.03,0
4,CASH_IN,45796.35,C6009888,85583.35,39787.0,C8945036,171429.4,217225.75,0
4,CASH_OUT,22647.76,C1156287,63922.31,41274.55,C2154126,350007.14,372654.9,0
4,CASH_IN,14952.67,C5947563,86140.11,71187.44,C6137284,467756.04,482708.71,0
4,TRANSFER,10052.45,C8713146,102171.63,92119.18,C4786401,66335.86,76388.31,0
4,TRANSFER,25199.63,C4106298,101277.13,76077.5,C5977931,281140.11,306339.74,0
4,CASH_IN,28536.2,C3493017,57129.0,28592.8,C7074006,423650.55,452186.75,0
4,PAYMENT,26141.27,C2694522,40673.94,14532.67,M1633297,335127.09,361268.36,0
4,TRANSFER,13356.24,C6171716,81695.27,68339.03,C2156902,73214.2,86570.44,0
4,PAYMENT,34532.84,C5502929,109892.23,75359.39,M8377995,16153.19,50686.03,0
4,DEBIT,5132.98,C7251976,79374.25,74241.27,C3036059,280635.28,285768.26,0
4,TRANSFER,25551.01,C1212267,118199.49,92648.48,C2525206,193777.32,219328.33,0
4,CASH_OUT,48292.0,C5476583,122659.0,74367.0,C3608513,101543.61,149835.61,0
4,DEBIT,41500.87,C8863447,115345.87,73845.0,C7390515,98234.54,139735.41,0
4,TRANSFER,14715.94,C7685149,33413.6,18697.66,C4553384,86897.57,101613.51,0
4,CASH_IN,5976.5,C8698256,33887.72,27911.22,C6569946,132119.8,138096.3,0
5,TRANSFER,29203.46,C8841505,62259.74,33056.28,C2571945,354844.65,384048.11,0
5,TRANSFER,2006.63,C4106298,79372.72,77366.09,C7402509,312683.33,314689.96,0
5,CASH_OUT,24532.64,C5673599,60341.2,35808.56,C2919549,392015.72,416548.36,0
5,CASH_OUT,26274.5,C3995870,33092.15,6817.65,C4909069,252570.18,278844.68,0
5,DEBIT,27158.58,C2903561,62098.88,34940.3,C2626229,441698.37,468856.95,0
5,CASH_OUT,16560.02,C9111742,111590.85,95030.83,C7705062,309140.3,325700.32,0
5,DEBIT,49831.59,C4698379,116725.44,66893.85,C3597059,222833.62,272665.21,0
5,CASH_IN,45931.18,C2044645,114186.32,68255.14,C9375710,160468.51,206399.69,0
5,PAYMENT,19299.94,C7738019,21770.51,2470.57,M9792411,258433.91,277733.85,0
5,CASH_OUT,25720.31,C4645180,74400.78,48680.47,C6442103,148216.98,173937.29,0
5,TRANSFER,16022.43,C1120642,32761.91,16739.48,C2016911,478138.1,494160.53,0
5,CASH_IN,26664.96,C2876828,93698.47,67033.51,C2566777,386791.13,413456.09,0
5,DEBIT,41784.9,C8411939,124659.77,82874.87,C6060517,439318.62,481103.52,0
5,DEBIT,32331.59,C8973915,34706.88,2375.29,C3194789,358434.14,390765.73,0
5,PAYMENT,4385.17,C6707197,83806.65,79421.48,M3456926,279042.1,283427.27,0
5,CASH_IN,41082.75,C8190929,79886.01,38803.26,C7970771,315108.63,356191.38,0
5,DEBIT,15827.05,C6423634,69310.49,53483.44,C1841248,320711.37,336538.42,0
5,CASH_IN,3171.25,C6228407,73259.45,70088.2,C3320821,36294.72,39465.97,0
5,CASH_IN,5315.72,C4050766,33467.46,28151.74,C4993055,463345.44,468661.16,0
5,DEBIT,19761.71,C9961380,35394.06,15632.35,C1661401,109932.86,129694.57,0
5,DEBIT,39840.55,C5614002,135853.98,96013.43,C5502929,72037.77,111878.32,0
5,CASH_OUT,47870.01,C3678638,135346.7,87476.69,C8608449,70686.93,118556.94,1
5,CASH_IN,29836.78,C9748499,124534.72,94697.94,C5947563,152345.58,182182.36,0
5,CASH_OUT,10594.73,C2015861,26690.17,16095.44,C6022741,110393.98,120988.71,0
5,CASH_OUT,9724.37,C9996207,94949.48,85225.11,C6899644,425693.86,435418.23,0
5,CASH_IN,23068.65,C2663938,52133.92,29065.27,C5446912,33681.38,56750.03,0
5,PAYMENT,9878.91,C1514340,105032.9,95153.99,M1893502,178569.18,188448.09,0
5,TRANSFER,5011.25,C9153566,36789.84,31778.59,C2173965,225322.99,230334.24,0
5,CASH_IN,32974.52,C6719285,89529.72,56555.2,C1059486,182246.72,215221.24,0
5,CASH_OUT,47933.36,C6573147,79254.84,31321.48,C1533224,392830.06,440763.42,0
5,DEBIT,13841.22,C2194198,81799.24,67958.02,C2677407,165781.48,179622.7,0
5,DEBIT,23147.79,C5743227,71844.93,48697.14,C1170307,54416.32,77564.11,0
5,CASH_IN,4107.86,C7654757,93237.56,89129.7,C3646552,98215.96,102323.82,0
5,PAYMENT,36373.99,C9996414,99536.64,63162.65,M6346644,406321.2,442695.19,0
5,CASH_IN,20262.67,C4340845,75422.07,55159.4,C7730428,271734.66,291997.33,0
5,CASH_IN,23610.48,C9479356,62860.31,39249.83,C6160869,445718.77,469329.25,0
5,CASH_IN,36664.01,C8713146,83134.12,46470.11,C8688755,255206.0,291870.01,0
5,DEBIT,18199.64,C1109031,102997.82,84798.18,C4879923,403270.03,421469.67,0
5,CASH_IN,34211.24,C4184459,78833.28,44622.04,C8351517,89572.59,123783.83,0
5,CASH_IN,32974.07,C5727085,126891.6,93917.53,C5951651,20209.91,53183.98,0
5,DEBIT,11595.18,C7360682,34997.05,23401.87,C5567533,334292.8,345887.98,0
5,CASH_IN,45387.23,C4318855,92354.65,46967.42,C2477398,227321.72,272708.95,0
5,PAYMENT,2004.84,C9123504,72378.47,70373.63,M8713396,260686.45,262691.29,0
5,CASH_OUT,41745.26,C6483562,96180.27,54435.01,C3403361,86924.91,128670.17,0
5,CASH_OUT,29388.06,C8574680,54546.7,25158.64,C1848566,486337.05,515725.11,0
5,TRANSFER,25823.43,C5024269,74509.59,48686.16,C7982241,241055.04,266878.47,0
5,CASH_IN,339.82,C7199635,16900.4,16560.58,C4938791,38544.11,38883.93,0
5,CASH_OUT,10583.74,C6262632,46806.03,36222.29,C3500715,358651.35,369235.09,0
5,PAYMENT,33058.87,C5482413,105084.44,72025.57,M2421349,240758.32,273817.19,0
5,DEBIT,23956.27,C7117837,26200.87,2244.6,C4197911,21572.17,45528.44,0
5,CASH_IN,29621.46,C2677407,33540.55,3919.09,C2015861,286134.65,315756.11,0
5,PAYMENT,8325.4,C6891254,104149.23,95823.83,M1642620,299678.76,308004.16,0
5,CASH_IN,31884.76,C3030966,53544.1,21659.34,C2188789,303262.95,335147.71,0
5,DEBIT,43366.45,C3670896,126402.81,83036.36,C3475836,300419.36,343785.81,0
5,CASH_IN,41024.45,C6555772,67476.52,26452.07,C2666893,362093.4,403117.85,0
5,CASH_OUT,46118.37,C2321324,83939.51,37821.14,C8963715,66106.6,112224.97,1
5,CASH_IN,42980.99,C8031780,125632.41,82651.42,C7328534,302755.51,345736.5,0
5,TRANSFER,23798.7,C6279418,74131.62,50332.92,C9826250,58758.2,82556.9,0
5,DEBIT,32973.04,C2020480,122669.94,89696.9,C5614226,387435.21,420408.25,0
5,DEBIT,26106.99,C9284509,95871.27,69764.28,C5408072,214478.13,240585.12,0
5,DEBIT,39479.88,C8885465,98384.69,58904.81,C4486102,370697.02,410176.9,0
5,CASH_IN,4894.87,C8688755,52608.99,47714.12,C3768991,116256.45,121151.32,0
5,PAYMENT,14170.5,C6404139,39951.0,25780.5,M5780297,2734.73,16905.23,0
5,PAYMENT,28903.58,C1959074,29622.99,719.41,M8926478,327273.06,356176.64,0
5,CASH_OUT,20448.17,C3790237,63055.33,42607.16,C3710895,292685.09,313133.26,0
5,CASH_OUT,42750.3,C1732280,79314.71,36564.41,C6932391,137780.27,180530.57,0
5,TRANSFER,20667.28,C7279729,38539.24,17871.96,C5311242,279546.91,300214.19,0
5,DEBIT,12696.34,C2436347,47131.97,34435.63,C1102438,352747.3,365443.64,0
5,TRANSFER,42751.4,C8999183,87410.89,44659.49,C8963715,349655.72,392407.12,1
5,TRANSFER,25422.09,C9014965,86824.63,61402.54,C4607488,342282.22,367704.31,0
5,PAYMENT,8045.29,C1499914,90370.84,82325.55,M6941939,235834.33,243879.62,0
5,CASH_IN,21774.52,C6438436,43951.54,22177.02,C8628588,40019.87,61794.39,0
5,PAYMENT,36227.49,C3657144,64874.41,28646.92,M8926478,481764.91,517992.4,0
5,PAYMENT,47286.34,C6120253,91183.54,43897.2,M4955699,100853.62,148139.96,0
5,CASH_IN,14307.47,C5528972,65888.83,51581.36,C7084862,115835.49,130142.96,0
5,TRANSFER,33704.48,C2194198,99206.39,65501.91,C4879923,487822.95,521527.43,0
5,PAYMENT,49840.89,C1484348,116807.09,66966.2,M7083379,202725.48,252566.37,0
5,TRANSFER,25891.96,C2321324,80851.23,54959.27,C8935169,363069.35,388961.31,0
5,CASH_IN,45751.3,C5988757,142080.07,96328.77,C8427625,138253.92,184005.22,0
5,CASH_IN,48153.23,C8736811,105643.9,57490.67,C8741810,130553.75,178706.98,0
5,DEBIT,25316.84,C2126310,75633.76,50316.92,C3770370,169982.95,195299.79,0
5,PAYMENT,40149.08,C1454696,121463.81,81314.73,M3508522,287446.94,327596.02,0
5,DEBIT,48303.11,C6530541,125299.83,76996.72,C5951651,378736.64,427039.75,0
5,DEBIT,34082.92,C3728882,45709.75,11626.83,C3760597,33777.13,67860.05,0
5,TRANSFER,33848.88,C8963715,75091.48,41242.6,C6767292,176548.13,210397.01,0
5,CASH_IN,496.06,C6483562,29225.02,28728.96,C6009888,199465.32,199961.38,0
5,CASH_OUT,3810.68,C5674183,35197.96,31387.28,C3204724,109283.07,113093.75,0
5,CASH_IN,13461.1,C1744682,87172.32,73711.22,C1760793,117430.69,130891.79,0
5,TRANSFER,43638.4,C4585314,63915.06,20276.66,C3670226,124847.72,168486.12,0
5,TRANSFER,38949.13,C9910817,106530.34,67581.21,C3030113,331712.04,370661.17,0
5,CASH_IN,341.12,C2811298,85142.18,84801.06,C3342608,185598.27,185939.39,0
5,CASH_OUT,24622.1,C5487028,73702.64,49080.54,C4656838,492197.34,516819.44,0
5,CASH_IN,14020.53,C3950888,26845.13,12824.6,C6701311,262867.72,276888.25,0
5,DEBIT,23921.22,C8151684,74168.74,50247.52,C8755439,196858.46,220779.68,0
5,TRANSFER,22865.23,C3641282,68872.29,46007.06,C3112652,344605.27,367470.5,0
5,PAYMENT,33708.41,C8312936,43783.19,10074.78,M1026245,180801.16,214509.57,0
5,CASH_OUT,9365.75,C8628588,36306.57,26940.82,C6363836,479263.41,488629.16,0
5,CASH_OUT,18302.55,C1760793,39355.8,21053.25,C6338112,350356.31,368658.86,0
5,CASH_OUT,18260.25,C3657144,63333.15,45072.9,C6233774,285704.86,303965.11,0
5,CASH_IN,34303.74,C8526486,114712.5,80408.76,C1675419,277670.02,311973.76,0
6,DEBIT,9811.2,C5213115,90378.04,80566.84,C3294774,88303.64,98114.84,0
6,DEBIT,6732.24,C1848566,78788.27,72056.03,C7074006,392666.47,399398.71,0
6,CASH_OUT,12556.19,C2738129,52396.38,39840.19,C1790481,345271.59,357827.78,0
6,PAYMENT,10781.21,C7783308,94678.38,83897.17,M2538698,48150.94,58932.15,0
6,CASH_OUT,12995.86,C4916201,68745.01,55749.15,C2564141,405007.94,418003.8,0
6,CASH_OUT,1001.57,C9519948,87738.43,86736.86,C5440025,481558.28,482559.85,0
6,TRANSFER,28846.92,C8684678,126784.23,97937.31,C6866294,142304.37,171151.29,0
6,CASH_OUT,33662.91,C7136687,122626.15,88963.24,C7014016,190535.5,224198.41,0
6,CASH_OUT,23192.97,C2795765,87251.04,64058.07,C1415846,464283.33,487476.3,0
6,DEBIT,31567.36,C7166651,116457.44,84890.08,C2970754,35672.04,67239.4,0
6,TRANSFER,17187.84,C6137284,82489.15,65301.31,C6549757,355216.74,372404.58,0
6,CASH_IN,32235.77,C4344717,110333.17,78097.4,C1771600,469384.92,501620.69,0
6,CASH_IN,26051.58,C4020853,42783.39,16731.81,C6702160,427105.92,453157.5,0
6,TRANSFER,36391.34,C8312114,57448.49,21057.15,C2074176,198522.79,234914.13,0
6,PAYMENT,3198.98,C2630140,8581.52,5382.54,M4986941,385466.85,388665.83,0
6,CASH_IN,38252.17,C1987737,64497.4,26245.23,C8434500,77637.18,115889.35,0
6,DEBIT,15475.44,C1098919,59791.48,44316.04,C1689025,63205.85,78681.29,0
6,CASH_IN,41927.5,C6960453,108282.41,66354.91,C1938483,430184.41,472111.91,0
6,CASH_OUT,43213.41,C1368085,136699.17,93485.76,C8151684,274272.64,317486.05,1
6,CASH_IN,8860.06,C1157662,52357.8,43497.74,C7892225,319893.25,328753.31,0
6,CASH_IN,15489.97,C8427625,69456.78,53966.81,C5572250,402353.88,417843.85,0
6,DEBIT,15400.33,C2171218,30972.08,15571.75,C4048907,5277.91,20678.24,0
6,CASH_IN,40770.84,C5449324,69447.06,28676.22,C5163953,267549.44,308320.28,0
6,DEBIT,47348.41,C5951131,48261.67,913.26,C6643798,215217.66,262566.07,0
6,CASH_OUT,29854.22,C9478454,67218.61,37364.39,C8612081,205867.93,235722.15,0
6,CASH_IN,21860.95,C4700025,93354.75,71493.8,C5186414,322995.4,344856.35,0
6,DEBIT,11037.42,C4769795,73569.72,62532.3,C7425184,258305.03,269342.45,0
6,CASH_IN,40380.67,C1341919,105226.37,64845.7,C9937982,265972.13,306352.8,0
6,CASH_OUT,20651.06,C2321324,34313.46,13662.4,C1463060,55178.18,75829.24,0
6,DEBIT,30890.29,C3556551,49669.23,18778.94,C7392547,9697.7,40587.99,0
6,PAYMENT,48486.11,C2166941,145719.37,97233.26,M3564729,141057.27,189543.38,0
6,TRANSFER,35762.65,C4335942,44782.35,9019.7,C9130188,7362.42,43125.07,0
6,TRANSFER,17102.22,C5936453,116898.56,99796.34,C3345069,231842.23,248944.45,0
6,PAYMENT,16519.13,C5727085,43169.49,26650.36,M1128967,196210.89,212730.02,0
6,CASH_IN,23512.64,C4305700,105237.71,81725.07,C9191131,414126.02,437638.66,0
6,PAYMENT,48730.18,C7542890,125852.71,77122.53,M3198638,221480.47,270210.65,0
6,PAYMENT,9967.0,C7897151,76567.79,66600.79,M8926478,104223.57,114190.57,0
6,DEBIT,34075.3,C4717770,49936.44,15861.14,C4213524,364118.54,398193.84,0
6,CASH_IN,26051.1,C7523941,89903.1,63852.0,C9418719,99361.82,125412.92,0
6,PAYMENT,43184.25,C9294272,66780.83,23596.58,M8007741,217080.83,260265.08,0
6,PAYMENT,8376.34,C7189034,20341.3,11964.96,M5035998,394571.89,402948.23,0
6,PAYMENT,48442.06,C2539438,117282.71,68840.65,M2538698,77495.97,125938.03,0
6,PAYMENT,12443.63,C6106390,81038.09,68594.46,M6941939,169211.05,181654.68,0
6,PAYMENT,2998.16,C5394880,82144.78,79146.62,M4618086,62913.73,65911.89,0
6,TRANSFER,15843.81,C8956894,96396.35,80552.54,C8427625,219359.45,235203.26,0
6,TRANSFER,1077.43,C9706768,73517.35,72439.92,C5833597,125348.12,126425.55,0
6,PAYMENT,24270.25,C6312692,53741.71,29471.46,M8669093,348518.89,372789.14,0
6,TRANSFER,28339.42,C6404139,60707.51,32368.09,C5988757,234197.36,262536.78,0
6,CASH_IN,45724.56,C7979148,52612.22,6887.66,C1701771,77512.74,123237.3,0
6,CASH_OUT,40972.73,C9225346,86380.63,45407.9,C8367772,387958.95,428931.68,0
6,TRANSFER,44147.79,C3386328,76217.2,32069.41,C4879923,31670.88,75818.67,0
6,DEBIT,9501.57,C7850067,24914.72,15413.15,C8575834,141564.54,151066.11,0
6,DEBIT,32048.79,C7358113,84368.84,52320.05,C7754864,33339.92,65388.71,0
6,TRANSFER,8940.15,C5107245,19645.67,10705.52,C7812810,95808.32,104748.47,0
6,PAYMENT,28554.9,C6276722,81137.04,52582.14,M7651393,350657.01,379211.91,0
6,CASH_OUT,2463.79,C8132769,3772.4,1308.61,C3109911,460517.6,462981.39,0
6,DEBIT,46420.9,C2074176,126522.89,80101.99,C5605016,30350.09,76770.99,0
6,CASH_IN,37176.44,C5745250,116601.4,79424.96,C7752972,29150.01,66326.45,0
6,CASH_IN,13298.12,C8698256,96743.77,83445.65,C9937326,38967.69,52265.81,0
6,TRANSFER,48029.73,C6692553,120546.92,72517.19,C4078418,265830.53,313860.26,1
6,CASH_IN,32847.26,C4762204,88689.61,55842.35,C2164686,279070.8,311918.06,0
6,PAYMENT,38316.51,C6183902,105765.77,67449.26,M4593556,351275.21,389591.72,0
6,DEBIT,44142.37,C3970445,99138.92,54996.55,C9546409,252346.39,296488.76,0
6,TRANSFER,26699.68,C8443690,116948.18,90248.5,C3634980,275040.67,301740.35,0
6,CASH_OUT,42244.25,C2171218,124859.75,82615.5,C9823994,161725.46,203969.71,1
6,CASH_IN,10704.27,C2919549,46705.12,36000.85,C7783308,226201.74,236906.01,0
6,DEBIT,19.78,C6440561,59596.06,59576.28,C6825112,258804.68,258824.46,0
6,CASH_OUT,338.38,C3950888,85910.42,85572.04,C5107776,10850.69,11189.07,0
6,CASH_OUT,45956.41,C7162857,103023.23,57066.82,C6243275,285805.92,331762.33,1
6,DEBIT,17789.23,C5098412,54497.52,36708.29,C5668371,291077.85,308867.08,0
6,TRANSFER,12819.63,C9293086,69868.35,57048.72,C2626229,284532.47,297352.1,0
6,TRANSFER,36715.96,C5638893,54006.21,17290.25,C5311242,412852.62,449568.58,0
6,CASH_IN,40977.57,C2651177,44714.73,3737.16,C9293086,404170.59,445148.16,0
6,DEBIT,3933.09,C8294150,38726.11,34793.02,C1205779,408570.85,412503.94,0
6,DEBIT,46513.0,C3641282,121280.87,74767.87,C6323376,424739.08,471252.08,0
6,PAYMENT,31698.02,C6591986,62176.36,30478.34,M1919088,20591.13,52289.15,0
6,CASH_IN,28250.0,C5970190,98026.87,69776.87,C3276065,76598.74,104848.74,0
6,DEBIT,48552.3,C4026879,57560.6,9008.3,C3592464,215967.84,264520.14,0
6,DEBIT,7409.14,C8389840,54994.61,47585.47,C2191066,372657.52,380066.66,0
6,CASH_IN,19965.57,C6543670,70147.88,50182.31,C9132114,386912.57,406878.14,0
6,TRANSFER,38104.03,C9906224,57914.88,19810.85,C2530497,197659.4,235763.43,0
6,CASH_IN,9813.0,C5205279,34044.51,24231.51,C7381734,133128.55,142941.55,0
6,DEBIT,16177.35,C5584716,27430.34,11252.99,C5076817,206791.03,222968.38,0
6,CASH_OUT,17421.91,C4231028,76809.62,59387.71,C2987287,12103.42,29525.33,0
6,CASH_OUT,8471.07,C2664863,70789.29,62318.22,C2651601,220231.71,228702.78,0
6,TRANSFER,9992.26,C1433940,85765.64,75773.38,C1162230,426382.07,436374.33,0
6,PAYMENT,36981.69,C8816912,123856.93,86875.24,M6205543,410066.98,447048.67,0
6,PAYMENT,17170.14,C1036161,62176.3,45006.16,M6531293,11374.06,28544.2,0
6,TRANSFER,37003.25,C6207974,91645.67,54642.42,C4526280,375177.57,412180.82,0
6,CASH_IN,24156.49,C9874152,61817.16,37660.67,C8707870,453020.14,477176.63,0
6,CASH_IN,2183.67,C5476257,30585.02,28401.35,C6007072,394594.25,396777.92,0
6,CASH_IN,13571.36,C7398231,20231.14,6659.78,C8038374,330186.41,343757.77,0
6,CASH_OUT,43215.47,C3094235,129956.51,86741.04,C9753457,324705.57,367921.04,1
6,DEBIT,25431.93,C9997381,73898.15,48466.22,C6767292,298553.2,323985.13,0
6,PAYMENT,9329.01,C2948178,65397.76,56068.75,M3091745,356234.6,365563.61,0
6,PAYMENT,12377.13,C5452128,45734.09,33356.96,M6531293,196699.91,209077.04,0
6,TRANSFER,928.43,C2362099,63451.53,62523.1,C7853787,118102.38,119030.81,0
6,CASH_IN,13801.16,C3564217,101668.89,87867.73,C1454696,445201.04,459002.2,0
6,PAYMENT,47207.39,C7296605,62378.21,15170.82,M8746753,448587.66,495795.05,0
6,TRANSFER,4398.87,C7850944,100459.44,96060.57,C4909069,306224.2,310623.07,0
7,TRANSFER,20872.49,C4794319,63518.99,42646.5,C1059486,156191.38,177063.87,0
7,CASH_IN,16470.94,C8441741,37146.67,20675.73,C6033115,69288.26,85759.2,0
7,CASH_IN,34205.59,C1006810,65105.43,30899.84,C2154126,352568.19,386773.78,0
7,CASH_IN,45479.04,C2672884,111102.22,65623.18,C3607983,282422.14,327901.18,0
7,TRANSFER,15881.64,C7279729,110741.8,94860.16,C8990081,59193.65,75075.29,0
7,CASH_OUT,41977.73,C5569244,118521.23,76543.5,C5479144,440065.95,482043.68,0
7,DEBIT,15174.37,C8945036,93085.16,77910.79,C1739653,53385.72,68560.09,0
7,TRANSFER,1319.65,C8890439,62555.85,61236.2,C6899644,298180.35,299500.0,0
7,TRANSFER,34372.02,C8617381,103186.15,68814.13,C4769795,238301.11,272673.13,0
7,CASH_IN,42308.45,C1822825,60706.1,18397.65,C1433940,193730.14,236038.59,0
7,DEBIT,6884.26,C8235969,10107.22,3222.96,C9910914,382269.43,389153.69,0
7,PAYMENT,46272.5,C5634662,120509.17,74236.67,M2244712,494121.71,540394.21,0
7,TRANSFER,3316.15,C2147909,72102.42,68786.27,C3073474,433387.45,436703.6,0
7,TRANSFER,21383.51,C5443951,93403.6,72020.09,C2530793,197075.35,218458.86,0
7,CASH_IN,29694.35,C2844258,81759.26,52064.91,C4539704,225804.8,255499.15,0
7,PAYMENT,43890.22,C1327691,97677.13,53786.91,M5813037,491915.32,535805.54,0
7,PAYMENT,27889.47,C1358318,46874.5,18985.03,M4699685,219776.94,247666.41,0
7,CASH_OUT,38686.11,C7217147,55334.77,16648.66,C5195951,147209.86,185895.97,0
7,PAYMENT,34500.75,C6022741,117490.1,82989.35,M3689594,225849.04,260349.79,0
7,CASH_IN,5667.45,C7208460,19198.12,13530.67,C7390515,206779.65,212447.1,0
7,DEBIT,1255.36,C3401116,89510.2,88254.84,C7812810,45089.83,46345.19,0
7,CASH_OUT,34588.95,C2724590,43708.07,9119.12,C4946066,353113.35,387702.3,0
7,CASH_OUT,4274.47,C3698193,65481.72,61207.25,C7162857,79949.83,84224.3,0
7,CASH_IN,19036.54,C3670896,75585.7,56549.16,C8875173,329765.17,348801.71,0
7,TRANSFER,8114.58,C2795765,85030.26,76915.68,C2164686,25655.25,33769.83,0
7,CASH_OUT,15482.82,C1941524,78128.1,62645.28,C9224219,58776.99,74259.81,0
7,TRANSFER,48022.09,C2458591,49242.87,1220.78,C7523941,248813.8,296835.89,0
7,PAYMENT,30403.12,C4922880,52090.5,21687.38,M2287332,329735.31,360138.43,0
7,DEBIT,20513.47,C4769795,44984.79,24471.32,C4903402,273670.8,294184.27,0
7,CASH_IN,31435.48,C8938746,49919.48,18484.0,C3684052,27531.97,58967.45,0
7,CASH_OUT,1845.69,C8755439,85647.13,83801.44,C1102438,149220.77,151066.46,0
7,PAYMENT,2461.08,C9214801,18594.6,16133.52,M3456926,142190.27,144651.35,0
7,CASH_IN,28618.41,C3182975,125247.74,96629.33,C7685149,374667.4,403285.81,0
7,CASH_OUT,46574.68,C6944126,78856.87,32282.19,C7358385,448764.89,495339.57,0
7,DEBIT,42167.05,C9197443,89248.73,47081.68,C9753457,61011.62,103178.67,0
7,CASH_OUT,16467.13,C6702160,37451.67,20984.54,C3927575,104525.49,120992.62,0
7,PAYMENT,5474.02,C3923366,53840.32,48366.3,M4860617,344327.14,349801.16,0
7,CASH_OUT,21358.41,C6549757,73897.53,52539.12,C8746014,497512.17,518870.58,0
7,CASH_OUT,46356.0,C2006313,98326.58,51970.58,C8789116,315928.8,362284.8,0
7,TRANSFER,44184.35,C9130188,142110.12,97925.77,C7076506,790.46,44974.81,1
7,PAYMENT,36876.04,C9576076,78280.15,41404.11,M9959220,166896.13,203772.17,0
7,CASH_IN,40304.12,C4768844,104365.95,64061.83,C8090293,345008.53,385312.65,0
7,CASH_OUT,39511.87,C7818732,90180.83,50668.96,C1481506,161961.92,201473.79,0
7,PAYMENT,5700.7,C9235577,45305.63,39604.93,M9831414,284460.77,290161.47,0
7,PAYMENT,41603.82,C6539837,124986.35,83382.53,M2421349,461139.88,502743.7,0
7,DEBIT,45808.99,C4842788,93958.54,48149.55,C9487336,313600.24,359409.23,0
7,CASH_IN,44797.47,C4342306,137576.47,92779.0,C6702160,28011.14,72808.61,0
7,CASH_IN,14974.19,C6767292,68562.74,53588.55,C6243691,104131.24,119105.43,0
7,CASH_OUT,39978.77,C2259379,136940.1,96961.33,C7089806,140230.01,180208.78,0
7,PAYMENT,16964.23,C1348050,101204.81,84240.58,M5293691,285490.82,302455.05,0
7,DEBIT,9377.07,C2022698,79903.69,70526.62,C9196976,157249.7,166626.77,0
7,PAYMENT,13582.16,C4993055,101287.03,87704.87,M7478792,185791.79,199373.95,0
7,CASH_OUT,10814.83,C4558780,22037.96,11223.13,C6120253,392471.99,403286.82,0
7,TRANSFER,45668.56,C3791137,48162.04,2493.48,C9209880,241331.6,287000.16,0
7,TRANSFER,17012.39,C5951651,48048.26,31035.87,C3180906,163668.98,180681.37,0
7,PAYMENT,41108.7,C1358318,61627.41,20518.71,M8326807,18276.27,59384.97,0
7,DEBIT,35686.73,C1047572,36097.72,410.99,C4652414,466168.67,501855.4,0
7,CASH_IN,43595.04,C9235577,132513.63,88918.59,C1368085,51551.41,95146.45,0
7,CASH_OUT,1133.79,C4717770,33221.83,32088.04,C9647849,96272.82,97406.61,0
7,CASH_OUT,26618.47,C2516313,53883.89,27265.42,C6261415,78748.01,105366.48,0
7,PAYMENT,772.68,C2432176,11010.21,10237.53,M3308538,271264.36,272037.04,0
7,CASH_IN,15931.06,C9874152,73339.35,57408.29,C3030966,85637.49,101568.55,0
7,CASH_OUT,30667.01,C9014965,75031.77,44364.76,C8151684,65037.0,95704.01,0
7,DEBIT,45165.59,C7455324,83525.55,38359.96,C2564689,43059.79,88225.38,0
7,DEBIT,8957.36,C1941524,40201.43,31244.07,C8558197,408720.99,417678.35,0
7,CASH_IN,3936.49,C7022335,17116.02,13179.53,C2738129,406425.51,410362.0,0
7,DEBIT,4872.18,C8519121,51926.77,47054.59,C7022335,473724.14,478596.32,0
7,TRANSFER,43056.2,C2408404,82263.89,39207.69,C5456573,349807.31,392863.51,0
7,CASH_OUT,22669.62,C2197935,70203.06,47533.44,C1326765,175720.41,198390.03,0
7,DEBIT,42289.86,C2709620,102733.88,60444.02,C8194570,63697.0,105986.86,0
7,PAYMENT,20290.24,C7818496,75905.23,55614.99,M6204824,35461.99,55752.23,0
7,CASH_OUT,26641.95,C3657144,50499.48,23857.53,C7961578,121845.53,148487.48,0
7,TRANSFER,48694.85,C3698193,82766.27,34071.42,C7089806,406957.85,455652.7,0
7,DEBIT,28364.89,C3545556,97778.21,69413.32,C2101965,86542.73,114907.62,0
7,PAYMENT,36970.96,C1440466,48403.25,11432.29,M1893502,298037.75,335008.71,0
7,CASH_OUT,27758.83,C1771600,58562.4,30803.57,C4740036,202896.85,230655.68,0
7,CASH_IN,5446.14,C4044882,54875.65,49429.51,C4816534,330082.38,335528.52,0
7,PAYMENT,10888.41,C7199635,101214.01,90325.6,M1026245,318066.41,328954.82,0
7,PAYMENT,37856.32,C9196204,90981.9,53125.58,M7227905,194991.33,232847.65,0
7,CASH_IN,22363.52,C8411939,52337.05,29973.53,C6549757,397173.33,419536.85,0
7,CASH_OUT,45925.9,C6680114,144954.83,99028.93,C2987287,291363.49,337289.39,0
7,CASH_IN,20215.83,C6307805,26456.89,6241.06,C8799287,450537.85,470753.68,0
7,PAYMENT,52.16,C2432176,11021.99,10969.83,M4593556,141104.62,141156.78,0
7,PAYMENT,11769.71,C7069650,82947.08,71177.37,M6592886,203016.33,214786.04,0
7,DEBIT,27260.49,C4348276,41167.38,13906.89,C8395785,277710.79,304971.28,0
7,CASH_OUT,41999.73,C5394880,141745.33,99745.6,C8047416,335033.04,377032.77,1
7,PAYMENT,32422.98,C5437001,98215.65,65792.67,M1893502,487487.51,519910.49,0
7,TRANSFER,4242.33,C5745250,93600.58,89358.25,C8710313,347695.26,351937.59,0
7,DEBIT,31166.19,C4895475,73578.66,42412.47,C8460758,410035.71,441201.9,0
7,DEBIT,17771.81,C8290770,78229.14,60457.33,C8935224,288969.25,306741.06,0
7,TRANSFER,35609.38,C2151225,128265.83,92656.45,C4197911,288176.18,323785.56,0
7,PAYMENT,48911.89,C9512969,119400.14,70488.25,M1447451,56582.18,105494.07,0
7,DEBIT,48087.27,C2074176,121105.82,73018.55,C1131249,263204.03,311291.3,0
7,CASH_OUT,23252.17,C3030113,112243.72,88991.55,C3427461,44223.18,67475.35,0
7,DEBIT,31536.84,C8574680,111346.66,79809.82,C2020480,156249.86,187786.7,0
7,PAYMENT,45180.23,C2829622,92067.11,46886.88,M1834876,256331.56,301511.79,0
7,DEBIT,28702.53,C1763626,63993.98,35291.45,C4165061,488880.26,517582.79,0
7,CASH_OUT,14467.53,C4842788,87164.7,72697.17,C6709938,281853.14,296320.67,0
7,PAYMENT,31468.71,C4043480,88754.71,57286.0,M6861544,328159.94,359628.65,0
7,CASH_OUT,40446.7,C7120868,88922.72,48476.02,C9488613,63410.67,103857.37,1
8,CASH_OUT,12610.03,C4327421,98395.87,85785.84,C8801975,7101.51,19711.54,0
8,PAYMENT,30195.04,C8106422,67171.72,36976.68,M5194357,87699.68,117894.72,0
8,TRANSFER,24251.08,C4991829,58535.88,34284.8,C7366205,42200.73,66451.81,0
8,TRANSFER,29781.25,C5394880,105057.38,75276.13,C2060605,206473.94,236255.19,0
8,DEBIT,11904.99,C5821419,32990.66,21085.67,C7917152,367180.56,379085.55,0
8,CASH_OUT,2725.75,C7360682,7978.07,5252.32,C4652414,232007.46,234733.21,0
8,DEBIT,15075.34,C2066326,53055.42,37980.08,C5606980,352803.9,367879.24,0
8,DEBIT,13138.63,C3126655,14324.93,1186.3,C6680114,463611.26,476749.89,0
8,DEBIT,19106.38,C6767292,87394.01,68287.63,C1879109,20508.81,39615.19,0
8,CASH_IN,31874.83,C3418526,65371.57,33496.74,C5002120,133543.91,165418.74,0
8,PAYMENT,12774.64,C6719285,58885.5,46110.86,M3722056,337645.56,350420.2,0
8,TRANSFER,36718.33,C3090865,70458.99,33740.66,C4475523,345139.16,381857.49,0
8,TRANSFER,15670.36,C1109031,98839.31,83168.95,C8038374,5980.71,21651.07,0
8,PAYMENT,26267.96,C1941524,48209.59,21941.63,M1305857,141648.51,167916.47,0
8,TRANSFER,1711.75,C2626229,95562.3,93850.55,C8612220,328302.76,330014.51,0
8,TRANSFER,47524.94,C2344047,56163.58,8638.64,C9910817,302342.89,349867.83,0
8,CASH_IN,40161.97,C1641849,109727.33,69565.36,C1036161,126667.87,166829.84,0
8,DEBIT,33027.29,C7693979,125296.83,92269.54,C9349470,138191.78,171219.07,0
8,DEBIT,34614.15,C4630331,50810.75,16196.6,C1454696,36998.53,71612.68,0
8,PAYMENT,19146.12,C3118618,44969.98,25823.86,M6056977,406400.43,425546.55,0
8,TRANSFER,22034.34,C7392547,83064.53,61030.19,C7361002,89221.09,111255.43,0
8,DEBIT,5430.44,C8151684,27269.09,21838.65,C1257489,321669.08,327099.52,0
8,DEBIT,35772.86,C2264748,43064.81,7291.95,C1938483,285672.28,321445.14,0
8,CASH_OUT,38864.09,C9996414,53749.52,14885.43,C2957497,320167.63,359031.72,0
8,PAYMENT,33233.65,C2374158,103239.17,70005.52,M4717362,452308.77,485542.42,0
8,CASH_IN,195.15,C8630043,43800.92,43605.77,C7970985,422024.58,422219.73,0
8,PAYMENT,27011.03,C2719583,122426.56,95415.53,M6649968,408988.33,435999.36,0
8,DEBIT,6068.97,C8583392,39412.94,33343.97,C8617381,151414.04,157483.01,0
8,PAYMENT,31617.3,C7829332,85079.93,53462.63,M4800761,480462.76,512080.06,0
8,PAYMENT,42060.67,C8273315,59722.5,17661.83,M3532644,19665.59,61726.26,0
8,DEBIT,33040.1,C7358385,122686.17,89646.07,C2944841,315308.53,348348.63,0
8,CASH_OUT,24330.31,C6312692,38324.61,13994.3,C5273534,96546.36,120876.67,0
8,CASH_IN,11931.87,C5234550,91205.79,79273.92,C9897858,321703.82,333635.69,0
8,DEBIT,26701.66,C9911492,30405.93,3704.27,C7022674,28027.23,54728.89,0
8,PAYMENT,20281.34,C6207974,66118.38,45837.04,M3328554,339038.91,359320.25,0
8,CASH_IN,7456.19,C7724045,99937.77,92481.58,C5013879,18438.83,25895.02,0
8,TRANSFER,24449.85,C3094235,115167.74,90717.89,C4674286,309186.04,333635.89,0
8,TRANSFER,35067.83,C7640184,52292.73,17224.9,C2714803,24979.0,60046.83,0
8,CASH_OUT,41038.75,C2833230,102161.34,61122.59,C5283671,417676.08,458714.83,1
8,PAYMENT,5717.84,C2788238,86163.19,80445.35,M3302417,213105.73,218823.57,0
8,DEBIT,16218.5,C5584716,29951.44,13732.94,C5614002,418213.55,434432.05,0
8,TRANSFER,38213.75,C4348276,44535.94,6322.19,C9031491,136946.68,175160.43,0
8,DEBIT,8410.86,C9396529,24911.47,16500.61,C8608449,121822.3,130233.16,0
8,CASH_IN,2044.54,C8526486,79810.7,77766.16,C1674975,7815.16,9859.7,0
8,DEBIT,4045.32,C9478454,96659.02,92613.7,C5682940,353370.62,357415.94,0
8,CASH_IN,44346.89,C6008935,113582.72,69235.83,C7121355,103080.11,147427.0,0
8,CASH_OUT,26159.11,C3290229,119968.07,93808.96,C4879923,305268.99,331428.1,0
8,PAYMENT,29817.64,C6106390,92536.81,62719.17,M9393009,391291.52,421109.16,0
8,CASH_OUT,20945.11,C3560856,40135.4,19190.29,C4934149,493301.76,514246.87,0
8,PAYMENT,30949.86,C9035982,52877.47,21927.61,M6346644,385165.64,416115.5,0
8,TRANSFER,13828.56,C2173965,93489.86,79661.3,C8633773,342621.88,356450.44,0
8,DEBIT,24880.77,C3138181,30283.53,5402.76,C5408072,182096.53,206977.3,0
8,TRANSFER,21739.24,C1205779,26070.99,4331.75,C9349470,370208.44,391947.68,0
8,CASH_IN,8802.62,C4514944,60292.99,51490.37,C8857296,35429.75,44232.37,0
8,TRANSFER,36072.94,C2167449,77979.57,41906.63,C2686548,373543.38,409616.32,0
8,CASH_OUT,11510.86,C3762152,34289.07,22778.21,C2686548,118559.18,130070.04,0
8,DEBIT,43495.62,C5521644,50848.59,7352.97,C2788238,292546.13,336041.75,0
8,PAYMENT,44525.54,C2795765,137314.25,92788.71,M1942411,227495.44,272020.98,0
8,DEBIT,18680.52,C5825658,81882.63,63202.11,C6539837,487777.95,506458.47,0
8,TRANSFER,16801.21,C3741438,22766.38,5965.17,C4569164,68250.75,85051.96,0
8,DEBIT,22934.36,C2813543,44919.72,21985.36,C2429098,147580.76,170515.12,0
8,TRANSFER,39479.45,C5476257,136493.03,97013.58,C1102438,427502.01,466981.46,0
8,PAYMENT,20590.69,C3475548,106810.6,86219.91,M7651393,108221.3,128811.99,0
8,DEBIT,41851.08,C1430812,114852.86,73001.78,C2714803,368089.43,409940.51,0
8,TRANSFER,12399.09,C5446344,34639.75,22240.66,C7724045,463739.84,476138.93,0
8,TRANSFER,45688.6,C1499914,143707.0,98018.4,C8491822,20029.34,65717.94,0
8,CASH_IN,1690.69,C8062546,49617.62,47926.93,C7069650,399008.76,400699.45,0
8,PAYMENT,22627.54,C4589533,78476.24,55848.7,M7378822,6211.5,28839.04,0
8,DEBIT,47497.2,C6304573,77076.24,29579.04,C5743227,323820.1,371317.3,0
8,PAYMENT,806.35,C5635017,71136.8,70330.45,M2913049,428961.06,429767.41,0
8,CASH_IN,1230.43,C8736811,78413.93,77183.5,C9106886,437099.52,438329.95,0
8,DEBIT,9255.44,C9284509,79645.65,70390.21,C2789344,681.82,9937.26,0
8,PAYMENT,19250.11,C3118618,22521.53,3271.42,M2329187,212951.13,232201.24,0
8,CASH_OUT,34905.77,C8441741,114353.65,79447.88,C4026879,393845.92,428751.69,0
8,PAYMENT,31026.56,C9031491,82500.21,51473.65,M1128967,455002.06,486028.62,0
8,CASH_OUT,44400.02,C1036161,80959.11,36559.09,C6386463,309566.73,353966.75,0
8,TRANSFER,32412.15,C5017343,103345.86,70933.71,C8245685,102356.3,134768.45,0
8,CASH_OUT,11939.25,C8096887,85677.26,73738.01,C7970985,376138.57,388077.82,0
8,TRANSFER,37661.14,C3237058,72932.31,35271.17,C4231028,133678.93,171340.07,0
8,DEBIT,13864.5,C9897858,48387.16,34522.66,C6407658,243113.45,256977.95,0
8,CASH_IN,41479.7,C5801541,109310.53,67830.83,C2906718,266427.73,307907.43,0
8,CASH_OUT,22604.4,C8863447,41439.76,18835.36,C2876828,441989.49,464593.89,0
8,PAYMENT,4017.72,C2164686,99843.37,95825.65,M7105194,38473.65,42491.37,0
8,TRANSFER,13804.38,C5428914,28854.19,15049.81,C8789116,102128.08,115932.46,0
8,PAYMENT,14665.54,C2811298,62056.03,47390.49,M8326807,210064.99,224730.53,0
8,PAYMENT,14582.92,C3710343,101762.29,87179.37,M8416270,116164.03,130746.95,0
8,CASH_IN,32237.15,C3290229,66516.4,34279.25,C3403361,323025.61,355262.76,0
8,CASH_OUT,24312.56,C1879109,68838.19,44525.63,C9481739,152041.17,176353.73,0
8,TRANSFER,44915.11,C4205394,123841.88,78926.77,C7417985,113390.97,158306.08,0
8,CASH_OUT,38489.79,C2525206,73801.88,35312.09,C5428914,227963.27,266453.06,0
8,TRANSFER,30935.33,C6171716,59459.99,28524.66,C8583392,486603.04,517538.37,0
8,TRANSFER,8071.12,C2022698,107448.42,99377.3,C3396987,287262.59,295333.71,0
8,DEBIT,13027.76,C5453786,69276.48,56248.72,C8801207,17344.54,30372.3,0
8,CASH_OUT,48901.35,C4415796,93744.26,44842.91,C6407658,487732.84,536634.19,0
8,PAYMENT,46022.49,C2970754,122874.31,76851.82,M2369112,473894.53,519917.02,0
8,CASH_OUT,7811.1,C6455706,40939.16,33128.06,C1548888,352725.68,360536.78,0
8,DEBIT,44799.91,C8199311,124757.53,79957.62,C6752576,364271.89,409071.8,0
8,DEBIT,16940.83,C8633773,106958.28,90017.45,C3946751,69711.65,86652.48,0
8,CASH_IN,5852.64,C4905582,67604.84,61752.2,C1229419,110182.4,116035.04,0
8,CASH_OUT,4633.13,C2871534,62976.27,58343.14,C3090865,111071.93,115705.06,0
9,CASH_OUT,9793.83,C4841005,94738.97,84945.14,C8684678,338531.69,348325.52,0
9,PAYMENT,48792.22,C7069650,97838.76,49046.54,M8783840,301585.94,350378.16,0
9,CASH_IN,47170.67,C4318855,61965.26,14794.59,C5832327,426902.03,474072.7,0
9,CASH_OUT,19311.77,C6708456,53803.79,34492.02,C6825112,154042.67,173354.44,0
9,DEBIT,43716.34,C9143903,116501.68,72785.34,C2221854,222110.18,265826.52,0
9,DEBIT,40186.24,C9224219,120753.52,80567.28,C2724590,485180.34,525366.58,0
9,DEBIT,36432.99,C9518424,119984.14,83551.15,C5781295,298967.85,335400.84,0
9,TRANSFER,10397.11,C8395785,109060.94,98663.83,C2844258,33057.89,43455.0,0
9,CASH_IN,37808.14,C3219824,78754.2,40946.06,C4903402,457205.25,495013.39,0
9,DEBIT,8752.9,C6068760,84277.27,75524.37,C9512969,68463.52,77216.42,0
9,TRANSFER,41615.86,C2770648,90674.42,49058.56,C7689582,411399.61,453015.47,0
9,CASH_IN,15202.68,C2530497,37654.7,22452.02,C9106886,395609.77,410812.45,0
9,TRANSFER,13141.22,C5204819,78522.52,65381.3,C7774229,446343.26,459484.48,0
9,DEBIT,8976.82,C8048838,20912.29,11935.47,C6960453,138608.52,147585.34,0
9,PAYMENT,29948.58,C8132648,77997.17,48048.59,M1026245,218034.26,247982.84,0
9,CASH_OUT,31403.52,C7121355,68723.74,37320.22,C9436429,366478.64,397882.16,0
9,PAYMENT,42265.55,C4524499,48116.59,5851.04,M1026245,159840.56,202106.11,0
9,TRANSFER,17875.7,C1192619,53992.04,36116.34,C5002120,318123.57,335999.27,0
9,CASH_OUT,2445.26,C8306261,66339.91,63894.65,C5452128,38413.34,40858.6,0
9,TRANSFER,38324.46,C5382463,98200.71,59876.25,C8835373,83567.96,121892.42,0
9,CASH_OUT,43623.43,C6452832,112167.8,68544.37,C4344717,344173.32,387796.75,1
9,CASH_IN,17587.95,C5437001,31282.89,13694.94,C3608513,140708.88,158296.83,0
9,DEBIT,20605.61,C4524499,42393.23,21787.62,C8761611,251691.45,272297.06,0
9,TRANSFER,39757.39,C2126310,124364.36,84606.97,C1432519,356273.56,396030.95,0
9,PAYMENT,20873.14,C7264956,102757.61,81884.47,M2932288,461704.88,482578.02,0
9,DEBIT,17417.01,C4771676,99120.88,81703.87,C7199635,444863.19,462280.2,0
9,CASH_IN,26160.82,C3545556,97150.31,70989.49,C1649691,14379.77,40540.59,0
9,PAYMENT,11125.67,C6022741,41868.5,30742.83,M8581856,104920.5,116046.17,0
9,PAYMENT,21246.01,C7550190,23126.65,1880.64,M8225192,242127.45,263373.46,0
9,DEBIT,2135.42,C9147706,81440.94,79305.52,C7366205,256739.6,258875.02,0
9,PAYMENT,23459.43,C7523941,30084.17,6624.74,M9840487,333793.21,357252.64,0
9,PAYMENT,39120.72,C8801207,57598.9,18478.18,M6303930,175766.83,214887.55,0
9,PAYMENT,7286.39,C3747534,42070.04,34783.65,M8201433,80278.67,87565.06,0
9,CASH_IN,39042.3,C7838382,96065.84,57023.54,C7960607,49552.84,88595.14,0
9,CASH_IN,38164.57,C3923366,109745.73,71581.16,C4262081,482131.9,520296.47,0
9,TRANSFER,45084.0,C9748499,142441.99,97357.99,C8078673,49342.86,94426.86,1
9,CASH_IN,42566.33,C8395785,112379.62,69813.29,C5842082,92562.89,135129.22,0
9,PAYMENT,9050.62,C1044891,51459.8,42409.18,M9833734,257125.5,266176.12,0
9,DEBIT,5651.15,C7191135,52241.32,46590.17,C4946066,259863.79,265514.94,0
9,DEBIT,38116.06,C8047416,110329.72,72213.66,C7279729,41123.97,79240.03,0
9,DEBIT,5794.97,C3030966,65833.92,60038.95,C1157662,156003.46,161798.43,0
9,DEBIT,11301.41,C7970771,109797.64,98496.23,C8713146,213980.83,225282.24,0
9,PAYMENT,44738.78,C7121355,62668.51,17929.73,M3307963,499361.66,544100.44,0
9,DEBIT,33608.05,C4415140,85874.29,52266.24,C9186400,338259.33,371867.38,0
9,PAYMENT,7176.94,C3657144,81320.16,74143.22,M8713396,446213.82,453390.76,0
9,TRANSFER,3244.87,C3135534,23271.22,20026.35,C9014965,422014.75,425259.62,0
9,DEBIT,6146.88,C8935224,33998.71,27851.83,C1624315,356746.9,362893.78,0
9,CASH_IN,29686.56,C5014745,77269.19,47582.63,C8883823,301582.72,331269.28,0
9,DEBIT,49376.28,C7162857,64113.69,14737.41,C1430812,227317.37,276693.65,0
9,PAYMENT,12541.99,C7850067,75379.09,62837.1,M1954456,67304.19,79846.18,0
9,PAYMENT,36892.54,C5041154,104703.28,67810.74,M2369112,486036.28,522928.82,0
9,DEBIT,30233.15,C5970190,60508.41,30275.26,C1059486,311616.31,341849.46,0
9,PAYMENT,33057.42,C4475523,112330.56,79273.14,M7274032,100965.88,134023.3,0
9,DEBIT,24517.62,C7360307,58879.18,34361.56,C8441741,429836.16,454353.78,0
9,CASH_IN,893.34,C5107245,88905.91,88012.57,C9823994,59567.05,60460.39,0
9,DEBIT,15734.81,C1674975,61700.43,45965.62,C2686231,16429.9,32164.71,0
9,CASH_IN,32973.96,C6952975,82121.92,49147.96,C6933742,67244.12,100218.08,0
9,DEBIT,24377.87,C1983738,91880.33,67502.46,C3595941,330039.29,354417.16,0
9,CASH_IN,28614.79,C7121355,114049.94,85435.15,C3182975,253342.52,281957.31,0
9,DEBIT,13176.92,C9706768,89824.0,76647.08,C5024269,142218.77,155395.69,0
9,PAYMENT,1417.07,C4679591,85110.49,83693.42,M7070880,174438.39,175855.46,0
9,CASH_IN,1354.72,C2242892,11089.72,9735.0,C2530793,172571.51,173926.23,0
9,CASH_OUT,20602.36,C3653446,45363.75,24761.39,C4470105,324041.41,344643.77,0
9,CASH_IN,4256.24,C2876828,15703.37,11447.13,C5635017,84889.62,89145.86,0
9,CASH_IN,16312.58,C8118722,73117.52,56804.94,C4918527,450704.92,467017.5,0
9,CASH_OUT,1029.91,C9333700,99606.39,98576.48,C2166941,188868.8,189898.71,0
9,DEBIT,16127.84,C5171761,26133.51,10005.67,C7619862,337555.65,353683.49,0
9,CASH_OUT,24841.6,C2096280,86324.39,61482.79,C3970445,181667.15,206508.75,0
9,DEBIT,10095.91,C6229731,31503.92,21408.01,C9453010,132577.55,142673.46,0
9,CASH_OUT,49811.42,C7844947,112268.65,62457.23,C8795419,478970.53,528781.95,0
9,CASH_IN,4745.73,C6716097,11472.71,6726.98,C3117636,400592.84,405338.57,0
9,DEBIT,21361.02,C8427625,86514.7,65153.68,C8350099,150923.51,172284.53,0
9,CASH_OUT,21651.2,C9035982,41658.9,20007.7,C5081983,201150.48,222801.68,0
9,CASH_IN,25773.31,C5947563,113862.97,88089.66,C9546409,313921.97,339695.28,0
9,CASH_IN,43136.86,C6701311,64432.14,21295.28,C1624315,481058.54,524195.4,0
9,DEBIT,13404.12,C8990081,106867.71,93463.59,C8876745,363307.53,376711.65,0
9,PAYMENT,26118.26,C2198058,40892.63,14774.37,M2407191,75236.33,101354.59,0
9,CASH_OUT,42207.66,C7435505,128226.25,86018.59,C6144280,455568.9,497776.56,0
9,DEBIT,13354.07,C9488613,38998.73,25644.66,C1701771,300616.13,313970.2,0
9,DEBIT,11931.79,C1852264,14702.21,2770.42,C4305700,398522.38,410454.17,0
9,CASH_OUT,23213.34,C2432176,65415.25,42201.91,C6512415,452827.81,476041.15,0
9,TRANSFER,7976.33,C5449324,33816.01,25839.68,C4514944,401769.09,409745.42,0
9,CASH_IN,8807.5,C3342608,87030.87,78223.37,C3361510,27663.64,36471.14,0
9,PAYMENT,15702.1,C5091349,105759.59,90057.49,M3302417,203503.43,219205.53,0
9,CASH_OUT,33586.89,C8935169,127903.1,94316.21,C5480460,362117.23,395704.12,0
9,TRANSFER,11809.7,C6873938,105103.24,93293.54,C9264869,260978.78,272788.48,0
9,CASH_IN,47484.23,C2844258,97129.34,49645.11,C8312114,45124.39,92608.62,0
9,CASH_IN,6122.62,C5081983,89356.04,83233.42,C1237370,368618.18,374740.8,0
9,TRANSFER,46775.65,C9294272,57457.05,10681.4,C2936571,107054.32,153829.97,1
9,DEBIT,12722.75,C8294150,66069.75,53347.0,C8630043,349808.86,362531.61,0
9,PAYMENT,15831.33,C1732280,84105.17,68273.84,M2538698,481657.67,497489.0,0
9,TRANSFER,18156.27,C8863447,20263.69,2107.42,C9196976,483402.58,501558.85,0
9,CASH_IN,1750.12,C6707197,27048.41,25298.29,C7426265,192345.11,194095.23,0
9,CASH_OUT,45158.82,C2344047,131854.11,86695.29,C2829622,428823.57,473982.39,0
9,DEBIT,46376.09,C3141239,55401.12,9025.03,C6452832,411353.86,457729.95,0
9,TRANSFER,14878.17,C1701771,78013.44,63135.27,C1602286,439733.62,454611.79,0
9,DEBIT,39467.98,C2919136,121787.76,82319.78,C6672134,470247.71,509715.69,0
9,DEBIT,36849.73,C3118618,124525.85,87676.12,C4918527,410120.66,446970.39,0
9,TRANSFER,34927.12,C9209880,70112.75,35185.63,C7089806,301057.97,335985.09,0
9,CASH_IN,36891.9,C9349470,113089.44,76197.54,C3728882,320686.4,357578.3,0
10,TRANSFER,31511.52,C9487336,71577.7,40066.18,C2719583,314148.14,345659.66,0
10,CASH_OUT,28794.71,C7358113,53755.07,24960.36,C1604451,356781.97,385576.68,0
10,TRANSFER,42349.55,C7435505,87498.54,45148.99,C4867786,436752.92,479102.47,1
10,TRANSFER,34376.47,C4816534,54242.84,19866.37,C5074336,207248.21,241624.68,0
10,TRANSFER,19680.77,C8893693,42129.48,22448.71,C2815603,474054.61,493735.38,0
10,CASH_IN,32358.86,C8481188,129771.62,97412.76,C8930103,99133.1,131491.96,0
10,TRANSFER,2498.65,C2683838,17423.77,14925.12,C4048907,479016.43,481515.08,0
10,TRANSFER,47362.7,C6261415,119221.04,71858.34,C6647119,217579.37,264942.07,0
10,DEBIT,41364.6,C1419843,63812.99,22448.39,C1841248,101572.68,142937.28,0
10,CASH_OUT,14405.22,C1419843,27425.15,13019.93,C7850944,428168.86,442574.08,0
10,CASH_IN,10786.17,C6059717,52619.27,41833.1,C4188992,204262.05,215048.22,0
10,TRANSFER,1448.37,C6492066,63216.39,61768.02,C4934149,453664.12,455112.49,0
10,CASH_OUT,29149.32,C3650391,30181.34,1032.02,C2188789,66602.47,95751.79,0
10,CASH_OUT,48720.21,C5832327,120053.8,71333.59,C4768844,354226.58,402946.79,0
10,CASH_OUT,3662.05,C5276341,8873.31,5211.26,C3997281,465532.3,469194.35,0
10,DEBIT,45412.24,C3320821,70777.93,25365.69,C1499914,309828.94,355241.18,0
10,CASH_OUT,48876.42,C8344375,145682.2,96805.78,C8670955,279780.19,328656.61,0
10,CASH_OUT,8501.63,C2817745,96291.31,87789.68,C2914064,65959.77,74461.4,0
10,CASH_OUT,35515.68,C3589751,61556.28,26040.6,C1131249,156634.8,192150.48,0
10,TRANSFER,24965.54,C4327421,117589.24,92623.7,C5438490,141462.75,166428.29,0
10,CASH_OUT,30650.45,C6662319,61951.48,31301.03,C1848566,446335.9,476986.35,0
10,CASH_OUT,36846.09,C5398338,92413.56,55567.47,C8106422,461426.4,498272.49,0
10,DEBIT,2670.58,C9479356,25656.63,22986.05,C6707197,17931.12,20601.7,0
10,CASH_OUT,8186.11,C1368085,19788.51,11602.4,C6512415,447587.61,455773.72,0
10,DEBIT,2049.18,C5886520,50569.13,48519.95,C8245685,246494.28,248543.46,0
10,TRANSFER,6191.48,C8106470,93008.79,86817.31,C4526280,90327.48,96518.96,0
10,TRANSFER,37499.33,C5002120,126588.78,89089.45,C6530541,292838.7,330338.03,0
10,CASH_IN,49900.25,C8078673,126585.01,76684.76,C3211291,90284.42,140184.67,0
10,PAYMENT,12315.41,C3345069,101052.18,88736.77,M7661748,12981.08,25296.49,0
10,PAYMENT,19714.55,C4965789,35092.1,15377.55,M6869018,40531.62,60246.17,0
10,DEBIT,22708.24,C2151225,55650.93,32942.69,C2571945,21923.5,44631.74,0
10,CASH_IN,47545.29,C9801946,60477.31,12932.02,C3595941,431639.42,479184.71,0
10,CASH_OUT,16165.31,C5924115,70880.93,54715.62,C9937326,301145.76,317311.07,0
10,PAYMENT,19948.94,C6507321,116453.87,96504.93,M2514923,432757.76,452706.7,0
10,PAYMENT,1035.4,C3846949,39885.69,38850.29,M9902071,201198.12,202233.52,0
10,TRANSFER,6038.89,C7183841,79627.82,73588.93,C7878299,460849.9,466888.79,0
10,CASH_IN,6573.02,C2016911,57838.34,51265.32,C3086308,244811.52,251384.54,0
10,DEBIT,23827.22,C6530541,32849.45,9022.23,C7891662,211268.17,235095.39,0
10,CASH_OUT,30697.25,C5446344,39992.0,9294.75,C3551903,256670.73,287367.98,0
10,DEBIT,33825.24,C8412769,86553.11,52727.87,C4713925,323612.7,357437.94,0
10,PAYMENT,14542.24,C7375499,105263.01,90720.77,M3947669,238805.68,253347.92,0
10,TRANSFER,49209.47,C9293086,101518.68,52309.21,C7542890,147740.82,196950.29,1
10,PAYMENT,45865.93,C5628522,96931.09,51065.16,M8202195,206509.7,252375.63,0
10,DEBIT,33046.15,C4569164,68591.91,35545.76,C7523941,292783.94,325830.09,0
10,CASH_IN,823.27,C4342306,79440.98,78617.71,C5682940,421454.91,422278.18,0
10,PAYMENT,4173.7,C8563202,62894.54,58720.84,M5227787,227499.07,231672.77,0
10,DEBIT,31194.28,C5668371,127866.24,96671.96,C1899411,435672.41,466866.69,0
10,TRANSFER,10561.31,C3030113,97722.89,87161.58,C8746014,53165.33,63726.64,0
10,CASH_IN,905.58,C9363326,2236.04,1330.46,C1981186,327900.49,328806.07,0
10,DEBIT,34593.39,C4785186,96443.33,61849.94,C6952975,486960.95,521554.34,0
10,CASH_OUT,34536.21,C9363326,43299.72,8763.51,C4558780,67556.97,102093.18,0
10,TRANSFER,5604.51,C2622631,91505.71,85901.2,C2940214,104614.74,110219.25,0
10,TRANSFER,32490.49,C2347467,51581.94,19091.45,C1522621,150458.93,182949.42,0
10,DEBIT,7416.8,C7425184,19062.68,11645.88,C4226067,451207.67,458624.47,0
10,DEBIT,48193.7,C4674286,134173.34,85979.64,C7350753,292613.13,340806.83,0
10,TRANSFER,14748.62,C8750676,48133.63,33385.01,C7402509,51331.76,66080.38,0
10,DEBIT,48974.55,C2060605,108558.51,59583.96,C3403361,277152.26,326126.81,0
10,CASH_OUT,1860.49,C1484348,53196.06,51335.57,C3361510,362307.09,364167.58,0
10,DEBIT,11602.97,C9517169,13504.94,1901.97,C6431983,288201.68,299804.65,0
10,CASH_IN,3184.89,C3493017,14878.96,11694.07,C2630140,311348.34,314533.23,0
10,CASH_OUT,22421.79,C6512415,38555.13,16133.34,C5918715,363104.57,385526.36,0
10,DEBIT,17198.93,C9745959,39169.16,21970.23,C1548888,454535.08,471734.01,0
10,CASH_OUT,46087.56,C1135861,134404.9,88317.34,C3195773,361497.5,407585.06,0
10,DEBIT,41655.71,C4916201,121631.22,79975.51,C5204819,422265.64,463921.35,0
10,CASH_IN,10368.36,C9626108,23278.02,12909.66,C5311242,99742.11,110110.47,0
10,CASH_IN,24614.36,C5745250,54979.55,30365.19,C8910069,104716.47,129330.83,0
10,PAYMENT,49963.07,C5743227,85667.46,35704.39,M2038068,79302.73,129265.8,0
10,CASH_IN,1608.18,C1009594,44670.23,43062.05,C1861958,308781.46,310389.64,0
10,PAYMENT,28103.45,C4785186,127469.73,99366.28,M3531028,392442.9,420546.35,0
10,PAYMENT,38507.04,C5276341,128138.81,89631.77,M6761929,426704.07,465211.11,0
10,CASH_IN,30218.43,C2642635,122881.64,92663.21,C7455324,218913.35,249131.78,0
10,DEBIT,48132.73,C1036161,126297.97,78165.24,C2564689,304827.92,352960.65,0
10,PAYMENT,41182.28,C5443951,51723.39,10541.11,M6346644,314963.06,356145.34,0
10,TRANSFER,45550.18,C2262382,116366.52,70816.34,C3955087,380982.34,426532.52,0
10,PAYMENT,7723.24,C5456573,89639.32,81916.08,M7319630,61491.73,69214.97,0
10,TRANSFER,21961.03,C5745250,46492.64,24531.61,C4903402,404572.61,426533.64,0
10,CASH_OUT,14345.05,C2813543,40946.61,26601.56,C6543670,357599.87,371944.92,0
10,DEBIT,18038.56,C7534336,93359.19,75320.63,C5641923,264825.14,282863.7,0
10,TRANSFER,6908.34,C2683838,98710.35,91802.01,C7961578,449032.63,455940.97,0
10,CASH_IN,39732.42,C8132648,83990.29,44257.87,C5479144,385075.93,424808.35,0
10,CASH_IN,47182.71,C1527021,78663.17,31480.46,C5235884,490972.46,538155.17,0
10,TRANSFER,21709.27,C4147112,87726.89,66017.62,C7730428,320732.88,342442.15,0
10,CASH_IN,2899.91,C4475523,44830.44,41930.53,C6407373,442891.43,445791.34,0
10,CASH_IN,43678.58,C6137284,44468.8,790.22,C5163953,139890.37,183568.95,0
10,CASH_IN,30523.95,C4533779,75142.86,44618.91,C8741810,102566.79,133090.74,0
10,CASH_IN,31221.74,C2651601,119989.23,88767.49,C4786401,390781.55,422003.29,0
10,DEBIT,38772.26,C4050766,42469.28,3697.02,C2130789,167246.46,206018.72,0
10,TRANSFER,26028.28,C8151684,47401.73,21373.45,C1689025,255835.8,281864.08,0
10,CASH_OUT,26071.58,C3138181,28860.7,2789.12,C4823498,398299.35,424370.93,0
10,CASH_IN,12941.92,C6709938,111637.39,98695.47,C4918527,55220.95,68162.87,0
10,PAYMENT,42080.76,C8746014,77528.09,35447.33,M6346644,23866.44,65947.2,0
10,PAYMENT,22442.36,C5673599,67757.08,45314.72,M1882629,491475.28,513917.64,0
10,CASH_IN,28284.21,C8520810,63317.92,35033.71,C5606980,142267.75,170551.96,0
10,CASH_IN,33624.97,C9706768,107376.2,73751.23,C4475523,52613.46,86238.43,0
10,CASH_IN,29122.63,C4318855,38921.41,9798.78,C4895475,355820.21,384942.84,0
10,DEBIT,4106.54,C7273233,92957.47,88850.93,C7395997,238126.54,242233.08,0
10,DEBIT,3912.85,C3211291,62736.8,58823.95,C2563790,259472.5,263385.35,0
10,DEBIT,43602.02,C6719285,107248.13,63646.11,C1760793,498255.89,541857.91,0
10,DEBIT,36588.53,C9214801,51023.15,14434.62,C4524499,63561.99,100150.52,0
10,DEBIT,6477.97,C5628522,18283.79,11805.82,C3923366,106321.27,112799.24,0
11,DEBIT,1640.04,C2262382,38573.25,36933.21,C2126310,475910.88,477550.92,0
11,CASH_IN,42617.37,C3762152,79575.97,36958.6,C1954280,144795.29,187412.66,0
11,CASH_IN,7673.69,C2349590,106775.7,99102.01,C5635017,151630.04,159303.73,0
11,DEBIT,1408.61,C2737893,79787.86,78379.25,C6022741,210878.48,212287.09,0
11,CASH_OUT,44453.97,C2221854,126366.48,81912.51,C2935113,244396.83,288850.8,1
11,CASH_OUT,3387.55,C7073292,51505.19,48117.64,C8491822,154850.94,158238.49,0
11,DEBIT,45015.36,C8893693,128461.36,83446.0,C1559763,416841.73,461857.09,0
11,TRANSFER,38099.94,C3592464,114267.82,76167.88,C8118722,333610.37,371710.31,0
11,TRANSFER,43318.61,C5747930,123299.77,79981.16,C8930103,332251.16,375569.77,0
11,TRANSFER,45013.22,C2914064,49595.19,4581.97,C8151684,335221.92,380235.14,0
11,CASH_OUT,32299.37,C4971793,89498.85,57199.48,C4905582,398079.39,430378.76,0
11,CASH_OUT,28056.61,C4946066,36571.81,8515.2,C2530497,477584.16,505640.77,0
11,CASH_IN,28847.01,C1192619,81022.39,52175.38,C4762204,375279.29,404126.3,0
11,CASH_IN,44844.25,C3641282,62818.59,17974.34,C2906718,9486.79,54331.04,0
11,TRANSFER,12271.88,C7724045,20736.67,8464.79,C6024207,266771.93,279043.81,0
11,CASH_OUT,20095.88,C4679591,106293.31,86197.43,C5398338,11631.62,31727.5,0
11,DEBIT,9033.6,C2338687,40771.84,31738.24,C6431983,128588.9,137622.5,0
11,PAYMENT,48989.51,C9225346,77524.68,28535.17,M6861544,91334.46,140323.97,0
11,PAYMENT,7719.83,C7970771,13611.2,5891.37,M6861544,480561.67,488281.5,0
11,TRANSFER,1368.29,C9398441,40362.26,38993.97,C5091349,160020.73,161389.02,0
11,DEBIT,44651.62,C2408404,138809.37,94157.75,C5521644,449750.75,494402.37,0
11,PAYMENT,10135.95,C6634586,60998.08,50862.13,M7274032,252210.63,262346.58,0
11,PAYMENT,13471.68,C5545223,68783.79,55312.11,M3689594,32729.11,46200.79,0
11,PAYMENT,20380.61,C5606980,47296.58,26915.97,M8113787,481737.34,502117.95,0
11,PAYMENT,12323.34,C2595275,42784.62,30461.28,M8719145,203372.96,215696.3,0
11,PAYMENT,42315.43,C9264869,120603.59,78288.16,M8377995,71183.52,113498.95,0
11,CASH_IN,49265.58,C7534336,144526.84,95261.26,C9748499,480676.05,529941.63,0
11,CASH_IN,22592.58,C5614226,118704.02,96111.44,C4979651,310364.96,332957.54,0
11,TRANSFER,37.14,C3760597,59823.92,59786.78,C3117636,419743.86,419781.0,0
11,DEBIT,49962.1,C4340845,134030.52,84068.42,C7208460,140655.64,190617.74,0
11,TRANSFER,36961.76,C6530541,67025.59,30063.83,C2161193,197652.45,234614.21,0
11,PAYMENT,41526.6,C6243275,129354.53,87827.93,M8372274,105425.09,146951.69,0
11,CASH_IN,47871.28,C5545223,111388.27,63516.99,C3503120,489820.17,537691.45,0
11,DEBIT,13657.93,C3005795,34720.32,21062.39,C1899411,479496.34,493154.27,0
11,CASH_OUT,803.57,C1156287,61682.25,60878.68,C4744854,2139.62,2943.19,0
11,PAYMENT,33638.59,C7961578,123165.41,89526.82,M5000351,351649.84,385288.43,0
11,DEBIT,26911.19,C9683481,30005.94,3094.75,C1522621,416041.93,442953.12,0
11,DEBIT,33615.57,C5024269,116362.25,82746.68,C1674975,178982.87,212598.44,0
11,TRANSFER,41958.9,C8038374,88228.15,46269.25,C3011363,468123.92,510082.82,0
11,TRANSFER,37159.79,C4327421,56310.96,19151.17,C4883526,408140.41,445300.2,0
11,CASH_OUT,40422.64,C8132769,138434.55,98011.91,C8379837,483648.25,524070.89,1
11,DEBIT,45226.33,C5761145,64835.01,19608.68,C9478454,410561.74,455788.07,0
11,DEBIT,5556.22,C3747534,55588.78,50032.56,C3595941,85238.55,90794.77,0
11,TRANSFER,32995.32,C1863121,50548.2,17552.88,C8095702,294082.29,327077.61,0
11,PAYMENT,6380.27,C4762204,94480.58,88100.31,M8581856,364449.43,370829.7,0
11,CASH_OUT,9600.66,C4823498,71046.32,61445.66,C8990081,340340.18,349940.84,0
11,DEBIT,107.73,C1621086,85493.71,85385.98,C9877065,161499.63,161607.36,0
11,DEBIT,13709.04,C3112652,63266.51,49557.47,C5953150,258628.46,272337.5,0
11,PAYMENT,44191.28,C3036059,71984.58,27793.3,M1761976,210031.03,254222.31,0
11,DEBIT,15818.94,C8750676,49289.52,33470.58,C6266630,440049.23,455868.17,0
11,PAYMENT,49513.33,C8795419,145290.9,95777.57,M4255051,458497.61,508010.94,0
11,TRANSFER,8232.43,C1289293,70831.9,62599.47,C3710343,48363.05,56595.48,0
11,DEBIT,21603.13,C2338687,105653.89,84050.76,C1205779,123576.78,145179.91,0
11,DEBIT,11925.58,C9250138,94088.96,82163.38,C6707197,259837.52,271763.1,0
11,TRANSFER,47177.94,C1602286,109712.82,62534.88,C2651177,289467.23,336645.17,1
11,PAYMENT,45836.55,C8893693,134844.92,89008.37,M5227787,346681.83,392518.38,0
11,TRANSFER,3109.49,C2651601,33256.6,30147.11,C2871534,313092.61,316202.1,0
11,PAYMENT,5100.36,C8294150,10320.67,5220.31,M8669093,424964.66,430065.02,0
11,DEBIT,4800.55,C4197911,91258.82,86458.27,C5013879,393737.4,398537.95,0
11,CASH_IN,540.22,C3698193,80056.69,79516.47,C2789344,439969.08,440509.3,0
11,CASH_IN,5072.88,C5663623,56794.17,51721.29,C3401116,293906.68,298979.56,0
11,PAYMENT,5143.46,C1971823,95580.46,90437.0,M8783840,62990.81,68134.27,0
11,CASH_IN,12821.74,C4165061,85284.04,72462.3,C9418719,222312.16,235133.9,0
11,TRANSFER,6892.26,C7700828,19660.34,12768.08,C6007072,292261.15,299153.41,0
11,CASH_IN,47987.47,C4883526,106354.06,58366.59,C2561176,270571.85,318559.32,0
11,TRANSFER,7378.98,C5031966,36485.37,29106.39,C6097514,485135.53,492514.51,0
11,CASH_IN,29326.13,C2795765,53064.87,23738.74,C1054447,409591.89,438918.02,0
11,CASH_IN,42936.52,C7425184,62477.23,19540.71,C5163953,100185.95,143122.47,0
11,TRANSFER,39265.34,C1899411,106051.35,66786.01,C4188992,347390.79,386656.13,0
11,DEBIT,29992.12,C1763626,86601.81,56609.69,C4043480,167830.24,197822.36,0
11,CASH_OUT,20940.58,C7003042,66370.79,45430.21,C1848731,394595.69,415536.27,0
11,PAYMENT,24801.57,C2458591,94123.63,69322.06,M6207779,233268.38,258069.95,0
11,TRANSFER,11958.56,C1763626,32490.2,20531.64,C5521644,92122.26,104080.82,0
11,PAYMENT,18147.23,C8099076,21148.99,3001.76,M4593556,57594.65,75741.88,0
11,CASH_OUT,22026.0,C6228407,26416.48,4390.48,C4916201,14842.79,36868.79,0
11,TRANSFER,14212.2,C5093379,86095.87,71883.67,C6492066,169908.75,184120.95,0
11,CASH_IN,12305.75,C9508103,29913.49,17607.74,C4226067,130894.3,143200.05,0
11,PAYMENT,1059.48,C6855396,66546.4,65486.92,M9833734,442505.76,443565.24,0
11,CASH_OUT,46806.34,C5635017,70821.33,24014.99,C5283671,404743.89,451550.23,0
11,CASH_IN,48855.32,C8876745,60704.65,11849.33,C1326765,441361.56,490216.88,0
11,TRANSFER,39746.96,C9722815,77566.51,37819.55,C2066326,187127.65,226874.61,0
11,CASH_IN,21482.71,C4470105,97790.95,76308.24,C9548432,293662.94,315145.65,0
11,CASH_IN,14716.2,C9479356,39433.36,24717.16,C7054579,314729.57,329445.77,0
11,CASH_OUT,43643.85,C7216461,132227.28,88583.43,C6719285,104618.79,148262.64,1
11,DEBIT,39551.95,C9197443,90413.33,50861.38,C7917152,375654.02,415205.97,0
11,CASH_IN,18719.56,C4442778,36619.41,17899.85,C2789344,356243.44,374963.0,0
11,CASH_IN,34728.54,C6503032,61562.09,26833.55,C1661401,200473.04,235201.58,0
11,CASH_IN,32490.37,C9576076,121978.83,89488.46,C3475836,226040.03,258530.4,0
11,TRANSFER,19801.04,C9667566,108671.93,88870.89,C7395997,285685.19,305486.23,0
11,CASH_OUT,12733.92,C1527021,87896.2,75162.28,C2677407,147524.01,160257.93,0
11,CASH_IN,17585.23,C8610913,64110.54,46525.31,C3396987,310562.91,328148.14,0
11,DEBIT,22563.05,C7878299,59314.24,36751.19,C5089126,248771.53,271334.58,0
11,CASH_OUT,19124.72,C5682940,42503.76,23379.04,C8280833,322677.43,341802.15,0
11,CASH_OUT,45074.78,C8307727,96353.88,51279.1,C4939290,321827.2,366901.98,0
11,TRANSFER,4929.47,C3154051,8757.61,3828.14,C4916201,100153.3,105082.77,0
11,TRANSFER,33758.62,C9191131,108279.75,74521.13,C4558780,384241.43,418000.05,0
11,CASH_OUT,9540.22,C2154126,100778.47,91238.25,C2355439,4266.94,13807.16,0
11,CASH_OUT,14099.45,C7381684,108680.95,94581.5,C8741810,410930.66,425030.11,0
11,PAYMENT,23605.48,C2015861,110152.09,86546.61,M6696087,113789.25,137394.73,0
11,TRANSFER,23727.17,C4558545,99489.3,75762.13,C7942639,361255.18,384982.35,0
12,DEBIT,17039.57,C2188789,101619.74,84580.17,C5081983,214396.49,231436.06,0
12,DEBIT,10487.14,C7913081,13497.55,3010.41,C8956894,69475.11,79962.25,0
12,TRANSFER,15285.54,C8536477,96325.68,81040.14,C6106390,417149.44,432434.98,0
12,CASH_OUT,11282.28,C7477326,87566.44,76284.16,C2903561,345259.3,356541.58,0
12,CASH_OUT,16310.71,C4823498,94846.49,78535.78,C2738129,461072.1,477382.81,0
12,TRANSFER,48862.39,C3123709,111846.32,62983.93,C9512969,301501.39,350363.78,0
12,DEBIT,49008.8,C8212326,55379.72,6370.92,C9633492,193216.92,242225.72,0
12,DEBIT,5440.83,C9089795,69341.16,63900.33,C3937176,152322.73,157763.56,0
12,TRANSFER,5224.62,C6686328,8430.54,3205.92,C7685149,344512.27,349736.89,0
12,DEBIT,1351.66,C3135534,92486.19,91134.53,C9153566,192947.06,194298.72,0
12,TRANSFER,11659.64,C5205279,57126.01,45466.37,C2161193,184326.13,195985.77,0
12,PAYMENT,8599.57,C4197911,24303.12,15703.55,M3722056,55371.97,63971.54,0
12,CASH_IN,20926.48,C2321324,116436.16,95509.68,C5234550,432849.75,453776.23,0
12,TRANSFER,43523.75,C9234615,125313.36,81789.61,C7878299,332396.32,375920.07,1
12,CASH_IN,46958.32,C6098175,118635.52,71677.2,C7520395,229478.22,276436.54,0
12,TRANSFER,382.09,C2737893,6779.09,6397.0,C6442103,199618.46,200000.55,0
12,TRANSFER,26297.57,C3595941,72318.03,46020.46,C7183841,288066.38,314363.95,0
12,PAYMENT,14402.71,C5283671,84434.36,70031.65,M9531021,355823.97,370226.68,0
12,CASH_OUT,19560.61,C6120253,44474.09,24913.48,C1043037,449982.31,469542.92,0
12,DEBIT,22896.83,C5382463,32450.25,9553.42,C4569164,349322.38,372219.21,0
12,PAYMENT,11992.37,C1604451,100247.95,88255.58,M1656695,268868.77,280861.14,0
12,PAYMENT,34905.22,C4262081,76033.04,41127.82,M7274032,380930.4,415835.62,0
12,PAYMENT,49765.87,C7264956,100205.35,50439.48,M2306317,389755.32,439521.19,0
12,DEBIT,22552.29,C1486955,73158.75,50606.46,C9576076,231083.74,253636.03,0
12,PAYMENT,31946.94,C8664433,66312.71,34365.77,M1633297,199670.92,231617.86,0
12,TRANSFER,19839.75,C1109031,31308.02,11468.27,C4681284,458568.49,478408.24,0
12,CASH_OUT,33518.08,C2789344,79653.78,46135.7,C2932227,41274.31,74792.39,0
12,TRANSFER,35681.94,C6312692,82760.71,47078.77,C8351517,139570.94,175252.88,0
12,TRANSFER,8537.75,C1728977,26261.41,17723.66,C3351868,62075.69,70613.44,0
12,DEBIT,8430.98,C3678638,23780.63,15349.65,C3117636,179043.49,187474.47,0
12,TRANSFER,35723.47,C2066326,79929.28,44205.81,C8640615,23878.01,59601.48,0
12,CASH_IN,32054.2,C5191056,101088.87,69034.67,C7780932,221993.34,254047.54,0
12,CASH_IN,243.24,C8893693,93125.3,92882.06,C7812810,187322.35,187565.59,0
12,TRANSFER,10007.28,C2622631,12801.7,2794.42,C5006492,7279.98,17287.26,0
12,TRANSFER,34001.18,C9897858,129875.71,95874.53,C2788238,48301.6,82302.78,0
12,TRANSFER,36203.33,C7700828,87453.34,51250.01,C5745250,407812.17,444015.5,0
12,CASH_OUT,28107.09,C5273534,121539.83,93432.74,C9576076,197531.96,225639.05,0
12,DEBIT,6048.99,C1409790,41706.62,35657.63,C2564689,86810.78,92859.77,0
12,DEBIT,32703.1,C6708456,53979.89,21276.79,C6423634,110048.1,142751.2,0
12,CASH_OUT,32500.75,C7752972,39233.88,6733.13,C8187926,109280.43,141781.18,0
12,CASH_OUT,38379.58,C6106390,109632.69,71253.11,C5673212,395629.89,434009.47,0
12,CASH_IN,8581.24,C1908841,106722.83,98141.59,C5638893,348157.68,356738.92,0
12,TRANSFER,16609.01,C5545223,23360.36,6751.35,C3760597,8824.4,25433.41,0
12,CASH_IN,22451.09,C2666893,72793.09,50342.0,C9130188,352314.57,374765.66,0
12,PAYMENT,11637.97,C7774229,35277.6,23639.63,M7485471,214248.94,225886.91,0
12,TRANSFER,30992.11,C2785277,68444.47,37452.36,C6855396,148307.37,179299.48,0
12,TRANSFER,18793.64,C2110460,111134.55,92340.91,C3321531,299037.59,317831.23,0
12,DEBIT,36965.39,C6071208,64778.03,27812.64,C8688755,321801.04,358766.43,0
12,PAYMENT,26048.43,C5482413,101103.52,75055.09,M7105194,114505.01,140553.44,0
12,CASH_OUT,17142.99,C8411939,22550.39,5407.4,C2020480,458839.09,475982.08,0
12,TRANSFER,40074.58,C9689889,92221.77,52147.19,C6837817,91772.74,131847.32,0
12,PAYMENT,43494.64,C2161193,48705.33,5210.69,M9289908,496006.28,539500.92,0
12,TRANSFER,6286.79,C4348276,89408.88,83122.09,C8217547,465906.35,472193.14,0
12,TRANSFER,25376.15,C3551903,56522.45,31146.3,C1368085,360836.88,386213.03,0
12,TRANSFER,21206.6,C7542890,49741.89,28535.29,C6952975,224135.6,245342.2,0
12,TRANSFER,13600.32,C9418719,108701.64,95101.32,C2074176,179790.97,193391.29,0
12,DEBIT,8396.62,C2516313,58925.88,50529.26,C4918527,367464.05,375860.67,0
12,TRANSFER,40981.99,C3760597,117174.92,76192.93,C7350753,213698.64,254680.63,1
12,CASH_OUT,29763.22,C1059486,102428.04,72664.82,C6686328,128645.86,158409.08,0
12,DEBIT,15299.31,C3030966,71513.52,56214.21,C1348050,240422.17,255721.48,0
12,CASH_OUT,6841.45,C9333700,22313.9,15472.45,C6038571,94812.91,101654.36,0
12,PAYMENT,43084.14,C2532210,83539.67,40455.53,M9422281,207910.08,250994.22,0
12,DEBIT,48524.93,C5200476,97480.04,48955.11,C3698193,320524.36,369049.29,0
12,CASH_IN,3571.01,C6279418,42053.61,38482.6,C7774229,282804.3,286375.31,0
12,TRANSFER,38149.91,C8841505,89110.75,50960.84,C8194570,244310.92,282460.83,0
12,CASH_OUT,34825.81,C9312590,108392.23,73566.42,C6338112,121176.43,156002.24,0
12,PAYMENT,46074.21,C8132648,115821.35,69747.14,M4616647,322666.77,368740.98,0
12,CASH_OUT,30275.73,C6752576,55017.21,24741.48,C7783308,289170.9,319446.63,0
12,TRANSFER,626.75,C8231838,40393.44,39766.69,C6533187,293080.21,293706.96,0
12,PAYMENT,25931.67,C7462506,42514.03,16582.36,M4255051,213435.74,239367.41,0
12,CASH_OUT,25037.33,C8990081,83645.31,58607.98,C6591986,366966.72,392004.05,0
12,PAYMENT,5472.61,C5673599,86895.41,81422.8,M8103580,134510.67,139983.28,0
12,TRANSFER,46501.54,C8350368,47143.57,642.03,C7818732,84199.35,130700.89,0
12,PAYMENT,3501.38,C8491822,45185.61,41684.23,M8870361,144170.13,147671.51,0
12,DEBIT,8540.01,C4840714,78944.73,70404.72,C6799667,99010.26,107550.27,0
12,TRANSFER,25135.66,C3762152,81844.87,56709.21,C4020853,106286.69,131422.35,0
12,TRANSFER,2958.51,C2935113,28893.7,25935.19,C9722815,451136.64,454095.15,0
12,DEBIT,22042.12,C7728339,30023.1,7980.98,C3726327,42853.53,64895.65,0
12,PAYMENT,13845.34,C3545556,72409.98,58564.64,M9595744,238948.56,252793.9,0
12,PAYMENT,485.23,C5232413,67017.46,66532.23,M3610197,394603.58,395088.81,0
12,PAYMENT,4851.12,C1047572,42417.7,37566.58,M3610197,260037.06,264888.18,0
12,CASH_OUT,46607.1,C2630140,107044.26,60437.16,C4093109,168275.1,214882.2,0
12,CASH_OUT,49972.26,C7426265,116480.09,66507.83,C4318855,189217.85,239190.11,1
12,CASH_OUT,43655.14,C3351868,89347.07,45691.93,C2719583,349154.13,392809.27,0
12,TRANSFER,1293.76,C2149597,29240.51,27946.75,C3126655,349632.31,350926.07,0
12,TRANSFER,18427.81,C1559763,59740.47,41312.66,C8628891,93967.47,112395.28,0
12,CASH_OUT,841.35,C4916201,97801.11,96959.76,C3320821,367906.52,368747.87,0
12,DEBIT,11685.6,C2932227,85606.06,73920.46,C5014745,396980.19,408665.79,0
12,CASH_OUT,21401.53,C3204724,94829.3,73427.77,C3351868,146931.49,168333.02,0
12,TRANSFER,35599.98,C4623062,114086.17,78486.19,C2927455,358332.81,393932.79,0
12,PAYMENT,6401.79,C5672073,89637.2,83235.41,M6614484,498152.37,504554.16,0
12,DEBIT,8410.96,C1941524,56627.81,48216.85,C5977931,270333.95,278744.91,0
12,TRANSFER,10589.92,C5076817,54079.26,43489.34,C2564689,357882.58,368472.5,0
12,TRANSFER,46450.88,C4256752,123081.76,76630.88,C2754894,110188.02,156638.9,1
12,DEBIT,47575.68,C2140194,139849.3,92273.62,C9487336,316774.1,364349.78,0
12,DEBIT,4531.18,C3118618,97709.18,93178.0,C5180853,383168.69,387699.87,0
12,CASH_IN,3242.7,C6097514,94259.41,91016.71,C8893693,371483.91,374726.61,0
12,DEBIT,32699.44,C7251976,113544.19,80844.75,C9952696,111775.42,144474.86,0
12,PAYMENT,14555.92,C7550190,48579.71,34023.79,M9393009,296100.24,310656.16,0
12,TRANSFER,37233.44,C4652414,74007.14,36773.7,C4794319,426665.15,463898.59,0
13,DEBIT,28850.07,C5108603,35038.56,6188.49,C1289293,267801.52,296651.59,0
13,DEBIT,48992.68,C4867786,128744.49,79751.81,C2000560,466962.58,515955.26,0
13,TRANSFER,25992.37,C3950888,65523.61,39531.24,C3790237,269146.47,295138.84,0
13,DEBIT,15803.15,C2453962,65786.42,49983.27,C5093379,227892.27,243695.42,0
13,CASH_IN,14176.81,C6440561,45065.95,30889.14,C3024269,495167.56,509344.37,0
13,PAYMENT,13679.89,C1440466,76787.6,63107.71,M4725179,107852.53,121532.42,0
13,CASH_OUT,35209.98,C3939212,133324.26,98114.28,C3997281,166572.27,201782.25,0
13,TRANSFER,42405.02,C8658158,134720.81,92315.79,C5218028,388019.37,430424.39,0
13,DEBIT,14962.1,C8210624,69756.39,54794.29,C4226067,168705.07,183667.17,0
13,DEBIT,49515.81,C1019311,56698.13,7182.32,C9633492,363377.3,412893.11,0
13,CASH_OUT,34821.85,C3090865,74199.1,39377.25,C8612081,65450.34,100272.19,0
13,CASH_IN,43294.11,C5476583,89047.36,45753.25,C6709938,81847.23,125141.34,0
13,TRANSFER,22099.77,C5311242,111821.58,89721.81,C3566765,104883.17,126982.94,0
13,TRANSFER,36768.59,C4698379,109364.34,72595.75,C2925626,287841.05,324609.64,0
13,TRANSFER,18834.02,C1621086,111432.55,92598.53,C4009172,48023.87,66857.89,0
13,DEBIT,8989.85,C5218028,107017.53,98027.68,C6261415,325048.9,334038.75,0
13,CASH_IN,21696.73,C9479356,46196.83,24500.1,C8741810,59401.27,81098.0,0
13,DEBIT,24436.41,C8896868,102021.39,77584.98,C1348050,495581.98,520018.39,0
13,PAYMENT,38888.76,C7850944,102122.11,63233.35,M1656695,222559.14,261447.9,0
13,PAYMENT,6008.82,C2191066,54930.66,48921.84,M6448705,334396.1,340404.92,0
13,CASH_IN,11254.5,C4794319,59204.34,47949.84,C5673599,346862.93,358117.43,0
13,PAYMENT,39719.24,C7705490,88138.39,48419.15,M6649968,322298.32,362017.56,0
13,DEBIT,14925.18,C5130808,47448.08,32522.9,C9997381,356884.07,371809.25,0
13,CASH_IN,9252.64,C7350753,64858.66,55606.02,C9697969,268208.39,277461.03,0
13,CASH_IN,24433.28,C4442778,78331.46,53898.18,C3640889,409413.8,433847.08,0
13,PAYMENT,37677.88,C9576076,55744.3,18066.42,M7795314,299551.3,337229.18,0
13,TRANSFER,276.15,C7014016,12580.68,12304.53,C7191135,64408.0,64684.15,0
13,TRANSFER,32635.5,C9143903,58311.55,25676.05,C3182975,376534.37,409169.87,0
13,PAYMENT,48996.62,C9209880,85352.58,36355.96,M6676858,272213.58,321210.2,0
13,DEBIT,48855.38,C2867825,78915.38,30060.0,C6009888,473107.31,521962.69,0
13,CASH_IN,45231.93,C5531230,89723.96,44492.03,C7074006,288535.73,333767.66,0
13,CASH_OUT,26138.09,C3634980,77197.12,51059.03,C8684678,343965.15,370103.24,0
13,PAYMENT,11862.65,C2940214,41833.57,29970.92,M9790632,416313.9,428176.55,0
13,TRANSFER,30111.2,C8640615,57850.77,27739.57,C8617381,364552.2,394663.4,0
13,DEBIT,3727.24,C8841505,41905.47,38178.23,C1843636,451829.97,455557.21,0
13,DEBIT,22808.83,C7783308,116828.76,94019.93,C7477326,71621.98,94430.81,0
13,TRANSFER,3537.2,C2151225,74981.7,71444.5,C7110622,281821.08,285358.28,0
13,CASH_IN,30251.19,C7328534,61887.22,31636.03,C3194789,393892.03,424143.22,0
13,DEBIT,1305.23,C1098919,28317.75,27012.52,C9683481,265735.08,267040.31,0
13,CASH_IN,20345.0,C1237370,56626.95,36281.95,C8930103,166758.67,187103.67,0
13,CASH_OUT,7325.02,C8795419,8311.35,986.33,C8945036,188577.99,195903.01,0
13,TRANSFER,18937.83,C1247595,36510.97,17573.14,C2140194,364163.71,383101.54,0
13,CASH_OUT,29445.46,C5436878,82341.47,52896.01,C2651177,350227.77,379673.23,0
13,CASH_OUT,27581.6,C4191175,44656.34,17074.74,C2839607,473255.15,500836.75,0
13,DEBIT,9041.82,C9826250,68503.52,59461.7,C8575834,424815.01,433856.83,0
13,DEBIT,29619.58,C3276659,98285.41,68665.83,C8536477,356611.33,386230.91,0
13,TRANSFER,7142.08,C2738129,12428.54,5286.46,C1325197,362709.64,369851.72,0
13,CASH_OUT,35378.05,C8030010,106056.73,70678.68,C9125900,91552.26,126930.31,0
13,CASH_OUT,39925.46,C3276065,67507.76,27582.3,C9488613,213882.54,253808.0,0
13,TRANSFER,15266.32,C5672073,55917.8,40651.48,C1170307,156368.46,171634.78,0
13,PAYMENT,31737.49,C8350099,126224.18,94486.69,M2514923,82556.56,114294.05,0
13,PAYMENT,4238.41,C7217147,97197.31,92958.9,M1801102,404173.46,408411.87,0
13,PAYMENT,48108.69,C6338112,141352.83,93244.14,M2662338,68214.19,116322.88,0
13,DEBIT,25755.42,C2066326,66302.57,40547.15,C3011363,308143.3,333898.72,0
13,PAYMENT,35710.86,C9610704,60133.48,24422.62,M8103580,369491.58,405202.44,0
13,CASH_IN,34207.06,C3342608,130671.8,96464.74,C3442255,337261.08,371468.14,0
13,CASH_IN,45190.89,C6120253,81895.98,36705.09,C4374754,66659.4,111850.29,0
13,CASH_OUT,47624.66,C4918527,85534.14,37909.48,C4713925,186641.85,234266.51,1
13,TRANSFER,41588.0,C1959074,71505.8,29917.8,C7076506,146772.52,188360.52,1
13,CASH_IN,19687.14,C5635017,102259.88,82572.74,C2538024,17714.56,37401.7,0
13,DEBIT,44625.77,C2515030,80200.18,35574.41,C1054447,307765.12,352390.89,0
13,CASH_OUT,14924.55,C7818496,49896.72,34972.17,C1499914,361216.8,376141.35,0
13,DEBIT,17733.07,C4078418,66937.68,49204.61,C8665981,42371.89,60104.96,0
13,CASH_IN,44926.51,C4197911,136237.42,91310.91,C4946066,3455.23,48381.74,0
13,CASH_OUT,11312.5,C8416216,41241.0,29928.5,C2532210,214170.73,225483.23,0
13,TRANSFER,26826.0,C2151225,125762.92,98936.92,C4586084,328139.82,354965.82,0
13,DEBIT,8100.1,C2259379,8681.12,581.02,C8876745,441788.13,449888.23,0
13,TRANSFER,5542.18,C9937982,18910.21,13368.03,C7637601,210527.88,216070.06,0
13,CASH_OUT,45050.88,C1701771,139888.46,94837.58,C3135534,479849.43,524900.31,0
13,PAYMENT,21060.56,C2919549,101042.57,79982.01,M4955699,357160.48,378221.04,0
13,CASH_OUT,37556.98,C1484348,110156.44,72599.46,C4939290,370946.6,408503.58,0
13,DEBIT,6579.57,C9147706,19191.93,12612.36,C7067228,172060.28,178639.85,0
13,PAYMENT,38371.57,C6634586,106202.6,67831.03,M7631419,171070.5,209442.07,0
13,CASH_IN,36874.2,C5446344,65820.86,28946.66,C7138070,242964.62,279838.82,0
13,DEBIT,12394.89,C1059486,31080.91,18686.02,C7162857,140569.42,152964.31,0
13,PAYMENT,43209.7,C1098919,63050.95,19841.25,M8745704,353230.45,396440.15,0
13,PAYMENT,35060.24,C3276065,53927.14,18866.9,M5294434,427435.96,462496.2,0
13,TRANSFER,11476.92,C8670955,15313.56,3836.64,C6213522,495199.4,506676.32,0
13,TRANSFER,21320.89,C4218542,107755.9,86435.01,C4194548,190176.32,211497.21,0
13,CASH_IN,15329.23,C5147994,48947.02,33617.79,C3950888,239597.62,254926.85,0
13,CASH_IN,21359.37,C8852574,32364.86,11005.49,C5691890,181788.07,203147.44,0
13,CASH_OUT,35582.16,C9002392,125092.78,89510.62,C3024269,90875.81,126457.97,0
13,PAYMENT,2616.01,C3005795,31147.71,28531.7,M6080483,140079.68,142695.69,0
13,CASH_IN,5047.08,C1641849,99879.9,94832.82,C9147720,181790.62,186837.7,0
13,CASH_OUT,5585.32,C4612365,82631.68,77046.36,C4833486,65154.04,70739.36,0
13,CASH_OUT,37067.19,C8132648,97538.57,60471.38,C3923366,119126.11,156193.3,0
13,CASH_OUT,10509.56,C3698193,99228.94,88719.38,C5672073,65242.7,75752.26,0
13,CASH_IN,6026.51,C8315831,76492.52,70466.01,C8235969,462750.32,468776.83,0
13,PAYMENT,47091.48,C6097514,119626.55,72535.07,M6614484,494822.31,541913.79,0
13,TRANSFER,26682.54,C3194789,39465.73,12783.19,C8187926,209106.28,235788.82,0
13,CASH_OUT,44580.42,C2564141,134071.72,89491.3,C8427625,224241.11,268821.53,0
13,DEBIT,3394.75,C6577416,96527.98,93133.23,C3180906,251934.71,255329.46,0
13,PAYMENT,8355.09,C2919136,37320.73,28965.64,M2478574,477901.46,486256.55,0
13,PAYMENT,39721.58,C1744682,89224.17,49502.59,M8342941,266234.93,305956.51,0
13,CASH_IN,48577.21,C3592974,123649.99,75072.78,C6312692,192075.21,240652.42,0
13,DEBIT,20048.44,C1341919,38455.07,18406.63,C4585314,80001.53,100049.97,0
13,TRANSFER,29609.72,C4698379,75153.82,45544.1,C7679674,353877.01,383486.73,0
13,CASH_IN,12949.14,C2788238,83774.61,70825.47,C5118725,276075.46,289024.6,0
13,TRANSFER,11204.23,C8520810,40388.56,29184.33,C3321531,319807.67,331011.9,0
13,CASH_OUT,46363.13,C1520596,110604.44,64241.31,C8852574,124504.04,170867.17,0
14,CASH_IN,5818.08,C8427625,38274.27,32456.19,C7752972,473213.91,479031.99,0
14,CASH_IN,13209.27,C1156287,103042.85,89833.58,C8922533,147447.67,160656.94,0
14,PAYMENT,31301.51,C1109031,53229.47,21927.96,M4024309,482613.73,513915.24,0
14,TRANSFER,12806.8,C2622631,78538.56,65731.76,C9748499,433990.97,446797.77,0
14,CASH_IN,5331.07,C7850944,92333.65,87002.58,C1454696,317152.77,322483.84,0
14,CASH_IN,10315.89,C2651601,42742.19,32426.3,C2788238,101959.32,112275.21,0
14,DEBIT,7790.52,C5652512,44654.52,36864.0,C8876745,451084.07,458874.59,0
14,PAYMENT,24803.1,C8410995,106362.9,81559.8,M3910830,88055.28,112858.38,0
14,CASH_IN,24531.01,C9546409,26635.74,2104.73,C5074336,81459.32,105990.33,0
14,TRANSFER,40876.79,C9580255,55229.03,14352.24,C9153566,213197.52,254074.31,0
14,DEBIT,5020.69,C1249314,77697.15,72676.46,C6855396,403996.36,409017.05,0
14,CASH_IN,4995.5,C3698193,15999.05,11003.55,C5918715,6776.03,11771.53,0
14,PAYMENT,6617.63,C4841005,20881.19,14263.56,M2414808,313692.19,320309.82,0
14,PAYMENT,39622.1,C8536477,93859.12,54237.02,M6252285,409127.68,448749.78,0
14,PAYMENT,10124.06,C7138070,99363.09,89239.03,M2859886,407732.46,417856.52,0
14,CASH_OUT,16594.5,C3710895,22182.05,5587.55,C2044645,346020.6,362615.1,0
14,CASH_IN,6162.55,C7073292,60626.76,54464.21,C5191056,51283.04,57445.59,0
14,DEBIT,7100.33,C3036059,29767.84,22667.51,C2338687,192691.53,199791.86,0
14,CASH_OUT,32771.68,C8795419,101448.31,68676.63,C6533187,357425.6,390197.28,0
14,PAYMENT,24596.11,C3762152,34769.74,10173.63,M6207779,477924.53,502520.64,0
14,CASH_OUT,3823.73,C2721135,39873.08,36049.35,C1841248,462351.11,466174.84,0
14,PAYMENT,44780.37,C8106422,87643.21,42862.84,M3456926,167422.03,212202.4,0
14,TRANSFER,33974.87,C1852264,96450.7,62475.83,C4050766,143502.78,177477.65,0
14,PAYMENT,13561.95,C1624315,106850.13,93288.18,M3307963,405359.71,418921.66,0
14,PAYMENT,39444.92,C9479356,71470.52,32025.6,M6205543,195299.79,234744.71,0
14,DEBIT,40734.34,C5785687,83479.66,42745.32,C1102438,363353.86,404088.2,0
14,TRANSFER,4531.45,C6307805,81284.99,76753.54,C6555772,176304.38,180835.83,0
14,DEBIT,21197.37,C6702160,35019.5,13822.13,C9235577,472015.13,493212.5,0
14,TRANSFER,19165.43,C2663938,73040.15,53874.72,C7850067,246300.7,265466.13,0
14,CASH_IN,41072.0,C6533187,99168.39,58096.39,C4841005,210920.38,251992.38,0
14,CASH_IN,38831.86,C3475836,62351.17,23519.31,C5672073,1433.05,40264.91,0
14,PAYMENT,18126.3,C1661401,110216.71,92090.41,M2776088,29788.69,47914.99,0
14,CASH_OUT,18049.32,C5781295,64088.16,46038.84,C8307727,417626.17,435675.49,0
14,CASH_IN,48591.26,C4165061,69665.0,21073.74,C6551268,112293.6,160884.86,0
14,TRANSFER,5870.62,C3253031,79178.77,73308.15,C9706768,348061.27,353931.89,0
14,DEBIT,18590.49,C4965789,25967.52,7377.03,C9900022,418718.6,437309.09,0
14,TRANSFER,1518.98,C3783722,9418.31,7899.33,C9874152,38532.65,40051.63,0
14,CASH_IN,41555.09,C6008935,118096.86,76541.77,C5213115,234882.37,276437.46,0
14,TRANSFER,37407.88,C6643798,78560.13,41152.25,C5801541,168668.5,206076.38,0
14,PAYMENT,14345.59,C1162230,102461.3,88115.71,M6056977,16059.55,30405.14,0
14,TRANSFER,25169.74,C3678638,108437.75,83268.01,C4415140,339951.77,365121.51,0
14,DEBIT,27712.25,C2408404,77899.49,50187.24,C2927455,354676.41,382388.66,0
14,DEBIT,46573.2,C1341919,98723.3,52150.1,C2626229,488963.14,535536.34,0
14,TRANSFER,37159.31,C3657144,59049.95,21890.64,C8294150,91846.89,129006.2,0
14,CASH_IN,30258.12,C9683481,77999.75,47741.63,C1135861,326349.98,356608.1,0
14,DEBIT,41364.41,C7817881,121698.34,80333.93,C6707197,323323.6,364688.01,0
14,TRANSFER,13503.28,C2642635,49773.44,36270.16,C8574680,389398.63,402901.91,0
14,CASH_OUT,1412.16,C5074336,55568.95,54156.79,C4524499,32659.58,34071.74,0
14,CASH_IN,558.74,C8987516,55727.88,55169.14,C9580255,319194.48,319753.22,0
14,PAYMENT,12024.35,C6543670,68504.03,56479.68,M1275739,281869.66,293894.01,0
14,DEBIT,2293.57,C8939993,96644.48,94350.91,C6944126,4239.37,6532.94,0
14,CASH_OUT,37586.45,C8350368,57074.82,19488.37,C9264869,375921.14,413507.59,0
14,CASH_OUT,48692.8,C2833230,89421.46,40728.66,C1763626,370725.67,419418.47,1
14,TRANSFER,1194.03,C7850944,59829.85,58635.82,C2512187,426013.55,427207.58,0
14,CASH_OUT,8069.54,C7454081,96589.93,88520.39,C5159166,46645.43,54714.97,0
14,TRANSFER,44221.26,C6075395,143562.92,99341.66,C6171716,250809.96,295031.22,0
14,CASH_IN,32573.23,C1899411,111108.42,78535.19,C7288789,169510.35,202083.58,0
14,CASH_OUT,31177.3,C8665981,120245.29,89067.99,C9375710,387087.5,418264.8,0
14,DEBIT,11963.14,C4374754,68653.23,56690.09,C1059486,497202.26,509165.4,0
14,PAYMENT,40238.27,C2737893,94951.88,54713.61,M7485471,484473.56,524711.83,0
14,PAYMENT,24950.62,C8736811,41922.38,16971.76,M5227787,147804.09,172754.71,0
14,PAYMENT,14013.06,C5456573,22935.98,8922.92,M7083379,89593.13,103606.19,0
14,DEBIT,12904.63,C2630140,89219.27,76314.64,C9961107,221022.69,233927.32,0
14,TRANSFER,46992.08,C4569164,50951.34,3959.26,C2515030,429501.63,476493.71,0
14,CASH_IN,45857.83,C6271130,82531.06,36673.23,C4816586,422417.82,468275.65,0
14,CASH_OUT,18690.42,C7961578,63699.65,45009.23,C9209880,438704.31,457394.73,0
14,PAYMENT,31034.48,C8612220,101009.01,69974.53,M8763013,280400.2,311434.68,0
14,TRANSFER,42654.46,C8713146,58475.04,15820.58,C5521644,199640.21,242294.67,1
14,DEBIT,43709.2,C8106470,90296.96,46587.76,C6123430,321242.24,364951.44,0
14,DEBIT,5464.86,C9546409,97210.9,91746.04,C9075854,461245.37,466710.23,0
14,DEBIT,9981.56,C6071208,41710.05,31728.49,C9197443,498219.12,508200.68,0
14,DEBIT,10639.63,C3204724,38477.14,27837.51,C3597059,19141.17,29780.8,0
14,TRANSFER,47427.2,C5569244,79445.86,32018.66,C1409790,15661.63,63088.83,0
14,DEBIT,3129.39,C8132648,100985.47,97856.08,C2672884,106710.42,109839.81,0
14,TRANSFER,43402.35,C7891662,68609.48,25207.13,C1675419,88052.81,131455.16,1
14,CASH_OUT,20259.37,C5091349,107388.28,87128.91,C3937176,262388.97,282648.34,0
14,CASH_OUT,9212.07,C5476583,98707.73,89495.66,C8231838,214267.15,223479.22,0
14,CASH_OUT,8235.02,C2010496,56397.55,48162.53,C6577416,267753.15,275988.17,0
14,TRANSFER,48279.84,C9952696,139539.62,91259.78,C1044891,285158.43,333438.27,0
14,CASH_IN,39155.79,C5960271,111428.16,72272.37,C8574680,289244.68,328400.47,0
14,TRANSFER,16193.39,C6549757,31244.02,15050.63,C2714803,229329.53,245522.92,0
14,TRANSFER,24977.29,C6549757,104178.97,79201.68,C8096887,336972.66,361949.95,0
14,CASH_OUT,26039.38,C2458591,120371.75,94332.37,C4020853,428633.53,454672.91,0
14,DEBIT,31949.43,C4043480,35598.03,3648.6,C2833230,372853.77,404803.2,0
14,TRANSFER,21014.6,C6455706,81108.94,60094.34,C3726327,108068.64,129083.24,0
14,TRANSFER,47619.32,C6701311,84644.96,37025.64,C2714803,181897.23,229516.55,0
14,CASH_OUT,25109.24,C3011363,90000.41,64891.17,C1624315,227998.74,253107.98,0
14,DEBIT,17592.93,C8441741,69909.91,52316.98,C3551903,382540.57,400133.5,0
14,PAYMENT,46318.18,C2239197,83630.33,37312.15,M8745704,276376.79,322694.97,0
14,TRANSFER,27142.72,C6837817,111651.88,84509.16,C9937982,344275.33,371418.05,0
14,DEBIT,31709.02,C9997381,112303.0,80593.98,C9143903,51906.02,83615.04,0
14,PAYMENT,30816.86,C9526867,80457.35,49640.49,M2306317,375863.38,406680.24,0
14,CASH_IN,4994.11,C6024207,63117.47,58123.36,C8610879,16317.77,21311.88,0
14,CASH_OUT,42586.75,C6207974,120274.78,77688.03,C8793853,275793.96,318380.71,1
14,DEBIT,47528.07,C4540415,88821.54,41293.47,C2789344,410208.99,457737.06,0
14,DEBIT,390.18,C4840714,51146.26,50756.08,C5180853,133804.57,134194.75,0
14,CASH_OUT,15376.76,C5482413,15792.52,415.76,C7960328,454529.53,469906.29,0
14,PAYMENT,786.35,C3194789,84863.31,84076.96,M5962567,259481.62,260267.97,0
14,CASH_IN,15880.37,C3670896,115163.28,99282.91,C2927455,120915.56,136795.93,0
14,DEBIT,9641.09,C4147112,89774.25,80133.16,C8852574,288926.81,298567.9,0
15,TRANSFER,46970.19,C7780932,87282.09,40311.9,C4348276,159062.47,206032.66,1
15,TRANSFER,4987.9,C2375453,16825.17,11837.27,C8031780,288466.87,293454.77,0
15,DEBIT,42153.11,C4048907,58058.43,15905.32,C6686328,161202.32,203355.43,0
15,PAYMENT,4672.34,C7375499,67561.75,62889.41,M1834876,296644.1,301316.44,0
15,PAYMENT,30908.8,C6404139,88088.18,57179.38,M3947669,12644.94,43553.74,0
15,TRANSFER,49170.88,C5833597,73143.07,23972.19,C6262632,448954.62,498125.5,1
15,CASH_IN,42024.44,C8419378,107950.21,65925.77,C1843636,137482.41,179506.85,0
15,TRANSFER,31375.63,C7724045,42468.78,11093.15,C2264748,463599.51,494975.14,0
15,PAYMENT,5362.76,C2709620,94823.24,89460.48,M8558523,46388.57,51751.33,0
15,DEBIT,42232.73,C8938746,52299.9,10067.17,C9633492,397720.73,439953.46,0
15,DEBIT,3688.06,C7264956,72421.7,68733.64,C6623525,187627.18,191315.24,0
15,CASH_OUT,31681.25,C3851852,49661.89,17980.64,C6171716,5070.15,36751.4,0
15,TRANSFER,32986.72,C5107245,130578.31,97591.59,C6261415,496869.79,529856.51,0
15,DEBIT,49745.85,C7390515,65584.68,15838.83,C1499914,370848.41,420594.26,0
15,PAYMENT,9650.33,C5479144,11954.15,2303.82,M4618086,255872.36,265522.69,0
15,TRANSFER,10823.16,C2000560,100680.4,89857.24,C4185957,14748.81,25571.97,0
15,TRANSFER,10995.86,C8033426,38362.51,27366.65,C1873851,99618.77,110614.63,0
15,PAYMENT,17434.18,C8575834,64138.55,46704.37,M7499771,404505.87,421940.05,0
15,DEBIT,25637.7,C5014745,50647.01,25009.31,C8235969,98938.22,124575.92,0
15,CASH_OUT,48093.95,C5191056,127409.27,79315.32,C8610913,293789.44,341883.39,1
15,TRANSFER,47688.57,C2515030,135974.3,88285.73,C2255409,211868.66,259557.23,0
15,CASH_OUT,31149.32,C6386463,51121.4,19972.08,C8387112,176457.75,207607.07,0
15,PAYMENT,22475.68,C4684531,47782.05,25306.37,M6625238,204904.13,227379.81,0
15,CASH_IN,41336.05,C3126655,81166.72,39830.67,C3634980,57324.98,98661.03,0
15,CASH_OUT,21475.05,C8290770,46006.86,24531.81,C4883526,107592.08,129067.13,0
15,CASH_OUT,18604.49,C7191135,19567.79,963.3,C4117625,344146.21,362750.7,0
15,CASH_OUT,10696.48,C2738129,100570.88,89874.4,C3005795,280820.29,291516.77,0
15,DEBIT,14187.88,C4768844,35934.22,21746.34,C7010308,280479.35,294667.23,0
15,CASH_IN,47314.09,C4374754,136580.49,89266.4,C1440466,210875.07,258189.16,0
15,DEBIT,15895.99,C3024269,35608.32,19712.33,C7751158,401362.6,417258.59,0
15,DEBIT,2349.12,C4656838,14275.02,11925.9,C4165061,226392.55,228741.67,0
15,CASH_IN,16350.47,C6386463,73991.85,57641.38,C6634586,142518.46,158868.93,0
15,CASH_IN,49397.86,C8664433,62503.67,13105.81,C6825112,483426.78,532824.64,0
15,PAYMENT,44792.52,C4991829,78531.51,33738.99,M5752087,8136.15,52928.67,0
15,DEBIT,4765.04,C1043037,32232.39,27467.35,C6452832,376846.14,381611.18,0
15,DEBIT,3997.56,C5081983,65229.62,61232.06,C8910069,196663.75,200661.31,0
15,DEBIT,24671.9,C9519948,118442.28,93770.38,C1433940,51371.81,76043.71,0
15,TRANSFER,2401.23,C1109031,12914.8,10513.57,C7199635,161429.52,163830.75,0
15,DEBIT,11324.8,C4594297,83735.59,72410.79,C1028374,406141.0,417465.8,0
15,CASH_IN,49478.36,C5218028,137810.29,88331.93,C8746014,21538.09,71016.45,0
15,PAYMENT,47357.77,C4374754,80290.67,32932.9,M2736473,306375.32,353733.09,0
15,DEBIT,13502.9,C5476257,71848.22,58345.32,C2154126,59950.71,73453.61,0
15,CASH_OUT,43096.13,C6719285,106786.49,63690.36,C7961578,334117.63,377213.76,0
15,TRANSFER,28898.46,C3073474,61089.6,32191.14,C7654757,365432.29,394330.75,0
15,TRANSFER,4599.05,C5118725,39900.02,35300.97,C2191066,417771.05,422370.1,0
15,TRANSFER,32977.44,C8411939,40491.88,7514.44,C8574680,247302.88,280280.32,0
15,TRANSFER,666.27,C8640615,82517.41,81851.14,C5605016,93958.71,94624.98,0
15,PAYMENT,17029.1,C4991829,102874.98,85845.88,M3308538,380243.98,397273.08,0
15,CASH_OUT,35428.53,C5394880,45994.58,10566.05,C3592464,65030.26,100458.79,0
15,CASH_OUT,19284.93,C7418028,39587.0,20302.07,C5628522,200102.45,219387.38,0
15,PAYMENT,13899.14,C6933742,109048.6,95149.46,M2585546,288621.14,302520.28,0
15,PAYMENT,7373.01,C7818496,31429.26,24056.25,M7785090,447049.03,454422.04,0
15,TRANSFER,13345.17,C3204724,58609.26,45264.09,C8062546,132789.36,146134.53,0
15,CASH_IN,4212.5,C1257489,19274.5,15062.0,C4768844,251095.2,255307.7,0
15,CASH_IN,16693.64,C2516313,53671.71,36978.07,C5002120,24567.2,41260.84,0
15,DEBIT,36602.76,C4918527,66003.35,29400.59,C6539837,201346.05,237948.81,0
15,CASH_IN,13803.53,C4922880,57160.06,43356.53,C4442778,340580.26,354383.79,0
15,TRANSFER,47949.0,C3475836,53262.78,5313.78,C4185957,17843.98,65792.98,1
15,PAYMENT,26611.26,C5299055,114871.29,88260.03,M8746753,349756.14,376367.4,0
15,DEBIT,19601.49,C4078418,92993.93,73392.44,C1093026,439763.84,459365.33,0
15,CASH_OUT,24763.63,C2813543,59526.94,34763.31,C5813613,143996.27,168759.9,0
15,CASH_IN,14406.05,C2719583,32913.93,18507.88,C8835373,453891.22,468297.27,0
15,CASH_IN,23843.15,C1170307,40866.41,17023.26,C3530518,340721.24,364564.39,0
15,TRANSFER,9375.35,C5261032,105599.65,96224.3,C1131249,333015.69,342391.04,0
15,DEBIT,16709.37,C7685149,104835.12,88125.75,C6662319,85362.56,102071.93,0
15,PAYMENT,29704.32,C1661401,29804.97,100.65,M6919270,436609.27,466313.59,0
15,DEBIT,5478.21,C5437923,73482.84,68004.63,C6899644,145329.28,150807.49,0
15,TRANSFER,26268.21,C7917152,103793.87,77525.66,C4533779,49996.23,76264.44,0
15,CASH_OUT,22636.29,C4540415,48370.24,25733.95,C5614002,243246.66,265882.95,0
15,CASH_OUT,22942.95,C5024269,93958.67,71015.72,C6452832,445686.21,468629.16,0
15,CASH_IN,24222.9,C1675419,97044.45,72821.55,C2151087,10363.64,34586.54,0
15,DEBIT,42814.71,C1131249,92597.93,49783.22,C1547605,122183.9,164998.61,0
15,DEBIT,17977.4,C8930103,110042.13,92064.73,C2173965,188889.13,206866.53,0
15,PAYMENT,48273.0,C2101965,147006.17,98733.17,M9062973,438046.42,486319.42,0
15,TRANSFER,13272.81,C6123430,52375.43,39102.62,C1763626,208647.14,221919.95,0
15,CASH_OUT,15473.07,C3396987,67480.84,52007.77,C7724045,171637.22,187110.29,0
15,CASH_IN,6156.83,C8736811,102972.13,96815.3,C6242022,396170.26,402327.09,0
15,CASH_OUT,5518.43,C8038374,98241.73,92723.3,C1760793,73565.54,79083.97,0
15,TRANSFER,26164.08,C8273315,92596.11,66432.03,C8956894,151822.8,177986.88,0
15,CASH_OUT,3240.18,C8307727,48626.0,45385.82,C7374122,108662.65,111902.83,0
15,CASH_IN,6180.55,C7619862,6689.57,509.02,C9667566,176127.76,182308.31,0
15,PAYMENT,2504.6,C2154126,90376.81,87872.21,M1305857,392631.65,395136.25,0
15,CASH_IN,33269.65,C8245685,128638.18,95368.53,C8412769,356598.55,389868.2,0
15,TRANSFER,49795.75,C6188935,108318.23,58522.48,C3418526,40358.97,90154.72,1
15,DEBIT,46647.41,C7542890,88903.74,42256.33,C7718473,483453.41,530100.82,0
15,PAYMENT,44652.75,C9179730,61982.95,17330.2,M5767195,217908.14,262560.89,0
15,CASH_OUT,40220.97,C5781295,65223.01,25002.04,C4218542,208156.15,248377.12,1
15,CASH_OUT,4289.04,C6242022,58872.11,54583.07,C5195951,187982.97,192272.01,0
15,DEBIT,4811.15,C1249314,74224.49,69413.34,C2651601,251907.59,256718.74,0
15,CASH_OUT,23424.26,C3118060,65474.83,42050.57,C5953150,205129.31,228553.57,0
15,PAYMENT,45628.79,C8606962,54471.69,8842.9,M8868776,70292.8,115921.59,0
15,CASH_OUT,39333.74,C3380261,76644.86,37311.12,C7017548,310444.87,349778.61,0
15,CASH_IN,43891.48,C2921859,56485.06,12593.58,C1909393,335039.62,378931.1,0
15,DEBIT,40375.98,C5086407,124295.78,83919.8,C6018975,42329.55,82705.53,0
15,CASH_OUT,41496.42,C7818496,100930.39,59433.97,C9235577,410970.07,452466.49,0
15,CASH_OUT,43217.06,C9519948,110658.36,67441.3,C3640889,369681.71,412898.77,1
15,TRANSFER,25818.04,C3182975,39458.32,13640.28,C4713925,447526.17,473344.21,0
15,TRANSFER,15051.6,C1289293,95613.28,80561.68,C4903402,311831.96,326883.56,0
15,TRANSFER,5744.3,C2867825,66123.37,60379.07,C6596150,60517.21,66261.51,0
15,PAYMENT,12367.83,C8434500,14833.47,2465.64,M8339571,252902.25,265270.08,0
16,DEBIT,2792.1,C2344047,43247.83,40455.73,C1481506,491348.13,494140.23,0
16,TRANSFER,42087.62,C7390515,124256.27,82168.65,C1843636,340660.22,382747.84,0
16,CASH_IN,6168.59,C5727085,24649.38,18480.79,C4226067,409275.05,415443.64,0
16,TRANSFER,8547.07,C7390515,56162.91,47615.84,C7361002,145018.09,153565.16,0
16,PAYMENT,47954.98,C2817745,114724.95,66769.97,M3307963,195594.61,243549.59,0
16,PAYMENT,23203.55,C7395997,26000.62,2797.07,M6205543,228541.14,251744.69,0
16,CASH_IN,19477.58,C3380261,22885.93,3408.35,C6952975,325211.16,344688.74,0
16,CASH_IN,22229.52,C1044891,69020.23,46790.71,C5781295,361532.63,383762.15,0
16,CASH_OUT,465.91,C7194416,50529.75,50063.84,C4883526,430511.08,430976.99,0
16,TRANSFER,17448.22,C2844258,68752.74,51304.52,C7780932,87248.44,104696.66,0
16,TRANSFER,17599.83,C6530541,63548.0,45948.17,C2914064,429331.95,446931.78,0
16,TRANSFER,13924.22,C6952975,20745.23,6821.01,C9697969,419662.75,433586.97,0
16,DEBIT,18832.37,C4189885,76436.27,57603.9,C9546409,463706.12,482538.49,0
16,CASH_IN,12968.71,C9123504,47778.23,34809.52,C1514340,308737.51,321706.22,0
16,DEBIT,3387.82,C5479144,26558.25,23170.43,C3484601,332630.49,336018.31,0
16,DEBIT,46712.35,C3204724,122703.28,75990.93,C4630331,490664.2,537376.55,0
16,TRANSFER,5280.54,C8722606,80861.93,75581.39,C3698193,210028.08,215308.62,0
16,PAYMENT,3105.71,C9191131,6847.54,3741.83,M5857259,374967.47,378073.18,0
16,DEBIT,38169.96,C5479144,70285.88,32115.92,C8722606,349362.86,387532.82,0
16,DEBIT,6669.5,C1440466,26642.94,19973.44,C6243275,126247.47,132916.97,0
16,DEBIT,33945.66,C3237058,108161.05,74215.39,C6049101,217031.5,250977.16,0
16,CASH_IN,40435.52,C4305700,98646.31,58210.79,C9626108,314557.83,354993.35,0
16,PAYMENT,10184.95,C8351517,46141.05,35956.1,M1882629,204013.69,214198.64,0
16,CASH_IN,43225.91,C9250138,111462.03,68236.12,C2818692,478871.81,522097.72,0
16,CASH_IN,24813.81,C9576076,107571.38,82757.57,C2815603,250425.14,275238.95,0
16,CASH_OUT,30927.76,C2126310,111087.35,80159.59,C2154126,219439.03,250366.79,0
16,DEBIT,43700.11,C3595941,56419.35,12719.24,C3030113,258623.43,302323.54,0
16,PAYMENT,5905.2,C5348512,66054.16,60148.96,M7631419,165459.9,171365.1,0
16,TRANSFER,41068.18,C8273315,80110.82,39042.64,C5579094,178952.6,220020.78,0
16,TRANSFER,48406.06,C4374754,105941.65,57535.59,C9610704,426597.61,475003.67,0
16,CASH_IN,15618.84,C8612220,85370.63,69751.79,C6455706,55437.24,71056.08,0
16,DEBIT,46846.98,C8628588,50074.45,3227.47,C2197935,210702.85,257549.83,0
16,TRANSFER,16733.72,C9517485,37157.05,20423.33,C5781295,408381.19,425114.91,0
16,CASH_OUT,46209.47,C7273233,95564.98,49355.51,C4934149,402831.04,449040.51,0
16,CASH_IN,35157.51,C4842788,133263.11,98105.6,C9767312,474953.89,510111.4,0
16,CASH_IN,36967.08,C1352896,84844.23,47877.15,C8575834,64732.29,101699.37,0
16,PAYMENT,5212.02,C6069909,27736.52,22524.5,M6346644,175128.84,180340.86,0
16,DEBIT,15177.88,C9468772,108302.53,93124.65,C7067228,13176.91,28354.79,0
16,TRANSFER,26713.95,C4044882,81963.55,55249.6,C8707870,26070.21,52784.16,0
16,DEBIT,34775.07,C2672884,89729.56,54954.49,C1621086,57791.6,92566.67,0
16,PAYMENT,44858.36,C8863447,64222.92,19364.56,M7083379,218262.42,263120.78,0
16,PAYMENT,11916.13,C2626229,34628.72,22712.59,M1834876,373737.84,385653.97,0
16,CASH_IN,28406.75,C2556017,109668.94,81262.19,C4700025,38305.84,66712.59,0
16,TRANSFER,21933.41,C2709620,53346.0,31412.59,C8187926,301208.01,323141.42,0
16,TRANSFER,49904.46,C5004485,97774.6,47870.14,C5832327,61188.18,111092.64,1
16,CASH_OUT,46919.12,C8411939,117444.64,70525.52,C6503032,406712.42,453631.54,0
16,TRANSFER,22182.66,C4558780,100203.5,78020.84,C8367772,146341.71,168524.37,0
16,TRANSFER,26346.94,C1325197,96124.11,69777.17,C5217853,251722.7,278069.64,0
16,PAYMENT,17338.31,C4197911,45316.69,27978.38,M7960815,101777.47,119115.78,0
16,TRANSFER,42072.85,C4909069,72566.77,30493.92,C5348512,276482.83,318555.68,1
16,TRANSFER,1803.03,C5793722,66793.84,64990.81,C5821419,226881.49,228684.52,0
16,PAYMENT,1074.27,C4684531,28871.0,27796.73,M9464927,192088.33,193162.6,0
16,PAYMENT,2995.4,C3698193,4880.25,1884.85,M4955699,191294.09,194289.49,0
16,DEBIT,2230.33,C8411939,20673.01,18442.68,C4044882,215542.48,217772.81,0
16,PAYMENT,33023.52,C5107245,109323.15,76299.63,M8101036,468611.94,501635.46,0
16,CASH_IN,37726.36,C8389840,118750.73,81024.37,C4551070,295479.31,333205.67,0
16,PAYMENT,17053.81,C8876745,95315.08,78261.27,M8391997,464283.24,481337.05,0
16,PAYMENT,40371.76,C8608449,135619.12,95247.36,M7320310,466236.35,506608.11,0
16,CASH_OUT,42927.12,C2829622,85310.62,42383.5,C9106886,359610.1,402537.22,0
16,CASH_OUT,8135.82,C8885465,82699.21,74563.39,C7640518,462330.57,470466.39,0
16,TRANSFER,45386.55,C7654757,53940.24,8553.69,C2919136,124966.31,170352.86,0
16,CASH_OUT,28558.42,C6279418,64727.91,36169.49,C2919136,329614.97,358173.39,0
16,CASH_IN,626.83,C2436347,66704.48,66077.65,C4569164,417999.9,418626.73,0
16,TRANSFER,22196.0,C5437923,23083.07,887.07,C4938791,18501.88,40697.88,0
16,CASH_OUT,24015.59,C6243275,64876.68,40861.09,C9294272,289785.16,313800.75,0
16,PAYMENT,13829.52,C8575834,109158.85,95329.33,M5227787,220219.76,234049.28,0
16,CASH_OUT,38301.18,C7189034,125206.72,86905.54,C8746014,63611.24,101912.42,0
16,TRANSFER,7353.62,C8082668,18798.28,11444.66,C9130188,19250.89,26604.51,0
16,CASH_IN,43029.91,C2167449,47225.47,4195.56,C6902401,358678.85,401708.76,0
16,PAYMENT,47585.67,C3276659,49197.49,1611.82,M9411547,422465.45,470051.12,0
16,CASH_OUT,27026.66,C7073292,61999.63,34972.97,C2299954,38739.57,65766.23,0
16,DEBIT,5668.0,C9683481,26072.19,20404.19,C6363836,285182.95,290850.95,0
16,DEBIT,3578.94,C9310235,17886.89,14307.95,C6059717,163270.27,166849.21,0
16,CASH_OUT,16755.94,C9094999,63824.44,47068.5,C4840714,486750.6,503506.54,0
16,CASH_IN,1567.56,C6101803,30654.82,29087.26,C7073292,75031.63,76599.19,0
16,CASH_IN,1286.51,C6207974,52366.12,51079.61,C5081983,390436.88,391723.39,0
16,CASH_IN,39175.52,C5163953,77059.49,37883.97,C8971465,291343.12,330518.64,0
16,TRANSFER,19060.67,C3030113,114923.19,95862.52,C9683481,496159.71,515220.38,0
16,CASH_IN,25179.76,C5487028,98574.89,73395.13,C8612081,269483.69,294663.45,0
16,PAYMENT,42381.28,C4991829,103091.48,60710.2,M7631419,329598.88,371980.16,0
16,CASH_IN,22056.46,C2151225,105657.35,83600.89,C3090865,146532.65,168589.11,0
16,TRANSFER,16440.94,C2925626,62023.06,45582.12,C5348512,374094.14,390535.08,0
16,PAYMENT,34656.73,C1771600,70844.85,36188.12,M5780297,175992.3,210649.03,0
16,CASH_IN,3831.42,C2925626,64353.28,60521.86,C6682698,224484.01,228315.43,0
16,DEBIT,11495.87,C5130808,35990.26,24494.39,C6060517,454632.87,466128.74,0
16,CASH_IN,33298.47,C1843636,67455.65,34157.18,C9488613,58982.01,92280.48,0
16,DEBIT,21056.92,C5428914,70476.94,49420.02,C5584716,440720.62,461777.54,0
16,TRANSFER,44994.62,C3401116,61671.71,16677.09,C7374122,209312.8,254307.42,0
16,DEBIT,37145.27,C2375453,120531.13,83385.86,C4684531,11965.73,49111.0,0
16,TRANSFER,49496.77,C6304573,136184.77,86688.0,C8628891,459311.5,508808.27,0
16,CASH_OUT,6381.37,C5276341,77579.72,71198.35,C7960328,59514.82,65896.19,0
16,CASH_OUT,29577.99,C9147706,36953.24,7375.25,C4679591,460361.85,489939.84,0
16,DEBIT,45534.6,C7913081,74463.71,28929.11,C2347467,238553.02,284087.62,0
16,TRANSFER,36674.82,C8460758,51900.46,15225.64,C4841005,3891.87,40566.69,0
16,CASH_IN,18500.0,C9349470,50543.69,32043.69,C4044882,88361.13,106861.13,0
16,CASH_IN,13972.19,C6692553,43707.04,29734.85,C9745959,170558.61,184530.8,0
16,CASH_IN,25888.71,C2844258,76711.5,50822.79,C2167449,464021.78,489910.49,0
16,CASH_OUT,16146.78,C6144280,111498.15,95351.37,C5674183,20967.21,37113.99,0
16,TRANSFER,21532.58,C6218367,109490.95,87958.37,C1485753,157183.7,178716.28,0
16,CASH_OUT,14246.7,C1841248,41631.55,27384.85,C1212267,219458.37,233705.07,0
17,TRANSFER,14431.06,C8746014,106882.65,92451.59,C4965789,333216.81,347647.87,0
17,TRANSFER,4807.84,C4833486,80294.31,75486.47,C4645180,13675.06,18482.9,0
17,PAYMENT,47993.24,C9035982,127892.44,79899.2,M3508522,3332.55,51325.79,0
17,PAYMENT,18483.33,C5074336,61133.59,42650.26,M9646569,222412.34,240895.67,0
17,TRANSFER,41553.58,C5502929,113178.67,71625.09,C1983738,459591.84,501145.42,1
17,DEBIT,24667.84,C4993055,123975.57,99307.73,C3222252,365816.87,390484.71,0
17,PAYMENT,48422.29,C5159166,121158.45,72736.16,M2244712,163557.86,211980.15,0
17,CASH_IN,16773.5,C9349470,83981.65,67208.15,C7679674,37044.25,53817.75,0
17,CASH_OUT,44614.7,C4539704,54658.58,10043.88,C2255409,352551.84,397166.54,0
17,TRANSFER,42073.14,C4842788,66664.51,24591.37,C4335942,293171.69,335244.83,0
17,TRANSFER,33670.65,C8072684,48813.96,15143.31,C5801541,406934.43,440605.08,0
17,DEBIT,14137.16,C5960271,109220.44,95083.28,C3219824,428578.4,442715.56,0
17,TRANSFER,169.85,C5017343,55943.57,55773.72,C8630043,104273.49,104443.34,0
17,TRANSFER,1950.25,C8628588,65052.89,63102.64,C9249789,117357.89,119308.14,0
17,CASH_OUT,24216.81,C6891254,108286.0,84069.19,C1481506,437519.54,461736.35,0
17,DEBIT,24516.2,C7933143,78857.53,54341.33,C1547605,147708.61,172224.81,0
17,TRANSFER,5627.25,C6724909,102563.46,96936.21,C7328534,162698.52,168325.77,0
17,DEBIT,5799.8,C4979651,71861.09,66061.29,C5217853,173789.29,179589.09,0
17,DEBIT,35243.89,C5951651,95349.77,60105.88,C1233516,343610.97,378854.86,0
17,PAYMENT,14553.6,C1548888,103534.66,88981.06,M1942411,391413.95,405967.55,0
17,PAYMENT,28117.24,C4213524,95616.14,67498.9,M2038068,205614.54,233731.78,0
17,DEBIT,21265.71,C1843636,48097.43,26831.72,C6707197,364093.42,385359.13,0
17,CASH_OUT,31816.95,C3320821,76580.58,44763.63,C9196976,110655.02,142471.97,0
17,TRANSFER,26805.29,C3762152,39726.82,12921.53,C9961299,269883.66,296688.95,0
17,PAYMENT,40122.62,C8935169,131345.48,91222.86,M6193922,383421.03,423543.65,0
17,CASH_IN,3182.6,C3684052,24228.94,21046.34,C4442778,267736.33,270918.93,0
17,TRANSFER,41909.07,C1865901,70927.82,29018.75,C3670226,80702.09,122611.16,0
17,DEBIT,10788.6,C7542890,14396.1,3607.5,C4612365,10014.19,20802.79,0
17,CASH_IN,5135.01,C5832327,9363.53,4228.52,C8857296,141544.86,146679.87,0
17,PAYMENT,11507.96,C1098919,38753.78,27245.82,M6791039,61821.42,73329.38,0
17,DEBIT,32767.25,C3195773,118965.62,86198.37,C1675419,38263.54,71030.79,0
17,CASH_IN,36108.42,C1043037,37582.6,1474.18,C2322047,415125.76,451234.18,0
17,CASH_IN,45949.54,C2651177,65377.95,19428.41,C1019311,302845.79,348795.33,0
17,CASH_OUT,39240.74,C7395997,113589.08,74348.34,C2015861,151076.99,190317.73,0
17,DEBIT,10141.31,C7360682,57281.35,47140.04,C6183902,145619.33,155760.64,0
17,PAYMENT,11120.43,C9537455,38976.22,27855.79,M2053729,142211.49,153331.92,0
17,CASH_IN,25334.61,C6591986,124650.01,99315.4,C5437923,363778.73,389113.34,0
17,CASH_OUT,38137.39,C9075854,60543.48,22406.09,C7418028,487595.3,525732.69,0
17,DEBIT,38562.58,C7014016,86243.21,47680.63,C9396529,54474.23,93036.81,0
17,CASH_OUT,16628.45,C4841005,72716.99,56088.54,C2651177,103840.91,120469.36,0
17,DEBIT,29674.54,C4841005,69994.05,40319.51,C9874152,419035.2,448709.74,0
17,CASH_IN,36154.39,C6242022,42047.69,5893.3,C9130188,246708.87,282863.26,0
17,DEBIT,15579.63,C1861958,19230.6,3650.97,C2548511,344498.8,360078.43,0
17,CASH_IN,20332.65,C2571945,89372.38,69039.73,C6871360,377518.97,397851.62,0
17,DEBIT,27283.98,C5081983,59467.78,32183.8,C4934149,354434.09,381718.07,0
17,CASH_IN,27744.81,C4860684,70315.01,42570.2,C1247595,38752.22,66497.03,0
17,TRANSFER,37846.77,C1669324,112661.65,74814.88,C4475523,83098.49,120945.26,0
17,DEBIT,43488.76,C8096887,132039.04,88550.28,C6279418,247592.26,291081.02,0
17,CASH_IN,24364.8,C9901266,64305.37,39940.57,C9125900,148375.51,172740.31,0
17,DEBIT,49787.26,C4344717,82025.87,32238.61,C5651899,444772.55,494559.81,0
17,CASH_IN,32514.53,C9874152,84839.65,52325.12,C7076506,102230.92,134745.45,0
17,CASH_IN,47600.25,C2349590,108052.03,60451.78,C2151087,236055.02,283655.27,0
17,TRANSFER,46810.76,C4576135,99248.61,52437.85,C6933742,414704.01,461514.77,1
17,DEBIT,8969.5,C4860745,108300.53,99331.03,C5017343,2801.21,11770.71,0
17,TRANSFER,9971.39,C7897151,55830.75,45859.36,C6060517,47357.28,57328.67,0
17,CASH_IN,23440.02,C2876932,58485.3,35045.28,C6159230,279578.04,303018.06,0
17,TRANSFER,17254.42,C6647119,44712.48,27458.06,C7110622,410377.22,427631.64,0
17,DEBIT,29227.57,C9667566,91677.66,62450.09,C3086308,201634.18,230861.75,0
17,CASH_OUT,28060.0,C1006810,87323.91,59263.91,C9683481,51488.14,79548.14,0
17,TRANSFER,14006.48,C8628588,24238.69,10232.21,C3050700,398442.24,412448.72,0
17,CASH_IN,32245.06,C6386463,89810.63,57565.57,C3123709,426700.11,458945.17,0
17,CASH_IN,13869.1,C2630140,30679.04,16809.94,C5761145,391682.46,405551.56,0
17,TRANSFER,4576.0,C4533779,21057.84,16481.84,C3253031,437307.04,441883.04,0
17,CASH_OUT,3898.59,C9877065,55069.12,51170.53,C3222252,219844.51,223743.1,0
17,DEBIT,16361.2,C9264869,40438.49,24077.29,C6261415,196623.33,212984.53,0
17,DEBIT,35315.17,C7853787,119180.11,83864.94,C5936453,158485.96,193801.13,0
17,PAYMENT,44165.45,C1775337,138714.44,94548.99,M4253164,416802.47,460967.92,0
17,TRANSFER,41995.41,C2564141,91004.76,49009.35,C8280833,394482.53,436477.94,0
17,CASH_IN,44989.11,C8194570,47518.67,2529.56,C6507321,182843.59,227832.7,0
17,DEBIT,38539.53,C9767312,59917.53,21378.0,C6338112,279897.01,318436.54,0
17,TRANSFER,19129.05,C2164686,38712.66,19583.61,C1109031,180495.69,199624.74,0
17,TRANSFER,290.67,C8519121,9701.52,9410.85,C4010529,184433.71,184724.38,0
17,CASH_OUT,25144.64,C3608513,28497.46,3352.82,C3117636,137475.71,162620.35,0
17,DEBIT,19920.72,C7523941,82447.76,62527.04,C2919136,485570.35,505491.07,0
17,PAYMENT,43160.63,C6910964,92190.68,49030.05,M2721170,236724.21,279884.84,0
17,CASH_IN,40373.46,C4539704,43257.16,2883.7,C5567533,447132.57,487506.03,0
17,TRANSFER,35284.92,C4240180,43567.38,8282.46,C6033115,417032.22,452317.14,0
17,PAYMENT,2811.84,C7273233,12559.39,9747.55,M5227787,272041.74,274853.58,0
17,TRANSFER,32758.71,C6770619,116486.06,83727.35,C3118618,424115.01,456873.72,0
17,CASH_OUT,44887.85,C7907400,96521.89,51634.04,C5842082,470272.58,515160.43,0
17,PAYMENT,3257.1,C4939290,76152.81,72895.71,M6205543,41984.35,45241.45,0
17,DEBIT,2234.98,C5960271,43160.13,40925.15,C2661307,317649.86,319884.84,0
17,PAYMENT,15565.11,C8245685,27336.57,11771.46,M1305857,233126.14,248691.25,0
17,PAYMENT,28313.8,C7454081,39939.97,11626.17,M9393009,45280.86,73594.66,0
17,PAYMENT,9291.09,C2322047,88164.76,78873.67,M6861544,108762.93,118054.02,0
17,CASH_OUT,23022.85,C9002392,106753.68,83730.83,C7818732,321158.7,344181.55,0
17,TRANSFER,37372.95,C6304573,42706.48,5333.53,C8519121,352956.98,390329.93,0
17,TRANSFER,13955.38,C8095702,55353.66,41398.28,C6767292,417637.63,431593.01,0
17,CASH_OUT,44179.59,C4240180,70115.0,25935.41,C5502929,219799.16,263978.75,1
17,CASH_OUT,28939.02,C6123430,73906.33,44967.31,C3427461,315513.2,344452.22,0
17,TRANSFER,1846.19,C7208460,17416.61,15570.42,C9312590,284355.65,286201.84,0
17,DEBIT,17352.61,C9224219,51570.73,34218.12,C9576076,484245.23,501597.84,0
17,CASH_IN,41494.59,C4761823,92821.84,51327.25,C7829332,105360.99,146855.58,0
17,TRANSFER,23389.73,C5107245,75092.71,51702.98,C5977931,315556.83,338946.56,0
17,DEBIT,6999.37,C4213524,63376.31,56376.94,C8248238,329152.4,336151.77,0
17,PAYMENT,16125.38,C1848731,103058.29,86932.91,M4593556,3949.15,20074.53,0
17,DEBIT,23780.04,C6716097,42491.19,18711.15,C3351868,179002.27,202782.31,0
17,TRANSFER,23347.39,C6799667,67248.26,43900.87,C4226067,308306.16,331653.55,0
17,CASH_IN,28802.5,C6680114,76159.71,47357.21,C3037191,121794.36,150596.86,0
17,CASH_OUT,30051.09,C5311242,60068.42,30017.33,C6213522,485382.84,515433.93,0
18,TRANSFER,38161.02,C5693260,80259.62,42098.6,C9147706,387036.22,425197.24,0
18,CASH_IN,20043.5,C6960453,71263.94,51220.44,C2724590,461176.8,481220.3,0
18,CASH_IN,48262.13,C5205279,143411.52,95149.39,C5960271,283994.14,332256.27,0
18,TRANSFER,6503.24,C9235577,103535.75,97032.51,C5476583,154636.77,161140.01,0
18,TRANSFER,40076.47,C2239197,56610.68,16534.21,C1865901,421.6,40498.07,1
18,TRANSFER,15071.1,C6672134,38689.46,23618.36,C1641849,101660.99,116732.09,0
18,PAYMENT,36209.48,C5394880,120776.32,84566.84,M5000351,187128.91,223338.39,0
18,DEBIT,7974.9,C8526486,62957.81,54982.91,C6910964,197023.65,204998.55,0
18,TRANSFER,45642.52,C1674975,116264.93,70622.41,C9106886,381528.09,427170.61,1
18,TRANSFER,15924.65,C1156287,93250.69,77326.04,C1484348,449010.65,464935.3,0
18,DEBIT,29850.97,C7074006,64537.69,34686.72,C3154051,334938.34,364789.31,0
18,CASH_IN,1354.54,C6507321,38267.8,36913.26,C5793722,169925.48,171280.02,0
18,PAYMENT,30532.22,C8350368,95089.95,64557.73,M8225192,69039.95,99572.17,0
18,TRANSFER,2221.95,C9179730,11506.99,9285.04,C7668663,192033.27,194255.22,0
18,TRANSFER,21291.31,C9937982,59972.86,38681.55,C2561176,410637.51,431928.82,0
18,PAYMENT,13058.36,C5006492,29412.65,16354.29,M3456926,341169.89,354228.25,0
18,PAYMENT,23251.49,C2191066,91858.05,68606.56,M9531021,50702.55,73954.04,0
18,DEBIT,40179.48,C5661907,72082.06,31902.58,C6171716,287341.1,327520.58,0
18,DEBIT,34318.07,C8090293,99699.79,65381.72,C3361510,335097.46,369415.53,0
18,DEBIT,38570.27,C6952975,64435.17,25864.9,C7395997,317058.59,355628.86,0
18,CASH_IN,40358.18,C4020853,77640.71,37282.53,C3276065,236773.64,277131.82,0
18,CASH_OUT,42209.98,C2000560,120759.45,78549.47,C7550190,490367.25,532577.23,0
18,DEBIT,43517.01,C2074176,44212.68,695.67,C1852264,474100.61,517617.62,0
18,CASH_IN,12899.25,C8628891,56388.05,43488.8,C8736811,232381.59,245280.84,0
18,PAYMENT,6086.36,C5436878,42796.77,36710.41,M5782563,444582.97,450669.33,0
18,CASH_OUT,12623.82,C1861958,89307.2,76683.38,C5118725,11765.17,24388.99,0
18,CASH_OUT,8944.62,C5886520,10696.52,1751.9,C3493017,162316.28,171260.9,0
18,PAYMENT,29792.99,C1547605,82919.84,53126.85,M8212753,198107.28,227900.27,0
18,TRANSFER,4211.5,C8835373,76890.24,72678.74,C2375453,316460.01,320671.51,0
18,DEBIT,44636.91,C4786401,113536.11,68899.2,C3650391,122050.35,166687.26,0
18,CASH_IN,28457.72,C8698256,61116.57,32658.85,C7264956,19143.69,47601.41,0
18,CASH_IN,48842.4,C4078418,100105.63,51263.23,C7850944,362699.54,411541.94,0
18,CASH_OUT,46372.75,C9179730,86446.71,40073.96,C4918527,91965.18,138337.93,0
18,PAYMENT,41844.3,C2255409,121208.78,79364.48,M2932288,285447.56,327291.86,0
18,CASH_OUT,30782.92,C2020480,100208.63,69425.71,C2044645,24415.61,55198.53,0
18,CASH_IN,23651.19,C9952696,98338.17,74686.98,C4656838,389154.49,412805.68,0
18,CASH_OUT,25083.14,C3320821,116057.78,90974.64,C9132114,339104.12,364187.26,0
18,CASH_OUT,262.5,C9576076,78467.56,78205.06,C9996414,328606.39,328868.89,0
18,CASH_OUT,13359.99,C5545223,35492.36,22132.37,C6692553,9036.46,22396.45,0
18,CASH_OUT,11060.68,C1212267,69852.1,58791.42,C8118722,317386.33,328447.01,0
18,CASH_OUT,27077.48,C7121355,28334.2,1256.72,C3560856,170297.99,197375.47,0
18,CASH_OUT,41133.21,C5641923,126568.81,85435.6,C6068760,249487.32,290620.53,0
18,TRANSFER,33652.57,C3141239,36879.22,3226.65,C4769851,426145.84,459798.41,0
18,PAYMENT,31572.89,C2620082,39882.09,8309.2,M8103580,374005.45,405578.34,0
18,CASH_IN,18465.88,C8306261,63615.8,45149.92,C9907391,233690.05,252155.93,0
18,TRANSFER,31246.89,C3970445,87736.13,56489.24,C2362099,207696.5,238943.39,0
18,PAYMENT,37571.91,C1689025,111977.11,74405.2,M5000351,494840.12,532412.03,0
18,DEBIT,46059.6,C6033115,106771.77,60712.17,C5666692,424834.1,470893.7,0
18,PAYMENT,19793.53,C4940441,76868.03,57074.5,M7785090,89311.22,109104.75,0
18,TRANSFER,38346.06,C6213522,79197.68,40851.62,C2919549,375640.46,413986.52,0
18,DEBIT,45023.94,C1430812,122073.91,77049.97,C4867786,315137.83,360161.77,0
18,CASH_OUT,25120.21,C2066326,47630.13,22509.92,C7933143,201982.98,227103.19,0
18,DEBIT,14321.31,C9911492,106712.37,92391.06,C2262382,88813.31,103134.62,0
18,CASH_OUT,176.84,C1205779,65795.9,65619.06,C2789344,341675.89,341852.73,0
18,PAYMENT,19173.84,C9125900,60203.22,41029.38,M6192009,318208.44,337382.28,0
18,CASH_IN,11217.39,C8610879,71174.21,59956.82,C6672134,366074.0,377291.39,0
18,PAYMENT,16257.77,C4700025,73188.38,56930.61,M4253164,235956.77,252214.54,0
18,PAYMENT,47592.79,C1768805,102798.53,55205.74,M3587931,431719.14,479311.93,0
18,TRANSFER,22893.87,C7426265,70110.76,47216.89,C6120253,356396.26,379290.13,0
18,TRANSFER,16142.98,C5531230,105587.55,89444.57,C9197443,103503.64,119646.62,0
18,DEBIT,22965.05,C3791137,102640.41,79675.36,C7838382,486402.64,509367.69,0
18,CASH_IN,32072.55,C1763626,56558.9,24486.35,C8210624,361023.13,393095.68,0
18,PAYMENT,354.1,C8755439,87060.37,86706.27,M8452417,497767.28,498121.38,0
18,DEBIT,3527.58,C3493017,91863.28,88335.7,C4048907,268670.72,272198.3,0
18,CASH_IN,32358.0,C7074006,76210.11,43852.11,C5855124,413876.92,446234.92,0
18,PAYMENT,14655.22,C8350368,50992.55,36337.33,M5752087,358312.31,372967.53,0
18,CASH_IN,31467.12,C5821419,110209.47,78742.35,C6569946,51811.51,83278.63,0
18,CASH_OUT,37899.44,C2167449,110098.86,72199.42,C7550190,183232.25,221131.69,0
18,CASH_OUT,7106.09,C8816912,28114.59,21008.5,C5311242,48562.85,55668.94,0
18,PAYMENT,22917.52,C5398338,98615.58,75698.06,M8763013,171221.45,194138.97,0
18,DEBIT,16539.75,C4020853,73362.87,56823.12,C2408404,297214.06,313753.81,0
18,TRANSFER,7409.72,C8047416,29511.87,22102.15,C5663623,185425.56,192835.28,0
18,CASH_OUT,35693.02,C2436347,92457.01,56763.99,C7194416,152370.68,188063.7,0
18,DEBIT,33667.2,C3710895,48319.81,14652.61,C4426900,146166.44,179833.64,0
18,DEBIT,12872.71,C9468772,97964.63,85091.92,C7210606,291615.19,304487.9,0
18,TRANSFER,29215.9,C8746014,101329.84,72113.94,C3386328,372728.62,401944.52,0
18,CASH_IN,20298.17,C5476257,84683.32,64385.15,C5163953,293567.71,313865.88,0
18,CASH_IN,15721.67,C2532210,102262.54,86540.87,C8419378,242622.89,258344.56,0
18,TRANSFER,43540.41,C3760597,91940.25,48399.84,C4818418,189936.18,233476.59,0
18,PAYMENT,17124.93,C8987516,39555.93,22431.0,M2145653,139157.77,156282.7,0
18,PAYMENT,32503.33,C5886520,78435.5,45932.17,M2369112,456351.25,488854.58,0
18,PAYMENT,42000.46,C5205279,116138.25,74137.79,M8581856,181780.17,223780.63,0
18,PAYMENT,19930.58,C4191175,70672.23,50741.65,M3163449,135736.78,155667.36,0
18,CASH_IN,42331.81,C6060517,139375.53,97043.72,C4769795,27987.4,70319.21,0
18,CASH_IN,26152.21,C8048838,105879.2,79726.99,C9961107,91342.33,117494.54,0
18,TRANSFER,11424.71,C5283671,15447.99,4023.28,C7685149,304568.85,315993.56,0
18,CASH_IN,13881.05,C1744682,104495.15,90614.1,C1009594,66274.47,80155.52,0
18,CASH_OUT,3052.65,C9468772,61620.39,58567.74,C2044645,290635.22,293687.87,0
18,DEBIT,4922.53,C7402509,83924.14,79001.61,C5217853,36527.27,41449.8,0
18,DEBIT,5829.16,C1987737,25568.78,19739.62,C7121355,271184.42,277013.58,0
18,TRANSFER,29918.71,C1481506,30878.96,960.25,C3595941,214877.82,244796.53,0
18,PAYMENT,36001.87,C2686231,94895.62,58893.75,M8783840,317466.28,353468.15,0
18,DEBIT,49611.96,C8312114,109747.37,60135.41,C5587308,246302.57,295914.53,0
18,TRANSFER,16438.68,C9084065,44814.25,28375.57,C3049499,322639.82,339078.5,0
18,CASH_OUT,43364.38,C7542890,70893.21,27528.83,C2242892,280632.16,323996.54,0
18,DEBIT,5582.39,C1463060,6234.12,651.73,C7136687,446683.6,452265.99,0
18,CASH_IN,23530.61,C5186414,30086.56,6555.95,C2164686,216007.46,239538.07,0
18,CASH_OUT,4737.45,C8443690,68525.75,63788.3,C3503120,269295.05,274032.5,0
18,TRANSFER,9687.84,C4586084,31009.48,21321.64,C5652512,250889.84,260577.68,0
18,CASH_OUT,38323.36,C4189885,106797.99,68474.63,C5191056,463775.75,502099.11,0
19,TRANSFER,28554.71,C3710895,44193.48,15638.77,C9123504,383198.69,411753.4,0
19,TRANSFER,42619.34,C2262382,138290.04,95670.7,C5747930,490577.2,533196.54,0
19,DEBIT,38989.95,C2151225,132274.3,93284.35,C8481188,235990.84,274980.79,0
19,CASH_OUT,18545.85,C4205394,91216.81,72670.96,C2721135,414615.65,433161.5,0
19,CASH_OUT,22490.9,C7477326,61845.12,39354.22,C6530541,208561.82,231052.72,0
19,DEBIT,2774.82,C5089126,67354.09,64579.27,C2259379,69965.14,72739.96,0
19,DEBIT,38354.76,C3094235,59215.66,20860.9,C1006810,358336.35,396691.11,0
19,CASH_OUT,41629.26,C5855124,84379.09,42749.83,C9990305,191203.17,232832.43,0
19,TRANSFER,39875.76,C8610879,125516.1,85640.34,C5821419,53417.29,93293.05,0
19,TRANSFER,8029.29,C3217273,103233.83,95204.54,C5801541,473354.06,481383.35,0
19,DEBIT,34393.17,C7667458,62407.43,28014.26,C4700025,303352.42,337745.59,0
19,DEBIT,2975.25,C8294150,30579.87,27604.62,C3503120,184724.41,187699.66,0
19,CASH_OUT,5560.43,C2677407,38014.98,32454.55,C8099076,387621.45,393181.88,0
19,DEBIT,41217.29,C2548511,98626.1,57408.81,C7358385,280918.19,322135.48,0
19,DEBIT,12268.88,C5673599,88547.6,76278.72,C7390515,130359.57,142628.45,0
19,CASH_IN,40867.33,C4226067,118077.4,77210.07,C8351517,34001.95,74869.28,0
19,CASH_OUT,47860.43,C4318855,122587.75,74727.32,C1941524,107406.41,155266.84,0
19,TRANSFER,23045.58,C9235577,90812.46,67766.88,C3135534,352030.16,375075.74,0
19,CASH_OUT,30184.81,C4823498,42103.85,11919.04,C8351517,205389.48,235574.29,0
19,DEBIT,40305.18,C2839607,46333.82,6028.64,C1264762,494821.54,535126.72,0
19,CASH_OUT,819.9,C7375499,96798.73,95978.83,C3741438,436540.44,437360.34,0
19,CASH_OUT,39508.97,C7392547,96990.52,57481.55,C2709620,317186.92,356695.89,0
19,PAYMENT,28269.69,C8956894,81445.93,53176.24,M8007741,399295.49,427565.18,0
19,PAYMENT,28700.52,C1135861,103891.25,75190.73,M3972018,383557.64,412258.16,0
19,DEBIT,40889.61,C7022335,129825.19,88935.58,C3937176,497174.84,538064.45,0
19,TRANSFER,32525.68,C5446912,97309.67,64783.99,C6555772,169904.86,202430.54,0
19,CASH_IN,39057.83,C7878299,79204.44,40146.61,C7067228,146906.89,185964.72,0
19,CASH_IN,41412.85,C9996414,63935.84,22522.99,C8038374,213574.82,254987.67,0
19,CASH_OUT,42780.18,C6719285,96016.61,53236.43,C4256752,326806.35,369586.53,1
19,CASH_IN,46268.57,C6701311,65153.31,18884.74,C1059486,74141.9,120410.47,0
19,CASH_OUT,9087.52,C5663623,69279.67,60192.15,C8520810,422349.16,431436.68,0
19,TRANSFER,27008.41,C2437026,114064.02,87055.61,C4816534,464232.75,491241.16,0
19,TRANSFER,10093.05,C5186414,109193.41,99100.36,C6338112,116489.43,126582.48,0
19,TRANSFER,38619.54,C7120868,126383.3,87763.76,C6855396,472193.32,510812.86,0
19,PAYMENT,41709.52,C1348050,86104.77,44395.25,M5582979,371971.19,413680.71,0
19,TRANSFER,19027.02,C7014016,58944.84,39917.82,C1602286,102816.13,121843.15,0
19,DEBIT,29514.96,C3011363,126439.34,96924.38,C6944126,253351.67,282866.63,0
19,CASH_IN,36228.67,C2344047,111889.31,75660.64,C4524499,60179.16,96407.83,0
19,DEBIT,37034.69,C5833597,78547.48,41512.79,C6549757,105163.73,142198.42,0
19,PAYMENT,39991.56,C2194198,65520.01,25528.45,M4725179,55996.18,95987.74,0
19,DEBIT,817.11,C9249789,40847.94,40030.83,C8639414,428746.54,429563.65,0
19,CASH_OUT,18026.02,C9234615,61440.91,43414.89,C1326765,423904.08,441930.1,0
19,CASH_OUT,11475.65,C2130789,99069.83,87594.18,C2944841,7925.01,19400.66,0
19,CASH_OUT,36484.16,C4630331,50557.74,14073.58,C4679591,124499.06,160983.22,0
19,CASH_IN,473.6,C4442778,14495.64,14022.04,C8175395,234906.35,235379.95,0
19,PAYMENT,3068.46,C9647849,40238.86,37170.4,M7499771,207438.19,210506.65,0
19,TRANSFER,20967.77,C6866294,117497.79,96530.02,C4442778,370983.34,391951.11,0
19,TRANSFER,18259.75,C1983738,21257.76,2998.01,C7003042,102038.45,120298.2,0
19,DEBIT,31269.37,C8072684,34117.19,2847.82,C6294016,12915.02,44184.39,0
19,PAYMENT,44442.13,C6440561,135799.82,91357.69,M2319479,23249.73,67691.86,0
19,DEBIT,38127.49,C2844258,53944.75,15817.26,C5163555,7469.23,45596.72,0
19,TRANSFER,4615.27,C7089806,101488.31,96873.04,C8633773,232216.66,236831.93,0
19,DEBIT,42808.46,C1727544,56249.0,13440.54,C5821419,301635.55,344444.01,0
19,PAYMENT,15578.43,C9333700,28398.29,12819.86,M9411547,328187.14,343765.57,0
19,CASH_OUT,47845.7,C7754864,97125.87,49280.17,C6481437,415544.68,463390.38,0
19,TRANSFER,10973.36,C5004485,33528.54,22555.18,C2737893,41094.49,52067.85,0
19,PAYMENT,35866.23,C2709620,60844.11,24977.88,M2306317,125335.35,161201.58,0
19,CASH_OUT,16438.0,C6068760,68128.44,51690.44,C4475523,493821.46,510259.46,0
19,CASH_OUT,37997.08,C6033115,80199.18,42202.1,C7054579,330600.91,368597.99,0
19,CASH_IN,36823.15,C6440561,100011.17,63188.02,C7906258,397097.43,433920.58,0
19,TRANSFER,725.94,C4684531,16914.46,16188.52,C3321531,161266.19,161992.13,0
19,CASH_IN,24044.01,C5163953,86915.3,62871.29,C9580255,408494.74,432538.75,0
19,CASH_IN,20288.79,C5107776,82420.05,62131.26,C9349470,272939.71,293228.5,0
19,PAYMENT,37250.57,C3049499,70976.03,33725.46,M6510922,446263.42,483513.99,0
19,CASH_OUT,17055.74,C7136687,62687.34,45631.6,C8217547,48251.71,65307.45,0
19,CASH_OUT,38165.83,C8628588,116361.26,78195.43,C9897858,213257.26,251423.09,0
19,PAYMENT,48238.03,C2375453,70950.54,22712.51,M7661748,228716.72,276954.75,0
19,PAYMENT,6022.68,C6407373,93353.35,87330.67,M8719145,153515.2,159537.88,0
19,DEBIT,27669.39,C2191066,45930.63,18261.24,C3592464,410013.31,437682.7,0
19,CASH_IN,9751.95,C3950888,29619.66,19867.71,C6770619,372297.9,382049.85,0
19,CASH_IN,30050.81,C5641923,116043.43,85992.62,C2006313,262522.61,292573.42,0
19,CASH_IN,18139.18,C8550917,34814.53,16675.35,C8062546,79374.9,97514.08,0
19,TRANSFER,31749.02,C9910914,85831.18,54082.16,C1739653,477565.23,509314.25,0
19,DEBIT,42916.18,C2813596,138821.86,95905.68,C3684052,474449.55,517365.73,0
19,CASH_OUT,19494.72,C3475548,108869.17,89374.45,C4165061,234002.07,253496.79,0
19,TRANSFER,36080.17,C1481506,43567.22,7487.05,C2867825,354170.53,390250.7,0
19,CASH_OUT,10445.65,C6159230,85962.61,75516.96,C9517485,70151.64,80597.29,0
19,DEBIT,41123.84,C6551268,119755.12,78631.28,C1019311,323042.31,364166.15,0
19,DEBIT,29574.91,C7542890,36628.07,7053.16,C4486102,481678.67,511253.58,0
19,CASH_OUT,7030.61,C1229419,79628.51,72597.9,C2140194,292964.86,299995.47,0
19,TRANSFER,10299.5,C6022741,86357.96,76058.46,C5299055,5384.52,15684.02,0
19,PAYMENT,26035.81,C5205279,103201.61,77165.8,M8713396,299223.25,325259.06,0
19,TRANSFER,33024.47,C8796514,87150.42,54125.95,C3011363,305017.85,338042.32,0
19,TRANSFER,3529.43,C1899411,98478.22,94948.79,C3556551,20485.82,24015.25,0
19,CASH_OUT,5650.75,C5953150,64148.61,58497.86,C3551903,438121.16,443771.91,0
19,DEBIT,37925.39,C8658158,48230.41,10305.02,C5651899,498802.65,536728.04,0
19,CASH_IN,47987.12,C4771676,134923.25,86936.13,C7960328,332455.31,380442.43,0
19,DEBIT,21089.49,C1247595,105321.99,84232.5,C7296605,366221.32,387310.81,0
19,CASH_OUT,32016.87,C6071208,98714.72,66697.85,C7328534,125624.53,157641.4,0
19,CASH_OUT,4163.84,C4078418,28438.26,24274.42,C2263313,247488.04,251651.88,0
19,CASH_IN,21694.01,C5232413,121424.26,99730.25,C8434500,413130.41,434824.42,0
19,DEBIT,28037.93,C1863121,88700.71,60662.78,C5521644,435196.73,463234.66,0
19,DEBIT,2114.64,C9147706,59677.19,57562.55,C4214348,58736.68,60851.32,0
19,TRANSFER,18041.43,C5006492,89870.33,71828.9,C9697969,19932.46,37973.89,0
19,DEBIT,42613.13,C8199311,46340.75,3727.62,C5651899,199346.37,241959.5,0
19,DEBIT,33456.73,C7377459,90149.73,56693.0,C8640615,12072.21,45528.94,0
19,CASH_OUT,4949.22,C2171218,77854.96,72905.74,C6960453,424715.04,429664.26,0
19,CASH_OUT,17935.86,C5163953,115293.82,97357.96,C3634980,124350.54,142286.4,0
19,DEBIT,39187.65,C5638893,109098.09,69910.44,C3650391,317403.66,356591.31,0
19,TRANSFER,10476.96,C9901266,84547.44,74070.48,C9990305,376659.58,387136.54,0
20,TRANSFER,42237.55,C8930103,77418.02,35180.47,C2721135,269117.38,311354.93,0
20,TRANSFER,15833.54,C9667566,107250.67,91417.13,C4078418,45216.24,61049.78,0
20,DEBIT,15653.09,C7850067,91309.54,75656.45,C6799667,101074.56,116727.65,0
20,DEBIT,17536.19,C6312692,93013.27,75477.08,C8132648,479654.17,497190.36,0
20,CASH_OUT,806.21,C5273534,31858.97,31052.76,C9900022,253059.64,253865.85,0
20,CASH_IN,14817.22,C2432176,32608.03,17790.81,C8684678,309235.49,324052.71,0
20,PAYMENT,9938.99,C7829332,95159.87,85220.88,M4985095,72882.72,82821.71,0
20,CASH_OUT,26646.06,C5480460,118771.89,92125.83,C2217071,51813.01,78459.07,0
20,CASH_OUT,30674.87,C1120642,130618.76,99943.89,C9123504,221268.03,251942.9,0
20,PAYMENT,12302.72,C8412769,14938.64,2635.92,M1656695,112234.3,124537.02,0
20,TRANSFER,12275.13,C8795419,77064.64,64789.51,C5821419,107984.05,120259.18,0
20,PAYMENT,14846.69,C5918715,98639.76,83793.07,M1447451,207262.92,222109.61,0
20,CASH_IN,49918.65,C4305700,68524.45,18605.8,C2171218,259285.69,309204.34,0
20,DEBIT,31366.48,C1615675,102041.07,70674.59,C7360307,490958.1,522324.58,0
20,CASH_OUT,21571.42,C2198058,53586.89,32015.47,C2299954,178537.09,200108.51,0
20,TRANSFER,16089.91,C9002392,73985.76,57895.85,C8684678,48310.7,64400.61,0
20,CASH_IN,35420.61,C8583392,45901.37,10480.76,C6137284,413146.88,448567.49,0
20,TRANSFER,36008.11,C7689582,82536.75,46528.64,C5180853,287129.58,323137.69,0
20,PAYMENT,23017.34,C6312692,82123.63,59106.29,M7478792,32328.88,55346.22,0
20,TRANSFER,1115.54,C3442255,66143.3,65027.76,C2126310,447920.82,449036.36,0
20,DEBIT,43380.18,C4415796,111580.88,68200.7,C1009594,32706.38,76086.56,0
20,CASH_OUT,28491.98,C3728882,71574.98,43083.0,C7183841,382182.6,410674.58,0
20,TRANSFER,49310.47,C8971465,80293.0,30982.53,C2324869,348602.99,397913.46,0
20,TRANSFER,28497.17,C7216461,42920.48,14423.31,C5587308,269806.31,298303.48,0
20,CASH_IN,15729.79,C4903402,86941.16,71211.37,C1192619,179174.76,194904.55,0
20,PAYMENT,38733.3,C3109911,91710.5,52977.2,M3302417,365190.17,403923.47,0
20,TRANSFER,12447.49,C5682940,15396.25,2948.76,C9996207,464413.09,476860.58,0
20,PAYMENT,16596.19,C7897151,73996.48,57400.29,M7111929,474514.95,491111.14,0
20,DEBIT,40247.65,C8885465,54098.6,13850.95,C6183033,171647.67,211895.32,0
20,PAYMENT,15566.66,C7685149,103473.11,87906.45,M5727345,249840.91,265407.57,0
20,TRANSFER,13032.67,C7361002,48152.74,35120.07,C6323376,323612.64,336645.31,0
20,PAYMENT,16992.61,C7897151,42769.39,25776.78,M8870361,439650.63,456643.24,0
20,PAYMENT,49100.69,C9517485,58649.72,9549.03,M5962567,864.45,49965.14,0
20,CASH_IN,638.8,C5970190,31265.19,30626.39,C6533187,400019.09,400657.89,0
20,CASH_IN,28172.6,C9153566,47020.81,18848.21,C8896868,310436.2,338608.8,0
20,TRANSFER,26765.35,C4786401,113975.06,87209.71,C6692553,456307.31,483072.66,0
20,CASH_IN,18714.67,C4240180,89351.43,70636.76,C4816586,439835.97,458550.64,0
20,TRANSFER,25371.36,C1771600,87579.62,62208.26,C3871230,467646.52,493017.88,0
20,PAYMENT,40362.17,C5936453,51139.66,10777.49,M5746166,341516.03,381878.2,0
20,CASH_IN,25929.26,C8526486,45245.23,19315.97,C2957497,77626.31,103555.57,0
20,CASH_IN,46000.76,C8736811,129177.77,83177.01,C8612081,392031.32,438032.08,0
20,PAYMENT,33438.57,C2876828,58060.79,24622.22,M3144023,70690.69,104129.26,0
20,DEBIT,9425.13,C8741810,45257.27,35832.14,C5443951,458305.25,467730.38,0
20,DEBIT,40547.26,C4191175,49642.61,9095.35,C4475523,327402.07,367949.33,0
20,CASH_IN,28154.2,C2906718,67572.69,39418.49,C3475548,273190.56,301344.76,0
20,TRANSFER,14135.25,C4576135,90487.51,76352.26,C8225725,146479.58,160614.83,0
20,DEBIT,20217.86,C8893693,69264.39,49046.53,C1120642,245619.7,265837.56,0
20,CASH_OUT,28067.04,C5234550,77828.5,49761.46,C9667566,393179.98,421247.02,0
20,CASH_OUT,38544.43,C2871534,121670.15,83125.72,C4991829,94039.45,132583.88,0
20,PAYMENT,15362.92,C6873938,32698.8,17335.88,M8101036,156826.82,172189.74,0
20,PAYMENT,26719.26,C2525206,65209.4,38490.14,M2105817,175882.81,202602.07,0
20,CASH_IN,2631.24,C8876745,55029.68,52398.44,C4645180,89145.06,91776.3,0
20,CASH_OUT,34059.86,C7073292,43924.93,9865.07,C5107776,474982.15,509042.01,0
20,TRANSFER,35623.4,C5446912,85150.92,49527.52,C5813613,285572.67,321196.07,0
20,CASH_IN,789.48,C6837817,90821.55,90032.07,C8411939,58165.51,58954.99,0
20,CASH_OUT,246.89,C4589533,98687.09,98440.2,C5602180,493542.75,493789.64,0
20,TRANSFER,18595.47,C7844947,34188.37,15592.9,C7073292,299375.82,317971.29,0
20,CASH_IN,33429.95,C4918527,104447.19,71017.24,C2815603,451043.91,484473.86,0
20,CASH_OUT,10251.77,C5002120,79279.9,69028.13,C8663605,207943.68,218195.45,0
20,DEBIT,18862.82,C5273534,44205.37,25342.55,C2515030,5214.85,24077.67,0
20,DEBIT,2099.55,C5096953,68395.85,66296.3,C4426900,111487.3,113586.85,0
20,PAYMENT,5772.77,C7619862,24108.63,18335.86,M5856117,163689.28,169462.05,0
20,CASH_OUT,47766.31,C8350368,101392.32,53626.01,C9937982,142352.41,190118.72,0
20,PAYMENT,38051.85,C9363326,133072.76,95020.91,M3532644,277374.99,315426.84,0
20,DEBIT,10047.4,C3112652,56943.1,46895.7,C1538552,54671.95,64719.35,0
20,TRANSFER,1911.18,C2477398,10271.98,8360.8,C5453786,346808.4,348719.58,0
20,PAYMENT,12095.17,C8344375,85929.8,73834.63,M8023963,221011.91,233107.08,0
20,PAYMENT,33147.21,C7224540,110002.13,76854.92,M2264218,362455.08,395602.29,0
20,PAYMENT,28444.38,C1059486,114393.14,85948.76,M9831414,125401.08,153845.46,0
20,TRANSFER,17512.36,C7361002,56643.55,39131.19,C3653446,76548.76,94061.12,0
20,CASH_OUT,25284.67,C3237058,88006.03,62721.36,C3995870,167944.31,193228.98,0
20,DEBIT,1275.23,C4816586,85617.46,84342.23,C9153566,300830.03,302105.26,0
20,CASH_OUT,27847.09,C3253031,124264.74,96417.65,C9901266,28356.56,56203.65,0
20,PAYMENT,20502.11,C9610704,82360.73,61858.62,M8434202,84957.62,105459.73,0
20,CASH_OUT,18524.9,C3253031,86956.56,68431.66,C8434500,2950.8,21475.7,0
20,PAYMENT,28139.96,C8630712,40104.17,11964.21,M9993490,112259.04,140399.0,0
20,PAYMENT,28186.3,C8099076,93072.56,64886.26,M9148051,455405.73,483592.03,0
20,CASH_IN,32243.06,C2709620,77210.18,44967.12,C1615675,374034.7,406277.76,0
20,DEBIT,30634.3,C7982241,78547.21,47912.91,C8736811,449288.38,479922.68,0
20,DEBIT,26827.37,C4916201,41268.11,14440.74,C5180853,318546.61,345373.98,0
20,TRANSFER,48152.35,C6276722,136346.1,88193.75,C7610562,184039.05,232191.4,1
20,CASH_OUT,7207.75,C6797629,78276.33,71068.58,C7435505,270749.26,277957.01,0
20,TRANSFER,49374.59,C5130808,70184.68,20810.09,C5024269,202896.18,252270.77,0
20,DEBIT,36675.13,C6024207,83026.85,46351.72,C6276722,168900.67,205575.8,0
20,DEBIT,6664.4,C1879109,31265.11,24600.71,C8411939,356294.93,362959.33,0
20,CASH_IN,9738.15,C5456573,64558.7,54820.55,C7454081,381988.29,391726.44,0
20,DEBIT,18747.08,C2436347,58030.04,39282.96,C1409790,235116.23,253863.31,0
20,CASH_IN,32615.35,C9293086,37703.92,5088.57,C2171218,108589.07,141204.42,0
20,CASH_IN,44497.33,C6533187,87675.71,43178.38,C6595355,471599.64,516096.97,0
20,PAYMENT,34701.54,C5835492,101400.89,66699.35,M9993490,136659.99,171361.53,0
20,CASH_IN,38464.31,C7844947,116650.2,78185.89,C1485753,98904.87,137369.18,0
20,DEBIT,15831.37,C1327691,92093.4,76262.03,C7640184,243342.49,259173.86,0
20,CASH_IN,46651.68,C3126655,114270.62,67618.94,C4842788,393481.13,440132.81,0
20,PAYMENT,1083.09,C1192619,86343.18,85260.09,M2421349,156646.94,157730.03,0
20,CASH_OUT,10158.32,C2548511,40914.5,30756.18,C3472189,33011.54,43169.86,0
20,CASH_IN,45463.19,C8043620,92971.92,47508.73,C5921894,351801.61,397264.8,0
20,CASH_OUT,15168.99,C7251976,105250.7,90081.71,C3138181,76008.45,91177.44,0
20,DEBIT,5930.84,C3426689,62097.25,56166.41,C7194416,314341.25,320272.09,0
20,CASH_OUT,34501.29,C8030010,100888.2,66386.91,C8096887,73323.15,107824.44,0
20,DEBIT,4862.48,C4567281,92885.66,88023.18,C4576135,236406.54,241269.02,0
21,DEBIT,8531.19,C7350753,101625.41,93094.22,C4771676,292445.6,300976.79,0
21,TRANSFER,22372.2,C7350753,117032.61,94660.41,C7392547,283391.5,305763.7,0
21,CASH_OUT,49390.89,C9396529,67114.44,17723.55,C2437026,312015.55,361406.44,0
21,TRANSFER,5557.48,C7851696,34792.43,29234.95,C4231028,396390.93,401948.41,0
21,PAYMENT,17742.05,C6503032,79928.27,62186.22,M8434202,295161.37,312903.42,0
21,TRANSFER,18267.15,C1486955,69609.43,51342.28,C4305700,491018.2,509285.35,0
21,PAYMENT,24485.56,C3970445,89426.07,64940.51,M7631419,350257.44,374743.0,0
21,CASH_OUT,22452.06,C3589751,26497.63,4045.57,C1861958,374998.81,397450.87,0
21,DEBIT,32973.93,C3118618,36111.31,3137.38,C8575834,436020.01,468993.94,0
21,CASH_IN,543.79,C8199311,30814.84,30271.05,C3094235,99821.2,100364.99,0
21,DEBIT,19007.05,C1538552,88692.66,69685.61,C1520596,167817.46,186824.51,0
21,CASH_IN,42682.8,C8935224,113410.85,70728.05,C5587308,66170.07,108852.87,0
21,CASH_OUT,35958.66,C7942639,84841.7,48883.04,C8235969,133336.26,169294.92,0
21,DEBIT,45939.62,C1527021,132087.53,86147.91,C6144280,447909.57,493849.19,0
21,PAYMENT,40539.65,C7818496,47981.11,7441.46,M7450545,186694.15,227233.8,0
21,TRANSFER,28599.72,C6363836,114968.76,86369.04,C5672073,4822.62,33422.34,0
21,PAYMENT,36827.81,C2242892,52452.19,15624.38,M3013003,313063.19,349891.0,0
21,DEBIT,31553.84,C5602180,92810.36,61256.52,C2564689,28083.21,59637.05,0
21,TRANSFER,9984.07,C4860684,19154.46,9170.39,C8290770,475695.96,485680.03,0
21,PAYMENT,21654.14,C5013879,26654.0,4999.86,M8419020,39705.98,61360.12,0
21,CASH_OUT,31276.33,C7110622,113031.42,81755.09,C7121355,354118.81,385395.14,0
21,DEBIT,30276.84,C6799667,59083.19,28806.35,C1822825,338079.67,368356.51,0
21,PAYMENT,22131.39,C1548888,30087.22,7955.83,M3610197,487095.18,509226.57,0
21,CASH_OUT,7203.2,C8441741,104475.57,97272.37,C4026879,349983.51,357186.71,0
21,PAYMENT,9418.04,C3005795,25660.4,16242.36,M8581856,317648.46,327066.5,0
21,CASH_IN,14843.01,C2171218,78902.51,64059.5,C7847048,109129.11,123972.12,0
21,CASH_OUT,41225.18,C2077581,41923.49,698.31,C3126655,445278.04,486503.22,0
21,CASH_OUT,37717.31,C9197443,43995.61,6278.3,C3564217,172111.63,209828.94,0
21,PAYMENT,30996.07,C2672884,98399.57,67403.5,M3947669,449319.84,480315.91,0
21,DEBIT,609.83,C4594297,59423.69,58813.86,C6144280,458166.69,458776.52,0
21,CASH_OUT,34906.82,C2876828,61150.55,26243.73,C3595941,419862.59,454769.41,0
21,DEBIT,17912.05,C7138070,67881.54,49969.49,C9284509,381706.24,399618.29,0
21,CASH_OUT,27300.39,C1744682,86023.3,58722.91,C8159521,21349.74,48650.13,0
21,CASH_OUT,20492.52,C8664433,112837.12,92344.6,C5638893,423240.8,443733.32,0
21,DEBIT,23186.56,C4979651,38455.04,15268.48,C7418028,368929.6,392116.16,0
21,DEBIT,20985.66,C4905582,99812.19,78826.53,C5781295,190728.68,211714.34,0
21,TRANSFER,19976.92,C6647119,99114.43,79137.51,C5446344,330886.04,350862.96,0
21,TRANSFER,7560.42,C3995870,17045.04,9484.62,C4262081,195645.82,203206.24,0
21,TRANSFER,13551.8,C7751158,63284.04,49732.24,C4226067,79158.17,92709.97,0
21,CASH_IN,13890.7,C1744682,74573.2,60682.5,C4785186,249568.45,263459.15,0
21,DEBIT,47367.07,C3138181,144277.06,96909.99,C7136687,29880.21,77247.28,0
21,PAYMENT,3354.63,C4630331,64136.4,60781.77,M4725179,70738.9,74093.53,0
21,CASH_IN,47167.47,C7953166,96218.16,49050.69,C6008935,478428.36,525595.83,0
21,TRANSFER,16935.64,C1289293,78098.32,61162.68,C2683838,299557.91,316493.55,0
21,CASH_IN,14102.04,C5200476,51058.79,36956.75,C5374922,485215.35,499317.39,0
21,PAYMENT,895.31,C9396529,25506.3,24610.99,M5012581,472288.38,473183.69,0
21,TRANSFER,45508.2,C7784725,124188.81,78680.61,C3204724,277497.87,323006.07,0
21,CASH_OUT,34919.49,C9770838,113079.0,78159.51,C9990305,286137.48,321056.97,0
21,TRANSFER,35408.16,C6363836,84266.95,48858.79,C8030010,234876.27,270284.43,0
21,PAYMENT,15679.87,C2651177,90699.1,75019.23,M6649968,311803.5,327483.37,0
21,PAYMENT,26466.49,C4342306,33159.03,6692.54,M6761929,194788.24,221254.73,0
21,TRANSFER,39566.17,C7189034,75944.42,36378.25,C3253031,388879.64,428445.81,0
21,DEBIT,12336.81,C2719583,47953.69,35616.88,C4816534,310326.26,322663.07,0
21,CASH_IN,7314.55,C5002120,55784.32,48469.77,C3024269,157084.14,164398.69,0
21,CASH_IN,10010.92,C2940214,39572.88,29561.96,C3641282,30281.48,40292.4,0
21,TRANSFER,26179.87,C8031780,51002.52,24822.65,C2709620,188004.45,214184.32,0
21,PAYMENT,14915.87,C8212326,44526.21,29610.34,M2319479,14410.62,29326.49,0
21,DEBIT,3944.7,C7398231,48613.21,44668.51,C4415796,191009.73,194954.43,0
21,TRANSFER,29696.31,C7191135,123386.61,93690.3,C9147706,227971.62,257667.93,0
21,TRANSFER,35317.77,C9349470,51607.88,16290.11,C9937982,64267.84,99585.61,0
21,PAYMENT,6204.51,C4256752,53914.66,47710.15,M3044276,70876.42,77080.93,0
21,DEBIT,27510.85,C5446344,67064.62,39553.77,C9123504,163305.23,190816.08,0
21,PAYMENT,32184.61,C9123504,107833.75,75649.14,M9385742,19690.74,51875.35,0
21,CASH_IN,2802.4,C8670955,9190.19,6387.79,C6069909,33947.33,36749.73,0
21,TRANSFER,5121.64,C5186414,14307.58,9185.94,C5793722,180158.47,185280.11,0
21,CASH_OUT,16914.52,C5634662,91999.59,75085.07,C2429098,246227.85,263142.37,0
21,CASH_IN,3116.9,C6008935,72575.56,69458.66,C1865901,274048.76,277165.66,0
21,PAYMENT,40720.06,C3442255,52244.97,11524.91,M9564488,455712.19,496432.25,0
21,CASH_OUT,11377.53,C3653446,13800.05,2422.52,C3560856,321451.28,332828.81,0
21,TRANSFER,23939.87,C3342608,99792.64,75852.77,C5093379,474983.01,498922.88,0
21,TRANSFER,25034.19,C4213524,100630.5,75596.31,C8630712,335131.5,360165.69,0
21,PAYMENT,25517.24,C8273315,27868.55,2351.31,M7274032,357371.09,382888.33,0
21,DEBIT,27506.05,C7637601,86472.92,58966.87,C8053918,104418.3,131924.35,0
21,CASH_IN,24578.34,C2010496,82736.66,58158.32,C1352896,184059.12,208637.46,0
21,TRANSFER,19865.1,C1739653,20600.09,734.99,C4716988,313839.9,333705.0,0
21,CASH_IN,14078.04,C6243275,65166.0,51087.96,C2532210,79931.66,94009.7,0
21,TRANSFER,37711.03,C9961107,57288.27,19577.24,C5770422,448964.06,486675.09,0
21,DEBIT,5967.19,C8186990,8848.94,2881.75,C3937176,301683.93,307651.12,0
21,CASH_IN,38503.13,C6406444,49772.48,11269.35,C1641849,193726.03,232229.16,0
21,PAYMENT,37143.24,C8411939,113119.17,75975.93,M6303930,367851.26,404994.5,0
21,CASH_OUT,41648.16,C1775337,77741.99,36093.83,C5334434,27183.78,68831.94,0
21,CASH_IN,44511.42,C9147720,95621.36,51109.94,C4262081,154950.78,199462.2,0
21,TRANSFER,41481.06,C2721135,91440.33,49959.27,C8418210,359971.05,401452.11,0
21,DEBIT,49211.63,C3592974,97229.19,48017.56,C5398338,298370.19,347581.82,0
21,TRANSFER,3892.93,C7818496,89161.07,85268.14,C2867825,309638.37,313531.3,0
21,PAYMENT,47339.89,C2867825,91845.95,44506.06,M2105817,364374.11,411714.0,0
21,TRANSFER,4870.66,C8863447,69447.87,64577.21,C8971465,485470.1,490340.76,0
21,CASH_OUT,3814.21,C8491822,33561.2,29746.99,C2166941,17496.38,21310.59,0
21,PAYMENT,15109.49,C8628588,108122.07,93012.58,M9655523,443680.98,458790.47,0
21,TRANSFER,6025.05,C3871230,23483.18,17458.13,C3204724,56293.38,62318.43,0
21,TRANSFER,22767.68,C2167449,50081.14,27313.46,C7279729,11279.47,34047.15,0
21,CASH_IN,23991.45,C6596150,30507.23,6515.78,C2221854,339009.63,363001.08,0
21,PAYMENT,1867.69,C7878299,43110.12,41242.43,M5576678,486453.56,488321.25,0
21,CASH_IN,44871.43,C9897858,115861.6,70990.17,C4327421,359435.42,404306.85,0
21,TRANSFER,40099.03,C2338687,136417.99,96318.96,C1341919,94034.91,134133.94,0
21,PAYMENT,49791.91,C7700828,133331.16,83539.25,M2859886,217672.25,267464.16,0
21,DEBIT,39600.27,C2525206,76003.75,36403.48,C2156902,299024.54,338624.81,0
21,DEBIT,41037.5,C2101965,78364.25,37326.75,C2724590,450910.45,491947.95,0
21,CASH_IN,27042.94,C4231028,67743.1,40700.16,C8558378,290105.9,317148.84,0
21,CASH_OUT,23379.53,C8427625,38142.85,14763.32,C3955087,336328.97,359708.5,0
22,DEBIT,33788.78,C9094999,129927.42,96138.64,C4916201,43222.78,77011.56,0
22,CASH_OUT,44239.77,C3118618,108786.18,64546.41,C5743227,225384.37,269624.14,0
22,TRANSFER,44488.15,C2429098,136318.02,91829.87,C7847048,491357.05,535845.2,1
22,CASH_OUT,27015.15,C8210624,40967.28,13952.13,C8199311,408129.11,435144.26,0
22,TRANSFER,41236.03,C4415140,123580.37,82344.34,C4694634,440361.51,481597.54,0
22,CASH_IN,2108.5,C8434500,2512.55,404.05,C4026879,467252.63,469361.13,0
22,TRANSFER,36988.17,C5770422,48680.3,11692.13,C1233516,365927.35,402915.52,0
22,CASH_OUT,27427.05,C9363326,93116.24,65689.19,C3427461,196399.86,223826.91,0
22,CASH_IN,17563.21,C9094999,40144.69,22581.48,C4965789,321951.13,339514.34,0
22,TRANSFER,41719.12,C2940214,131037.47,89318.35,C1419610,484640.23,526359.35,0
22,DEBIT,7226.33,C8973915,31409.66,24183.33,C4205394,203059.94,210286.27,0
22,TRANSFER,27102.92,C7754864,29453.48,2350.56,C1028374,15548.72,42651.64,0
22,PAYMENT,10362.3,C3154051,35705.69,25343.39,M5856117,475506.33,485868.63,0
22,DEBIT,47244.28,C4769851,117026.13,69781.85,C1109031,150107.74,197352.02,0
22,DEBIT,18752.05,C6709938,80677.83,61925.78,C6569946,459777.84,478529.89,0
22,CASH_IN,29670.88,C5398338,79670.36,49999.48,C5107245,175748.48,205419.36,0
22,CASH_OUT,35034.57,C2754894,112013.31,76978.74,C1522621,211350.83,246385.4,0
22,CASH_IN,31015.38,C4540415,130479.21,99463.83,C8630043,189983.65,220999.03,0
22,DEBIT,37954.88,C4993055,63170.52,25215.64,C8395785,46024.42,83979.3,0
22,TRANSFER,36216.69,C7897151,74201.8,37985.11,C8736811,168691.35,204908.04,0
22,CASH_IN,49200.17,C6440561,80181.53,30981.36,C4213524,388581.89,437782.06,0
22,DEBIT,10835.6,C7435505,11865.0,1029.4,C1908841,64192.08,75027.68,0
22,PAYMENT,46777.55,C1485654,96984.81,50207.26,M6504979,231589.99,278367.54,0
22,CASH_IN,19415.02,C9453010,44735.45,25320.43,C3564251,58834.28,78249.3,0
22,CASH_IN,24560.04,C2324869,109915.55,85355.51,C5531230,19908.25,44468.29,0
22,CASH_IN,16577.47,C1983738,113433.95,96856.48,C8412769,38410.33,54987.8,0
22,DEBIT,24317.51,C2571945,101891.52,77574.01,C8630712,403401.33,427718.84,0
22,TRANSFER,38625.41,C8187926,56893.19,18267.78,C4558780,170035.21,208660.62,0
22,CASH_IN,42278.47,C8481188,123120.32,80841.85,C1485654,474020.57,516299.04,0
22,PAYMENT,5085.87,C5781295,79121.51,74035.64,M8326807,473336.21,478422.08,0
22,CASH_IN,1193.67,C8789116,80627.41,79433.74,C5842082,214986.73,216180.4,0
22,CASH_IN,44885.5,C6101803,55518.31,10632.81,C6404139,236829.0,281714.5,0
22,CASH_OUT,21820.19,C7425184,28337.72,6517.53,C5017343,131387.79,153207.98,0
22,CASH_OUT,23736.53,C5693260,114398.15,90661.62,C7975534,437766.49,461503.02,0
22,PAYMENT,1215.22,C9626108,19894.29,18679.07,M9646569,98258.52,99473.74,0
22,CASH_IN,18672.11,C8628588,25354.0,6681.89,C6481437,394999.08,413671.19,0
22,TRANSFER,29110.2,C4652414,33085.78,3975.58,C2432176,101223.63,130333.83,0
22,CASH_OUT,6669.41,C9633492,43855.27,37185.86,C3678638,255098.01,261767.42,0
22,PAYMENT,5646.5,C5232413,58698.43,53051.93,M5035998,151672.07,157318.57,0
22,TRANSFER,15983.26,C2044645,96105.79,80122.53,C7138070,94333.51,110316.77,0
22,DEBIT,23918.99,C1775337,41160.79,17241.8,C4191175,276516.27,300435.26,0
22,CASH_IN,42936.05,C3109911,109644.28,66708.23,C5727085,428922.82,471858.87,0
22,TRANSFER,43060.66,C5041154,94399.12,51338.46,C6481437,493680.86,536741.52,0
22,TRANSFER,31350.78,C7961578,125111.63,93760.85,C8132648,413987.82,445338.6,0
22,DEBIT,2993.05,C3418526,90059.92,87066.87,C5137722,390316.0,393309.05,0
22,PAYMENT,9638.36,C1433940,54621.19,44982.83,M3722056,418186.22,427824.58,0
22,TRANSFER,37432.94,C9770838,98922.52,61489.58,C4368777,395233.8,432666.74,0
22,DEBIT,32305.59,C3500715,92203.48,59897.89,C7960328,143813.84,176119.43,0
22,PAYMENT,21642.75,C9961380,28276.15,6633.4,M5012581,42421.33,64064.08,0
22,TRANSFER,38648.17,C9375710,66387.11,27738.94,C5567533,140416.74,179064.91,0
22,CASH_OUT,15181.81,C8583392,107114.49,91932.68,C5970190,427689.45,442871.26,0
22,DEBIT,25576.88,C5835492,117922.28,92345.4,C2564141,302602.41,328179.29,0
22,CASH_IN,6871.99,C4093109,76014.4,69142.41,C4194548,487613.33,494485.32,0
22,CASH_IN,25854.71,C3710343,88766.85,62912.14,C8312114,467080.43,492935.14,0
22,CASH_OUT,29725.75,C9468772,122407.73,92681.98,C5081983,162082.18,191807.93,0
22,TRANSFER,28305.09,C8194570,47489.74,19184.65,C4205394,167499.24,195804.33,0
22,DEBIT,13933.32,C6338112,90764.73,76831.41,C2940214,445275.2,459208.52,0
22,TRANSFER,40114.2,C5502929,108824.54,68710.34,C1744682,180743.47,220857.67,0
22,CASH_OUT,10231.18,C4342306,62242.45,52011.27,C9900022,58605.38,68836.56,0
22,CASH_OUT,31933.38,C8411939,50241.16,18307.78,C4093109,323738.67,355672.05,0
22,DEBIT,18756.18,C8750676,90460.32,71704.14,C6682698,466241.96,484998.14,0
22,DEBIT,26875.06,C5727085,87473.44,60598.38,C3768991,126267.85,153142.91,0
22,DEBIT,40657.6,C4147112,47312.24,6654.64,C2719583,405995.59,446653.19,0
22,CASH_OUT,46391.01,C8736811,104749.37,58358.36,C4607488,138545.83,184936.84,0
22,TRANSFER,13292.4,C3118060,72819.58,59527.18,C5436878,238184.08,251476.48,0
22,DEBIT,15663.97,C3646552,27955.63,12291.66,C7705490,380062.21,395726.18,0
22,PAYMENT,2061.32,C2161193,12807.48,10746.16,M8344365,267611.32,269672.64,0
22,TRANSFER,39195.69,C7891662,43189.43,3993.74,C6406444,330148.48,369344.17,0
22,PAYMENT,502.71,C1861958,28921.52,28418.81,M5156449,120340.14,120842.85,0
22,TRANSFER,30919.41,C2815603,123704.56,92785.15,C8890439,176775.72,207695.13,0
22,TRANSFER,7593.63,C8608449,39265.41,31671.78,C6719285,109936.15,117529.78,0
22,DEBIT,10165.03,C5437923,19282.81,9117.78,C1701771,370228.05,380393.08,0
22,CASH_OUT,40479.42,C3011363,65098.72,24619.3,C2651177,203201.1,243680.52,1
22,CASH_IN,8290.47,C4348276,36237.54,27947.07,C2788238,1584.18,9874.65,0
22,CASH_OUT,21765.31,C7718473,43104.09,21338.78,C1941524,50183.31,71948.62,0
22,PAYMENT,20432.65,C6024207,35471.2,15038.55,M4350371,444059.21,464491.86,0
22,CASH_IN,37537.2,C4823498,114042.78,76505.58,C2811298,102564.38,140101.58,0
22,DEBIT,21838.15,C5205279,54046.15,32208.0,C3503120,249516.08,271354.23,0
22,CASH_IN,19401.15,C2651601,56697.26,37296.11,C8801207,351728.19,371129.34,0
22,CASH_IN,41848.62,C9706768,120655.62,78807.0,C4009172,103565.46,145414.08,0
22,CASH_OUT,17669.74,C2919136,89163.12,71493.38,C7542890,449226.3,466896.04,0
22,DEBIT,30025.78,C9333700,98675.0,68649.22,C2338687,281654.56,311680.34,0
22,PAYMENT,22617.77,C4226067,79783.42,57165.65,M3587931,179760.29,202378.06,0
22,PAYMENT,24552.96,C6442103,33499.05,8946.09,M7171347,127462.87,152015.83,0
22,TRANSFER,13463.39,C4048907,29273.21,15809.82,C3946751,109568.39,123031.78,0
22,CASH_IN,32254.0,C8062546,116844.25,84590.25,C6038571,489580.75,521834.75,0
22,CASH_OUT,2408.45,C8481188,73118.9,70710.45,C8935169,79376.84,81785.29,0
22,CASH_IN,34768.69,C2065818,42694.23,7925.54,C9191131,466005.05,500773.74,0
22,DEBIT,7459.98,C1131249,35311.33,27851.35,C2347467,457981.44,465441.42,0
22,TRANSFER,20479.12,C3970445,27157.01,6677.89,C4909069,435905.05,456384.17,0
22,CASH_IN,2616.81,C4740036,57410.67,54793.86,C8047416,471008.05,473624.86,0
22,TRANSFER,11819.9,C6038571,18558.11,6738.21,C8350099,50755.15,62575.05,0
22,TRANSFER,26702.33,C4342306,102788.36,76086.03,C8608449,361604.25,388306.58,0
22,TRANSFER,26687.53,C6262632,105378.37,78690.84,C1327691,162738.93,189426.46,0
22,TRANSFER,38319.82,C5628522,88411.13,50091.31,C5918715,447419.09,485738.91,0
22,DEBIT,6756.11,C3564251,22347.05,15590.94,C1822825,66145.49,72901.6,0
22,CASH_IN,41715.65,C1440466,87956.17,46240.52,C1430812,227472.08,269187.73,0
22,PAYMENT,35674.35,C1669324,42381.75,6707.4,M9164342,188712.55,224386.9,0
22,PAYMENT,14367.25,C3923366,82119.79,67752.54,M7651393,197508.46,211875.71,0
22,CASH_IN,36314.48,C2844258,132524.97,96210.49,C5953150,471642.67,507957.15,0
23,CASH_OUT,39321.37,C6889195,114484.5,75163.13,C3583206,261735.21,301056.58,0
23,DEBIT,8353.11,C6106390,88836.98,80483.87,C2375453,103446.51,111799.62,0
23,CASH_IN,49735.78,C8796514,110175.36,60439.58,C5977931,206206.5,255942.28,0
23,DEBIT,14982.9,C5855124,63705.06,48722.16,C8939993,375155.69,390138.59,0
23,TRANSFER,21782.52,C6752576,108302.24,86519.72,C7913081,395262.15,417044.67,0
23,TRANSFER,32457.08,C9179730,56906.26,24449.18,C4415140,8189.02,40646.1,0
23,TRANSFER,45184.15,C1486955,85108.07,39923.92,C4785186,356445.14,401629.29,0
23,TRANSFER,23170.33,C5745250,47706.93,24536.6,C8852574,72768.74,95939.07,0
23,PAYMENT,14777.95,C1192619,61286.89,46508.94,M1305857,193278.42,208056.37,0
23,DEBIT,3915.39,C8799287,86024.81,82109.42,C1044891,275803.36,279718.75,0
23,PAYMENT,46699.52,C4368777,81947.76,35248.24,M5856117,96739.65,143439.17,0
23,CASH_IN,8305.61,C4078418,82739.38,74433.77,C5569244,280795.05,289100.66,0
23,PAYMENT,1243.93,C7705062,38370.57,37126.64,M8926478,224179.33,225423.26,0
23,CASH_OUT,39927.57,C6018975,102104.84,62177.27,C8558378,142463.58,182391.15,0
23,PAYMENT,40063.19,C6228407,128416.49,88353.3,M3883553,379246.24,419309.43,0
23,DEBIT,38184.35,C6292423,111050.79,72866.44,C8612081,283175.29,321359.64,0
23,PAYMENT,49932.24,C3194789,82947.45,33015.21,M9517619,357135.58,407067.82,0
23,CASH_OUT,7206.13,C6188935,68893.57,61687.44,C6944126,137879.91,145086.04,0
23,TRANSFER,2104.16,C6952975,97460.13,95355.97,C6708456,97246.72,99350.88,0
23,CASH_IN,9691.28,C5641923,64396.88,54705.6,C1621086,127573.94,137265.22,0
23,TRANSFER,38.34,C7089806,85922.41,85884.07,C5186414,132753.84,132792.18,0
23,DEBIT,39352.74,C5093379,130866.14,91513.4,C1135861,82801.97,122154.71,0
23,DEBIT,5720.71,C6797629,67400.55,61679.84,C3503120,489729.07,495449.78,0
23,DEBIT,47783.86,C2408404,103640.72,55856.86,C6701311,444585.15,492369.01,0
23,CASH_OUT,31579.91,C4256752,47139.74,15559.83,C1249314,340978.64,372558.55,0
23,CASH_IN,26007.21,C1430812,48627.1,22619.89,C7534336,11112.6,37119.81,0
23,DEBIT,13616.7,C8438733,63504.14,49887.44,C9293086,362138.39,375755.09,0
23,DEBIT,2573.82,C9293086,13223.5,10649.68,C1454696,73985.98,76559.8,0
23,TRANSFER,42225.96,C5093379,88660.72,46434.76,C7542890,76629.13,118855.09,1
23,CASH_IN,25297.12,C5634662,67226.27,41929.15,C1484348,165606.57,190903.69,0
23,PAYMENT,12132.28,C9418719,89628.88,77496.6,M5286905,463062.25,475194.53,0
23,PAYMENT,21786.82,C7878299,63209.11,41422.29,M6587964,489179.31,510966.13,0
23,CASH_OUT,46880.33,C1841248,70448.56,23568.23,C7818732,439552.92,486433.25,0
23,DEBIT,29425.28,C9361353,114370.29,84945.01,C2672884,143233.8,172659.08,0
23,CASH_IN,40228.43,C8389840,100026.65,59798.22,C8210624,296723.02,336951.45,0
23,PAYMENT,5041.99,C1120642,20046.61,15004.62,M3640899,214271.31,219313.3,0
23,PAYMENT,46719.37,C1739653,46928.1,208.73,M7631419,88786.54,135505.91,0
23,TRANSFER,14578.24,C8367772,81184.06,66605.82,C1547605,43760.09,58338.33,0
23,TRANSFER,44645.06,C3123709,48539.28,3894.22,C8526486,291431.75,336076.81,0
23,CASH_IN,20.65,C4305700,89726.26,89705.61,C5476257,412095.46,412116.11,0
23,DEBIT,5385.85,C3566765,12554.18,7168.33,C3211291,306368.48,311754.33,0
23,TRANSFER,3256.48,C4048907,67602.88,64346.4,C3500715,349971.36,353227.84,0
23,PAYMENT,24825.81,C5180853,28029.18,3203.37,M9770256,426078.22,450904.03,0
23,TRANSFER,34748.49,C7418028,129918.95,95170.46,C5743227,153199.38,187947.87,0
23,DEBIT,20904.3,C5793722,87529.84,66625.54,C8987516,105273.64,126177.94,0
23,DEBIT,7444.56,C8412769,15389.87,7945.31,C7730428,293841.55,301286.11,0
23,PAYMENT,7392.52,C5096953,22325.2,14932.68,M8719145,36721.08,44113.6,0
23,CASH_OUT,34389.41,C7724045,106253.46,71864.05,C4879923,217667.42,252056.83,0
23,PAYMENT,46494.36,C4833486,140237.98,93743.62,M6614484,104885.94,151380.3,0
23,DEBIT,32812.52,C3386328,71891.95,39079.43,C2876932,172542.82,205355.34,0
23,PAYMENT,1578.66,C9147720,20234.91,18656.25,M3587931,248808.46,250387.12,0
23,DEBIT,39188.4,C4630331,52478.73,13290.33,C9911492,163454.09,202642.49,0
23,DEBIT,32923.66,C6242022,33667.53,743.87,C3995870,391603.34,424527.0,0
23,CASH_OUT,20795.89,C7667458,35612.67,14816.78,C5770422,442109.56,462905.45,0
23,TRANSFER,25644.09,C4713925,116374.78,90730.69,C6218367,360392.19,386036.28,0
23,DEBIT,1932.07,C4698379,73068.59,71136.52,C5438490,400104.31,402036.38,0
23,CASH_OUT,16865.62,C1848731,94022.42,77156.8,C5311242,484637.04,501502.66,0
23,TRANSFER,10560.98,C5901239,37905.58,27344.6,C7960607,195345.1,205906.08,0
23,CASH_IN,49681.62,C6188935,126652.8,76971.18,C6680114,365635.54,415317.16,0
23,PAYMENT,22753.08,C9901266,76632.31,53879.23,M7255418,377886.79,400639.87,0
23,PAYMENT,14231.44,C1728977,73163.47,58932.03,M8452417,482542.88,496774.32,0
23,PAYMENT,23731.13,C3493017,115141.65,91410.52,M3689594,304380.23,328111.36,0
23,TRANSFER,46155.24,C8793853,72625.29,26470.05,C9911492,445756.6,491911.84,0
23,TRANSFER,33424.93,C7724045,72906.19,39481.26,C7783308,2142.51,35567.44,0
23,TRANSFER,2036.8,C9911492,41734.82,39698.02,C4879923,215005.38,217042.18,0
23,PAYMENT,40121.53,C8945036,121564.0,81442.47,M4618086,273272.96,313394.49,0
23,DEBIT,827.01,C4205394,50490.57,49663.56,C7402509,290088.12,290915.13,0
23,CASH_IN,33067.82,C6724909,118591.21,85523.39,C4652414,462814.58,495882.4,0
23,DEBIT,28042.13,C4010529,82548.46,54506.33,C4240180,100128.54,128170.67,0
23,DEBIT,3993.05,C7534336,6062.14,2069.09,C3217273,64938.74,68931.79,0
23,CASH_OUT,8459.44,C3955087,50017.0,41557.56,C7610562,452977.27,461436.71,0
23,TRANSFER,36460.8,C8132648,112970.07,76509.27,C2833230,144389.25,180850.05,0
23,CASH_IN,34580.96,C2321324,132862.32,98281.36,C7264956,436610.58,471191.54,0
23,PAYMENT,47679.74,C7089806,144194.11,96514.37,M9464927,56685.38,104365.12,0
23,DEBIT,16883.12,C9264869,63412.84,46529.72,C9610704,61048.76,77931.88,0
23,CASH_IN,13922.25,C1987737,92822.25,78900.0,C8883823,176620.08,190542.33,0
23,DEBIT,40332.03,C3117143,112863.55,72531.52,C9191131,455459.97,495792.0,0
23,CASH_IN,40220.72,C9626108,56449.93,16229.21,C9897858,171050.59,211271.31,0
23,CASH_IN,40762.75,C2829622,88631.79,47869.04,C6539837,462356.95,503119.7,0
23,CASH_OUT,1499.16,C6423634,11856.1,10356.94,C7878299,256209.88,257709.04,0
23,DEBIT,10625.88,C1744682,87972.22,77346.34,C5951651,373867.17,384493.05,0
23,PAYMENT,48807.1,C6323376,104552.88,55745.78,M4955699,228926.59,277733.69,0
23,CASH_OUT,32129.94,C3135534,35767.89,3637.95,C5443951,94040.26,126170.2,0
23,CASH_IN,17777.52,C8248238,59330.89,41553.37,C9014965,418759.56,436537.08,0
23,CASH_OUT,43101.72,C6543670,127403.96,84302.24,C8688755,297324.25,340425.97,0
23,PAYMENT,29648.35,C2630140,85006.86,55358.51,M4955699,275802.29,305450.64,0
23,CASH_OUT,5996.45,C8755439,30600.21,24603.76,C6902401,268540.77,274537.22,0
23,DEBIT,14679.63,C3790237,108584.49,93904.86,C2871534,332411.83,347091.46,0
23,TRANSFER,34798.38,C8312936,62865.19,28066.81,C6596150,424868.5,459666.88,0
23,PAYMENT,48756.73,C3386328,98585.43,49828.7,M9344741,369314.2,418070.93,0
23,DEBIT,1146.38,C9937982,19623.99,18477.61,C7054579,46538.13,47684.51,0
23,TRANSFER,46571.2,C3351868,57908.62,11337.42,C4771676,487319.54,533890.74,0
23,CASH_OUT,44421.54,C2935113,65652.59,21231.05,C6183902,400185.79,444607.33,1
23,CASH_OUT,15581.31,C2919549,106878.63,91297.32,C2811298,39831.57,55412.88,0
23,CASH_IN,46761.11,C6455706,137393.05,90631.94,C5679639,328949.85,375710.96,0
23,PAYMENT,44767.34,C8698256,136651.17,91883.83,M5767195,210085.58,254852.92,0
23,CASH_OUT,13459.72,C9877065,20334.48,6874.76,C3222252,474491.91,487951.63,0
23,CASH_IN,210.43,C2512187,47132.74,46922.31,C5137722,180564.1,180774.53,0
23,CASH_IN,5353.48,C3484601,94855.93,89502.45,C2620082,123787.88,129141.36,0
23,CASH_OUT,8427.31,C3595941,71511.2,63083.89,C8434500,8422.75,16850.06,0
24,TRANSFER,36440.15,C8033426,110226.32,73786.17,C7907400,411087.82,447527.97,0
24,CASH_IN,11936.94,C9094999,80078.06,68141.12,C1499914,437536.37,449473.31,0
24,CASH_IN,39735.1,C9580255,94491.48,54756.38,C7232293,29685.83,69420.93,0
24,TRANSFER,30666.77,C6276722,113169.31,82502.54,C7110622,146353.15,177019.92,0
24,TRANSFER,20231.98,C9526867,48998.26,28766.28,C4043480,124515.34,144747.32,0
24,PAYMENT,35348.15,C8841505,35493.41,145.26,M7478792,57305.36,92653.51,0
24,CASH_IN,9566.34,C7523941,67227.94,57661.6,C5374922,407223.12,416789.46,0
24,CASH_IN,6007.66,C7542890,77114.48,71106.82,C6304573,115427.83,121435.49,0
24,TRANSFER,37246.56,C8973915,50542.77,13296.21,C9363326,109067.84,146314.4,0
24,PAYMENT,28732.99,C6623525,111730.06,82997.07,M7785090,6879.96,35612.95,0
24,PAYMENT,17074.44,C7014016,31773.2,14698.76,M2319479,323981.67,341056.11,0
24,PAYMENT,43441.37,C9801946,81313.83,37872.46,M8531761,259432.97,302874.34,0
24,CASH_OUT,22176.15,C6049101,42854.3,20678.15,C5569244,176589.09,198765.24,0
24,TRANSFER,24500.77,C8945036,29394.11,4893.34,C7375499,1528.7,26029.47,0
24,DEBIT,7938.67,C2785277,60366.87,52428.2,C2239197,101919.94,109858.61,0
24,PAYMENT,44066.52,C6075395,71999.33,27932.81,M9770256,213076.14,257142.66,0
24,PAYMENT,23666.97,C5452128,82315.42,58648.45,M5286905,173921.49,197588.46,0
24,TRANSFER,22472.66,C5299055,118823.48,96350.82,C2512187,134819.75,157292.41,0
24,DEBIT,11036.08,C1156287,89136.86,78100.78,C5437923,322610.18,333646.26,0
24,DEBIT,10951.46,C8575834,75140.31,64188.85,C8460758,72346.08,83297.54,0
24,CASH_OUT,36064.92,C1047572,105055.7,68990.78,C3768991,135906.06,171970.98,0
24,CASH_IN,39975.07,C2903561,46271.85,6296.78,C2322047,478577.07,518552.14,0
24,PAYMENT,12068.88,C6059717,93039.9,80971.02,M6394323,378868.46,390937.34,0
24,CASH_IN,42793.95,C5487028,134976.7,92182.75,C1879109,313759.67,356553.62,0
24,CASH_IN,178.51,C7350753,77027.82,76849.31,C4816534,384843.27,385021.78,0
24,DEBIT,28401.87,C5614226,47743.78,19341.91,C9418719,54233.12,82634.99,0
24,CASH_OUT,36046.83,C7395997,105649.52,69602.69,C5579094,135970.78,172017.61,0
24,TRANSFER,31446.06,C8095702,67134.81,35688.75,C7892225,189960.76,221406.82,0
24,CASH_IN,9821.47,C8048838,14401.81,4580.34,C9801946,168073.99,177895.46,0
24,DEBIT,37948.74,C2066326,87263.79,49315.05,C9235577,215411.6,253360.34,0
24,CASH_IN,831.4,C7264956,57347.3,56515.9,C2264748,68497.87,69329.27,0
24,DEBIT,43328.91,C6406444,84564.9,41235.99,C1368085,497978.03,541306.94,0
24,PAYMENT,5139.73,C9481739,76982.83,71843.1,M3718884,110366.08,115505.81,0
24,TRANSFER,10931.34,C6692553,36576.99,25645.65,C6292423,459101.73,470033.07,0
24,DEBIT,6022.67,C7654757,95332.94,89310.27,C7913081,46741.48,52764.15,0
24,TRANSFER,30592.58,C8106470,109702.53,79109.95,C9191131,268445.54,299038.12,0
24,TRANSFER,2218.09,C2921542,18921.86,16703.77,C2811298,378663.2,380881.29,0
24,PAYMENT,46312.15,C5436878,125884.38,79572.23,M1942411,443734.14,490046.29,0
24,PAYMENT,4444.62,C7311494,96925.73,92481.11,M1630944,138834.98,143279.6,0
24,DEBIT,34821.99,C5886520,90450.68,55628.69,C7418028,82147.18,116969.17,0
24,PAYMENT,49035.44,C7166651,115765.3,66729.86,M9148051,96272.31,145307.75,0
24,TRANSFER,11718.64,C4679591,31304.25,19585.61,C5682940,104535.46,116254.1,0
24,TRANSFER,14757.05,C4337174,37319.57,22562.52,C9911492,67257.52,82014.57,0
24,PAYMENT,36289.93,C8212326,99002.99,62713.06,M4800761,440083.18,476373.11,0
24,CASH_OUT,41738.97,C3418526,110530.68,68791.71,C5394880,416809.83,458548.8,1
24,DEBIT,391.06,C4840714,53694.03,53302.97,C1938483,342219.82,342610.88,0
24,DEBIT,5435.14,C3500715,12756.44,7321.3,C6207974,207526.42,212961.56,0
24,DEBIT,11470.56,C3726327,82840.26,71369.7,C2374158,356861.15,368331.71,0
24,CASH_IN,47498.84,C6228407,136137.66,88638.82,C9961299,78698.58,126197.42,0
24,CASH_IN,26647.06,C6899644,122008.87,95361.81,C2221854,212443.16,239090.22,0
24,CASH_IN,41836.13,C1771600,73409.15,31573.02,C1430812,303140.66,344976.79,0
24,PAYMENT,9821.52,C6407373,87077.33,77255.81,M2696860,232434.19,242255.71,0
24,PAYMENT,43737.49,C5977931,133820.58,90083.09,M8719145,114868.91,158606.4,0
24,CASH_IN,47478.64,C5785687,95410.81,47932.17,C2564141,454666.49,502145.13,0
24,CASH_IN,35625.32,C2229110,87420.76,51795.44,C1192619,269512.69,305138.01,0
24,TRANSFER,39949.16,C4589533,90790.76,50841.6,C7455324,303450.7,343399.86,0
24,PAYMENT,12082.32,C7942639,45993.52,33911.2,M7378822,268783.23,280865.55,0
24,CASH_OUT,13064.4,C8217547,95875.41,82811.01,C9487336,22009.28,35073.68,0
24,DEBIT,42513.75,C8801207,122800.76,80287.01,C3646552,110253.91,152767.66,0
24,PAYMENT,25902.57,C2651601,68114.81,42212.24,M3013003,316927.24,342829.81,0
24,PAYMENT,36889.68,C9990305,53353.14,16463.46,M5782563,138155.64,175045.32,0
24,CASH_OUT,1507.71,C8090293,79038.14,77530.43,C7120868,345441.77,346949.48,0
24,PAYMENT,4190.85,C7817881,12297.17,8106.32,M5035998,343978.2,348169.05,0
24,DEBIT,47654.9,C4214348,126019.87,78364.97,C2147909,269515.67,317170.57,0
24,CASH_OUT,2871.81,C7377459,101712.1,98840.29,C5213115,156422.01,159293.82,0
24,PAYMENT,39736.53,C8031780,114989.46,75252.93,M7255418,130402.03,170138.56,0
24,PAYMENT,27293.3,C4415796,81294.64,54001.34,M5886733,143591.9,170885.2,0
24,CASH_IN,45513.58,C7264956,63086.08,17572.5,C2548511,381614.33,427127.91,0
24,CASH_IN,31086.53,C3342608,69031.06,37944.53,C7191135,20191.58,51278.11,0
24,DEBIT,23370.97,C7700828,23650.53,279.56,C3684052,130642.65,154013.62,0
24,TRANSFER,18901.01,C1899411,55047.68,36146.67,C3219824,257945.35,276846.36,0
24,CASH_IN,7506.43,C9706768,19800.66,12294.23,C6530541,206486.2,213992.63,0
24,CASH_OUT,25589.01,C3005795,91721.4,66132.39,C5567533,183105.32,208694.33,0
24,TRANSFER,39259.14,C1348050,94513.47,55254.33,C5443951,19688.0,58947.14,0
24,DEBIT,2661.31,C8938746,43679.66,41018.35,C4589533,428012.81,430674.12,0
24,CASH_IN,23006.58,C7853787,100243.23,77236.65,C6770619,389306.9,412313.48,0
24,CASH_IN,9246.47,C9197443,36027.54,26781.07,C9517169,23493.3,32739.77,0
24,PAYMENT,43263.91,C1486955,55690.36,12426.45,M1088100,277896.72,321160.63,0
24,CASH_IN,36927.93,C7360307,133143.13,96215.2,C8190929,321888.71,358816.64,0
24,CASH_IN,47422.78,C3345069,98989.11,51566.33,C7542890,189043.96,236466.74,0
24,TRANSFER,26420.78,C6438436,53200.72,26779.94,C1484348,77430.47,103851.25,0
24,PAYMENT,7083.63,C5014745,79682.59,72598.96,M7858012,260861.74,267945.37,0
24,CASH_OUT,20387.98,C7194416,44659.6,24271.62,C5918715,209899.86,230287.84,0
24,TRANSFER,18419.14,C1264762,39806.57,21387.43,C8665981,154792.52,173211.66,0
24,CASH_OUT,4117.59,C8698256,33280.12,29162.53,C7780932,491104.2,495221.79,0
24,DEBIT,7842.03,C1433940,94469.38,86627.35,C8713146,21159.6,29001.63,0
24,DEBIT,39435.06,C7752972,93781.98,54346.92,C7722755,93477.66,132912.72,0
24,TRANSFER,47961.33,C4823498,94944.54,46983.21,C1527021,153864.74,201826.07,0
24,CASH_OUT,25653.88,C3126655,117281.33,91627.45,C7960607,11245.99,36899.87,0
24,TRANSFER,36541.7,C6101803,92150.73,55609.03,C7960328,250484.92,287026.62,0
24,TRANSFER,41522.48,C5299055,114071.95,72549.47,C1914794,67126.92,108649.4,0
24,PAYMENT,33687.15,C7722755,62656.77,28969.62,M2860421,319540.64,353227.79,0
24,CASH_OUT,11948.47,C8640615,108921.66,96973.19,C2422633,411968.78,423917.25,0
24,TRANSFER,41427.99,C1454696,129776.01,88348.02,C9907391,61090.21,102518.2,0
24,TRANSFER,40299.34,C8935169,111429.89,71130.55,C8835373,227371.96,267671.3,0
24,PAYMENT,27223.45,C5960271,86555.22,59331.77,M9507186,315436.8,342660.25,0
24,TRANSFER,24634.13,C2677407,89036.95,64402.82,C3583206,499721.79,524355.92,0
24,PAYMENT,44120.31,C1938483,139741.37,95621.06,M8225192,459065.2,503185.51,0
24,CASH_IN,38070.07,C6069909,137212.27,99142.2,C4816534,47653.9,85723.97,0
24,CASH_IN,42920.34,C7942639,132102.73,89182.39,C3927575,5335.97,48256.31,0
25,TRANSFER,10443.09,C8606962,69052.12,58609.03,C5479144,167294.24,177737.33,0
25,DEBIT,5609.61,C6307805,98042.26,92432.65,C3180906,122192.92,127802.53,0
25,DEBIT,16699.26,C7850067,89625.38,72926.12,C6662319,411520.46,428219.72,0
25,CASH_IN,5993.85,C1043037,94221.98,88228.13,C2719583,340060.38,346054.23,0
25,DEBIT,18401.56,C9767312,106989.95,88588.39,C8688755,38125.97,56527.53,0
25,CASH_IN,3554.93,C2140194,67483.78,63928.85,C3211291,287514.1,291069.03,0
25,PAYMENT,26966.07,C8795419,66666.28,39700.21,M1954456,238673.44,265639.51,0
25,PAYMENT,29331.99,C7970771,46392.06,17060.07,M8783840,361477.03,390809.02,0
25,TRANSFER,30332.35,C2661307,37682.51,7350.16,C4415796,225645.97,255978.32,0
25,CASH_OUT,16891.36,C8350099,42406.09,25514.73,C2626229,18241.43,35132.79,0
25,CASH_OUT,6511.32,C9453010,100578.09,94066.77,C7970771,21426.72,27938.04,0
25,CASH_OUT,31527.59,C1861958,80765.14,49237.55,C2351868,197748.28,229275.87,0
25,DEBIT,48314.73,C9548432,117683.36,69368.63,C2151087,58256.32,106571.05,0
25,TRANSFER,21331.53,C1728977,115716.33,94384.8,C3342608,437414.55,458746.08,0
25,PAYMENT,26017.63,C5813613,65076.6,39058.97,M6733317,442269.8,468287.43,0
25,PAYMENT,40910.43,C7120868,56309.61,15399.18,M3198638,227814.38,268724.81,0
25,CASH_OUT,47016.06,C4340845,142294.73,95278.67,C8526486,383797.32,430813.38,1
25,CASH_OUT,17796.21,C2672884,72825.35,55029.14,C8438733,218120.23,235916.44,0
25,PAYMENT,24274.45,C8857296,100579.65,76305.2,M7171347,322075.47,346349.92,0
25,TRANSFER,31062.72,C3927575,60102.8,29040.08,C6662319,481564.53,512627.25,0
25,PAYMENT,12112.58,C7979148,91493.72,79381.14,M1882629,492573.45,504686.03,0
25,TRANSFER,17137.04,C2351868,103420.41,86283.37,C2512187,456362.14,473499.18,0
25,CASH_IN,6833.4,C9548432,30208.15,23374.75,C4768844,187151.3,193984.7,0
25,PAYMENT,2679.48,C9284509,71790.26,69110.78,M7227905,9027.09,11706.57,0
25,PAYMENT,25374.9,C6932391,96129.62,70754.72,M1026245,401643.26,427018.16,0
25,CASH_OUT,28708.63,C2622631,127898.04,99189.41,C5040453,291449.55,320158.18,0
25,TRANSFER,20148.72,C4794319,96811.57,76662.85,C6398528,286357.63,306506.35,0
25,DEBIT,43480.3,C2453962,107655.23,64174.93,C7942639,379747.32,423227.62,0
25,DEBIT,4491.84,C1047572,19009.94,14518.1,C6407373,391765.38,396257.22,0
25,CASH_IN,19211.1,C4569164,33904.29,14693.19,C6009888,282669.94,301881.04,0
25,CASH_OUT,1073.46,C9264869,58021.61,56948.15,C9234615,396149.28,397222.74,0
25,TRANSFER,47664.89,C1744682,66160.35,18495.46,C9075854,390167.49,437832.38,0
25,CASH_OUT,39028.6,C2672884,95420.11,56391.51,C8741810,480314.02,519342.62,0
25,PAYMENT,20396.88,C4823498,67694.63,47297.75,M8043503,198996.89,219393.77,0
25,PAYMENT,22864.5,C8491822,87058.1,64193.6,M9595744,86957.31,109821.81,0
25,TRANSFER,15481.99,C8159521,76155.1,60673.11,C4475523,162889.04,178371.03,0
25,CASH_IN,45393.92,C2044645,59246.23,13852.31,C4623062,448532.88,493926.8,0
25,PAYMENT,41800.2,C9937982,131525.28,89725.08,M2425342,480010.27,521810.47,0
25,PAYMENT,49080.09,C5825620,83214.06,34133.97,M9437374,274626.1,323706.19,0
25,TRANSFER,20317.48,C5743227,87972.9,67655.42,C2101965,217072.79,237390.27,0
25,CASH_OUT,4683.93,C4607488,61975.26,57291.33,C6591986,172358.71,177042.64,0
25,PAYMENT,46173.84,C7953166,102353.25,56179.41,M5565128,404371.07,450544.91,0
25,PAYMENT,33603.86,C5569244,114327.11,80723.25,M3972018,156847.34,190451.2,0
25,CASH_OUT,49023.9,C3641282,133354.68,84330.78,C8312114,388609.31,437633.21,0
25,TRANSFER,12037.63,C1289293,39227.78,27190.15,C8438733,449496.95,461534.58,0
25,PAYMENT,41628.17,C6933742,116861.45,75233.28,M4725179,489.09,42117.26,0
25,CASH_IN,21718.06,C9633492,27978.56,6260.5,C6423634,27575.45,49293.51,0
25,DEBIT,25199.93,C4374754,92031.43,66831.5,C4860684,407156.88,432356.81,0
25,CASH_OUT,41179.79,C7377459,135714.14,94534.35,C2839607,187595.72,228775.51,1
25,CASH_OUT,4014.42,C5446912,9446.77,5432.35,C3005795,203895.52,207909.94,0
25,TRANSFER,43146.3,C3475548,130330.37,87184.07,C9508103,474711.86,517858.16,0
25,TRANSFER,2524.46,C6101803,66274.75,63750.29,C2788238,135060.75,137585.21,0
25,DEBIT,22038.07,C2275009,38269.3,16231.23,C9633492,357157.68,379195.75,0
25,DEBIT,44272.92,C4769851,111412.26,67139.34,C3290229,298156.0,342428.92,0
25,CASH_OUT,982.93,C2626229,73481.75,72498.82,C7392547,413003.01,413985.94,0
25,DEBIT,46155.27,C6171716,116083.3,69928.03,C8095702,300899.1,347054.37,0
25,CASH_OUT,1146.53,C5205279,27426.44,26279.91,C8520810,485148.49,486295.02,0
25,TRANSFER,10141.3,C9745959,103865.47,93724.17,C8930103,477096.62,487237.92,0
25,CASH_OUT,17900.37,C2813543,52374.48,34474.11,C1006810,480507.11,498407.48,0
25,PAYMENT,23364.97,C4769795,24429.11,1064.14,M3689594,424772.74,448137.71,0
25,TRANSFER,33904.85,C3030113,33951.29,46.44,C5186414,56310.01,90214.86,0
25,DEBIT,11906.27,C5628522,25141.9,13235.63,C8612582,247874.04,259780.31,0
25,CASH_IN,48821.89,C1674975,67860.61,19038.72,C9519948,223744.68,272566.57,0
25,CASH_IN,14843.44,C7360682,87442.1,72598.66,C3684052,84346.79,99190.23,0
25,CASH_IN,16157.9,C6075395,45559.55,29401.65,C1865901,21500.63,37658.53,0
25,PAYMENT,21563.68,C9937982,45214.43,23650.75,M1919088,102445.16,124008.84,0
25,CASH_OUT,41601.7,C8350368,95019.88,53418.18,C4860745,463841.98,505443.68,0
25,DEBIT,33367.15,C5476257,40885.01,7517.86,C6262632,416978.93,450346.08,0
25,PAYMENT,43910.29,C4716988,54144.09,10233.8,M4309671,96692.7,140602.99,0
25,CASH_IN,46529.97,C7328534,103781.95,57251.98,C7417985,170068.78,216598.75,0
25,DEBIT,39221.88,C6312692,115009.73,75787.85,C5606980,433291.77,472513.65,0
25,TRANSFER,43737.92,C2020480,131402.23,87664.31,C8816912,424038.04,467775.96,1
25,CASH_OUT,20427.17,C9014965,77669.71,57242.54,C8481188,224821.63,245248.8,0
25,PAYMENT,24646.38,C2101965,64924.52,40278.14,M8745704,463552.71,488199.09,0
25,PAYMENT,22684.15,C4337174,108774.55,86090.4,M7111929,248232.2,270916.35,0
25,DEBIT,25918.69,C4533779,62427.32,36508.63,C7374122,1125.73,27044.42,0
25,CASH_IN,7190.04,C2813543,29580.86,22390.82,C9546409,174651.91,181841.95,0
25,TRANSFER,4318.59,C4147112,5801.81,1483.22,C6160869,167525.51,171844.1,0
25,DEBIT,46853.57,C5668371,103796.75,56943.18,C3583206,366244.82,413098.39,0
25,CASH_IN,32568.57,C8722606,130738.77,98170.2,C3770370,69372.04,101940.61,0
25,CASH_IN,19902.54,C1157662,75655.18,55752.64,C4567281,267129.75,287032.29,0
25,CASH_OUT,11768.61,C9225346,90103.54,78334.93,C9224219,434038.83,445807.44,0
25,TRANSFER,6352.44,C2110460,86190.95,79838.51,C5602180,475699.99,482052.43,0
25,TRANSFER,33119.06,C8441741,130619.99,97500.93,C2255409,299111.44,332230.5,0
25,CASH_OUT,25372.99,C8306261,55186.72,29813.73,C5456272,302798.82,328171.81,0
25,CASH_IN,25615.16,C7089806,53971.75,28356.59,C2130789,225931.83,251546.99,0
25,CASH_IN,25381.67,C1538552,34548.24,9166.57,C2516313,461824.68,487206.35,0
25,TRANSFER,44760.85,C1229419,83810.47,39049.62,C7288789,97994.37,142755.22,0
25,TRANSFER,1320.63,C2324869,39365.46,38044.83,C4656838,38995.93,40316.56,0
25,CASH_IN,3183.42,C5195951,64226.61,61043.19,C6503032,246235.59,249419.01,0
25,CASH_IN,7504.35,C5487028,58084.9,50580.55,C6512415,359269.87,366774.22,0
25,TRANSFER,41853.88,C5004485,93465.57,51611.69,C3024269,98076.79,139930.67,0
25,PAYMENT,39528.5,C2906718,107684.77,68156.27,M6592886,327.31,39855.81,0
25,TRANSFER,34120.11,C2351868,39307.31,5187.2,C7752972,134663.61,168783.72,0
25,PAYMENT,33181.87,C5438490,71275.79,38093.92,M3587931,309769.58,342951.45,0
25,DEBIT,28463.98,C3871230,45255.95,16791.97,C3011363,449883.38,478347.36,0
25,TRANSFER,38921.17,C3503120,65753.41,26832.24,C4840714,91278.02,130199.19,0
25,CASH_IN,19664.74,C7069650,33700.16,14035.42,C9508103,413234.21,432898.95,0
25,CASH_IN,14715.25,C9002392,83067.81,68352.56,C2217071,369680.26,384395.51,0
25,CASH_OUT,39478.86,C9689889,94097.07,54618.21,C6266630,450758.94,490237.8,0
26,CASH_IN,46727.47,C7722755,63169.62,16442.15,C3583206,39803.47,86530.94,0
26,CASH_OUT,9338.22,C1861958,27128.08,17789.86,C9084065,472512.19,481850.41,0
26,DEBIT,8392.29,C4026879,48757.43,40365.14,C7417985,294562.12,302954.41,0
26,TRANSFER,17172.82,C9396529,39528.19,22355.37,C8761611,495714.64,512887.46,0
26,CASH_IN,5319.47,C1019311,41899.89,36580.42,C5567533,475814.18,481133.65,0
26,DEBIT,25951.56,C7718473,58389.2,32437.64,C2126310,304941.93,330893.49,0
26,DEBIT,38652.43,C6724909,61073.1,22420.67,C7360307,97079.77,135732.2,0
26,CASH_IN,6007.69,C2015861,13458.65,7450.96,C6701311,416198.56,422206.25,0
26,DEBIT,29954.06,C7817881,49868.84,19914.78,C2525206,416512.26,446466.32,0
26,CASH_OUT,29103.03,C2151225,37704.05,8601.02,C2110460,182111.84,211214.87,0
26,DEBIT,15385.95,C5747930,60753.62,45367.67,C9111742,163383.92,178769.87,0
26,CASH_OUT,10122.84,C7953166,46733.85,36611.01,C4348276,443049.44,453172.28,0
26,DEBIT,23798.02,C3927575,47612.9,23814.88,C2833230,213125.04,236923.06,0
26,CASH_OUT,2299.15,C5232413,72011.74,69712.59,C5213115,321656.02,323955.17,0
26,PAYMENT,14181.11,C5672073,91814.48,77633.37,M8212753,88662.38,102843.49,0
26,DEBIT,30789.78,C2344047,78078.55,47288.77,C3180906,30071.16,60860.94,0
26,TRANSFER,37890.66,C4903402,73989.32,36098.66,C1341919,117504.97,155395.63,0
26,CASH_IN,26343.89,C8194570,42622.84,16278.95,C7844947,68424.88,94768.77,0
26,CASH_OUT,27874.76,C9427047,33711.68,5836.92,C6008935,162227.59,190102.35,0
26,CASH_IN,25326.91,C7913081,69547.06,44220.15,C1522621,149325.09,174652.0,0
26,TRANSFER,6919.57,C1861958,40648.1,33728.53,C4961312,370400.94,377320.51,0
26,CASH_OUT,27072.06,C2096280,123525.6,96453.54,C7425184,398301.22,425373.28,0
26,CASH_OUT,39382.51,C1212267,89585.63,50203.12,C6507321,152270.86,191653.37,0
26,CASH_IN,45525.23,C2191066,144063.84,98538.61,C9427047,12697.87,58223.1,0
26,PAYMENT,44125.67,C5137722,124287.82,80162.15,M3820798,186251.8,230377.47,0
26,TRANSFER,29320.7,C9745959,125166.83,95846.13,C3770370,65563.95,94884.65,0
26,PAYMENT,39967.61,C6902401,60802.0,20834.39,M6504979,161988.3,201955.91,0
26,DEBIT,1699.13,C4526280,57253.74,55554.61,C7477326,91074.52,92773.65,0
26,PAYMENT,14202.63,C6825112,66681.82,52479.19,M8926478,191533.78,205736.41,0
26,CASH_IN,31001.91,C8630043,80960.36,49958.45,C2936571,425171.02,456172.93,0
26,TRANSFER,21159.39,C2516313,85473.95,64314.56,C9753457,74852.34,96011.73,0
26,PAYMENT,6495.53,C2538024,98419.64,91924.11,M4253164,143956.63,150452.16,0
26,PAYMENT,26296.12,C4731818,107069.04,80772.92,M2865405,52930.6,79226.72,0
26,TRANSFER,9529.28,C3710343,29547.39,20018.11,C2375453,71606.3,81135.58,0
26,PAYMENT,31349.33,C8231838,69064.96,37715.63,M6056977,4057.43,35406.76,0
26,PAYMENT,25984.33,C1043037,74938.12,48953.79,M8558523,101978.52,127962.85,0
26,CASH_IN,23164.67,C2338687,39670.58,16505.91,C2066326,235830.37,258995.04,0
26,CASH_IN,35311.27,C8710313,114003.56,78692.29,C4240180,449925.82,485237.09,0
26,DEBIT,23218.43,C1843636,79422.56,56204.13,C3499627,132815.16,156033.59,0
26,TRANSFER,18951.69,C6873938,51495.11,32543.42,C8755439,309305.76,328257.45,0
26,CASH_IN,40835.23,C9349470,130800.38,89965.15,C6591986,276899.88,317735.11,0
26,PAYMENT,19630.85,C2663938,91459.76,71828.91,M4309671,480175.29,499806.14,0
26,DEBIT,8785.69,C8805654,28617.81,19832.12,C8971465,393605.83,402391.52,0
26,TRANSFER,46290.49,C7311494,141959.59,95669.1,C6799667,463043.57,509334.06,0
26,TRANSFER,7768.03,C6242022,81867.49,74099.46,C1775337,440779.36,448547.39,0
26,PAYMENT,36642.93,C5970190,44179.22,7536.29,M5035998,151599.27,188242.2,0
26,CASH_IN,27537.44,C6634586,60047.69,32510.25,C3970445,181846.15,209383.59,0
26,TRANSFER,39469.69,C7738019,71490.06,32020.37,C5813613,469848.06,509317.75,0
26,CASH_OUT,20899.59,C1233516,94611.08,73711.49,C7454081,441253.17,462152.76,0
26,TRANSFER,8086.47,C4147112,32800.0,24713.53,C8273315,9780.16,17866.63,0
26,CASH_OUT,13059.29,C6639317,94135.64,81076.35,C6889195,387465.48,400524.77,0
26,CASH_IN,35777.39,C1981186,125104.58,89327.19,C9546409,301803.71,337581.1,0
26,CASH_IN,21945.41,C6262632,39378.47,17433.06,C6873938,34941.24,56886.65,0
26,PAYMENT,16562.18,C1135861,107628.53,91066.35,M8526283,359382.31,375944.49,0
26,TRANSFER,24521.47,C5970190,82479.33,57957.86,C5098412,279156.13,303677.6,0
26,CASH_IN,12158.93,C9196204,93391.01,81232.08,C7210606,376374.49,388533.42,0
26,PAYMENT,6744.47,C2198058,79664.78,72920.31,M8342941,363054.66,369799.13,0
26,PAYMENT,27403.49,C4731818,115740.64,88337.15,M2860421,132655.78,160059.27,0
26,CASH_IN,24452.38,C7022335,74798.45,50346.07,C4442778,431811.52,456263.9,0
26,DEBIT,17472.15,C2566777,84206.94,66734.79,C8248238,178682.13,196154.28,0
26,TRANSFER,31874.98,C7069650,111744.19,79869.21,C9517169,461273.71,493148.69,0
26,PAYMENT,10107.74,C6218367,33736.47,23628.73,M6614484,193925.56,204033.3,0
26,PAYMENT,40735.49,C1440466,51683.57,10948.08,M3372774,33204.22,73939.71,0
26,TRANSFER,47705.17,C2815603,49989.23,2284.06,C8106470,74607.69,122312.86,0
26,CASH_IN,37466.42,C2338687,67745.49,30279.07,C8231838,238984.37,276450.79,0
26,CASH_IN,9650.64,C6188935,67305.56,57654.92,C1499914,496089.21,505739.85,0
26,PAYMENT,10528.75,C6106390,71398.47,60869.72,M2209226,57585.07,68113.82,0
26,DEBIT,2430.34,C8106422,13986.3,11555.96,C5641923,78702.28,81132.62,0
26,DEBIT,20511.47,C5781295,32028.06,11516.59,C2921859,385688.45,406199.92,0
26,PAYMENT,5805.54,C6591986,16256.09,10450.55,M7111929,456642.64,462448.18,0
26,PAYMENT,6056.63,C3741438,19655.31,13598.68,M5194357,171469.47,177526.1,0
26,CASH_IN,38000.0,C7542890,130548.3,92548.3,C7751158,373386.55,411386.55,0
26,TRANSFER,1860.78,C2927455,45005.64,43144.86,C7110622,168656.59,170517.37,0
26,CASH_IN,680.32,C2164686,65742.97,65062.65,C5261032,332571.9,333252.22,0
26,CASH_OUT,38834.67,C8434500,115270.68,76436.01,C5213115,141022.49,179857.16,0
26,PAYMENT,4514.12,C1768805,72818.29,68304.17,M8043503,312674.2,317188.32,0
26,TRANSFER,46097.23,C8038374,112589.58,66492.35,C6183902,490991.92,537089.15,1
26,CASH_OUT,18785.09,C5437923,88847.66,70062.57,C2173965,183363.6,202148.69,0
26,CASH_OUT,36081.49,C7089806,116617.71,80536.22,C5614226,107309.08,143390.57,0
26,CASH_IN,29814.18,C5374922,79469.99,49655.81,C8043620,8544.27,38358.45,0
26,PAYMENT,11450.87,C3401116,25638.77,14187.9,M7795314,95378.22,106829.09,0
26,CASH_OUT,27489.25,C9035982,66226.12,38736.87,C5842082,381286.07,408775.32,0
26,TRANSFER,10608.51,C7120868,104759.78,94151.27,C8746014,444051.15,454659.66,0
26,TRANSFER,1292.02,C5572250,43538.0,42245.98,C5476583,180911.29,182203.31,0
26,TRANSFER,23970.73,C7279729,51763.81,27793.08,C6503032,83175.92,107146.65,0
26,CASH_IN,3085.31,C6543670,45705.2,42619.89,C1257489,295406.33,298491.64,0
26,DEBIT,11417.78,C8033426,64522.5,53104.72,C2275009,472576.22,483994.0,0
26,PAYMENT,17126.09,C5364698,99902.85,82776.76,M9564488,342224.35,359350.44,0
26,PAYMENT,11099.63,C8186990,36069.37,24969.74,M2909540,62347.34,73446.97,0
26,CASH_IN,18165.71,C9361353,74608.54,56442.83,C8789116,384206.25,402371.96,0
26,DEBIT,18434.62,C9196976,55523.42,37088.8,C9197443,295061.45,313496.07,0
26,CASH_OUT,18604.77,C7395997,113181.79,94577.02,C8896868,125640.61,144245.38,0
26,PAYMENT,6851.59,C5579094,50270.08,43418.49,M2407191,55280.12,62131.71,0
26,CASH_IN,2979.33,C1841248,15243.01,12263.68,C3049499,103609.73,106589.06,0
26,DEBIT,27696.63,C3351868,67560.46,39863.83,C9911492,381722.12,409418.75,0
26,PAYMENT,24454.32,C1732280,28716.66,4262.34,M1642620,6564.51,31018.83,0
26,PAYMENT,40618.68,C5842082,51358.9,10740.22,M1875431,296373.69,336992.37,0
26,PAYMENT,48710.32,C9517169,57153.82,8443.5,M3689594,254181.54,302891.86,0
26,DEBIT,22653.63,C7381734,68848.25,46194.62,C5476583,114594.5,137248.13,0
26,PAYMENT,48439.08,C1212267,145436.01,96996.93,M6733317,476943.76,525382.84,0
27,DEBIT,15018.83,C3657144,26439.42,11420.59,C6120253,98276.79,113295.62,0
27,PAYMENT,28260.91,C6555772,81430.08,53169.17,M7070468,264061.16,292322.07,0
27,CASH_OUT,22346.52,C8387112,71963.93,49617.41,C6639317,102280.95,124627.47,0
27,CASH_IN,283.28,C3135534,60979.55,60696.27,C7361002,78292.24,78575.52,0
27,DEBIT,46099.24,C7375499,89780.13,43680.89,C9697969,74456.78,120556.02,0
27,CASH_OUT,29261.51,C3927575,112330.81,83069.3,C4589533,349738.63,379000.14,0
27,DEBIT,958.84,C1054447,41257.27,40298.43,C5232413,212781.77,213740.61,0
27,CASH_OUT,48254.4,C2694522,127764.74,79510.34,C1971823,25288.78,73543.18,0
27,DEBIT,6224.93,C9147720,8189.72,1964.79,C5491946,327551.6,333776.53,0
27,CASH_IN,11805.24,C4833486,93859.98,82054.74,C5041154,281460.39,293265.63,0
27,CASH_OUT,28712.7,C9907391,95483.67,66770.97,C8030010,353864.45,382577.15,0
27,CASH_OUT,39225.04,C3342608,100280.88,61055.84,C3141239,250918.02,290143.06,0
27,CASH_IN,14888.47,C6069909,93221.06,78332.59,C9363326,264593.96,279482.43,0
27,DEBIT,31947.69,C1326765,78272.47,46324.78,C5960271,219508.67,251456.36,0
27,PAYMENT,40685.13,C7850944,115675.81,74990.68,M5000351,51027.71,91712.84,0
27,DEBIT,47773.05,C9479356,96268.59,48495.54,C8640615,476273.18,524046.23,0
27,DEBIT,23999.79,C2374158,47329.68,23329.89,C6009888,87097.71,111097.5,0
27,CASH_OUT,21850.32,C2566777,88823.47,66973.15,C2538024,297560.67,319410.99,0
27,CASH_IN,28427.44,C9164991,109128.78,80701.34,C1941524,33497.8,61925.24,0
27,CASH_OUT,8265.49,C8665981,10896.19,2630.7,C5781295,233634.24,241899.73,0
27,CASH_IN,23042.48,C8151684,33611.6,10569.12,C7417985,205370.96,228413.44,0
27,TRANSFER,33041.19,C3728882,42548.99,9507.8,C8746014,465444.42,498485.61,0
27,CASH_IN,47186.27,C4841005,84123.97,36937.7,C5793722,350908.5,398094.77,0
27,CASH_IN,28582.41,C3592464,73440.44,44858.03,C3640889,73302.95,101885.36,0
27,PAYMENT,4184.2,C1485654,77279.87,73095.67,M8416270,268750.91,272935.11,0
27,CASH_IN,48229.46,C7216461,129761.35,81531.89,C3871230,425700.29,473929.75,0
27,CASH_IN,46404.51,C4048907,99914.9,53510.39,C6709938,80358.16,126762.67,0
27,PAYMENT,22570.05,C8883823,73884.58,51314.53,M3328554,463551.15,486121.2,0
27,CASH_IN,49142.97,C5693260,92909.75,43766.78,C1433940,5767.01,54909.98,0
27,TRANSFER,3095.11,C7377459,57104.61,54009.5,C8746014,209393.79,212488.9,0
27,CASH_OUT,23669.03,C8106470,107880.91,84211.88,C6891254,190124.95,213793.98,0
27,PAYMENT,14984.79,C4769851,91445.75,76460.96,M6941939,333991.87,348976.66,0
27,TRANSFER,25549.81,C6106390,104696.14,79146.33,C1520596,299950.86,325500.67,0
27,DEBIT,27988.85,C3592464,74324.76,46335.91,C2548511,376078.28,404067.13,0
27,CASH_IN,47164.08,C5951131,73877.53,26713.45,C2065818,294420.84,341584.92,0
27,TRANSFER,35671.97,C8190929,114683.63,79011.66,C3219824,211761.4,247433.37,0
27,CASH_OUT,21363.21,C1419843,85595.89,64232.68,C4833486,88514.64,109877.85,0
27,CASH_OUT,33712.88,C6686328,56125.95,22413.07,C8956894,361432.65,395145.53,0
27,CASH_OUT,5359.37,C6018975,85145.79,79786.42,C1514340,402405.78,407765.15,0
27,DEBIT,9094.45,C4679591,79295.55,70201.1,C5006492,141519.99,150614.44,0
27,CASH_IN,18821.97,C7390515,90857.46,72035.49,C7542890,467778.25,486600.22,0
27,DEBIT,1290.8,C5040453,32530.17,31239.37,C7162857,32379.96,33670.76,0
27,PAYMENT,7655.93,C5235884,46249.45,38593.52,M8713396,79903.62,87559.55,0
27,CASH_OUT,29004.07,C8816912,56525.79,27521.72,C9537455,273355.95,302360.02,0
27,PAYMENT,25131.62,C1440466,51723.44,26591.82,M2244712,200065.27,225196.89,0
27,CASH_IN,11405.32,C3396987,25151.26,13745.94,C2347467,129265.79,140671.11,0
27,DEBIT,7575.42,C7010308,67769.67,60194.25,C1771600,34074.93,41650.35,0
27,PAYMENT,31165.72,C9897858,61155.69,29989.97,M9393009,107225.9,138391.62,0
27,PAYMENT,29329.03,C6009888,95447.14,66118.11,M4593556,493567.89,522896.92,0
27,TRANSFER,49928.96,C8212326,60725.01,10796.05,C7970771,106671.9,156600.86,0
27,PAYMENT,17093.03,C7542890,108928.09,91835.06,M9840487,160608.78,177701.81,0
27,CASH_IN,4728.83,C5901239,95729.81,91000.98,C4226067,180158.09,184886.92,0
27,CASH_OUT,37526.32,C4713925,63744.59,26218.27,C2795765,308139.81,345666.13,0
27,DEBIT,15901.0,C5107245,85602.46,69701.46,C8235969,136800.05,152701.05,0
27,CASH_IN,20825.38,C9897858,96385.93,75560.55,C5801541,242119.8,262945.18,0
27,PAYMENT,38622.27,C8033426,98076.99,59454.72,M3531028,286617.29,325239.56,0
27,CASH_IN,31528.04,C7390515,127170.65,95642.61,C2811298,364742.88,396270.92,0
27,DEBIT,23091.64,C8215376,32781.45,9689.81,C3607983,39809.73,62901.37,0
27,CASH_OUT,20690.84,C1848731,104664.3,83973.46,C9910914,311273.76,331964.6,0
27,DEBIT,31333.24,C5668371,73551.75,42218.51,C6455706,331583.98,362917.22,0
27,CASH_IN,40240.27,C7542890,79823.03,39582.76,C9900022,309272.55,349512.82,0
27,DEBIT,15587.67,C7847048,72309.81,56722.14,C8885465,344344.57,359932.24,0
27,PAYMENT,16373.06,C5364698,96730.99,80357.93,M5227787,24650.26,41023.32,0
27,PAYMENT,30688.72,C9546409,115170.57,84481.85,M4429650,390523.0,421211.72,0
27,CASH_OUT,12327.36,C6837817,47453.46,35126.1,C7073292,35191.83,47519.19,0
27,PAYMENT,21129.88,C3564217,104382.28,83252.4,M8581856,268908.73,290038.61,0
27,CASH_IN,40377.12,C9576076,71815.92,31438.8,C4165061,205394.8,245771.92,0
27,TRANSFER,5009.42,C7724045,37774.8,32765.38,C4048907,299746.92,304756.34,0
27,DEBIT,24280.55,C3684052,83692.29,59411.74,C4905582,325663.68,349944.23,0
27,CASH_OUT,40351.61,C8796514,137479.09,97127.48,C3126655,125108.88,165460.49,1
27,DEBIT,49932.01,C2919136,111271.06,61339.05,C5276341,215670.0,265602.01,0
27,DEBIT,2509.62,C2347467,18692.55,16182.93,C6492066,410095.69,412605.31,0
27,CASH_OUT,15744.23,C3386328,91370.86,75626.63,C3073474,169958.37,185702.6,0
27,PAYMENT,28564.8,C9196976,125040.58,96475.78,M2367376,96143.76,124708.56,0
27,CASH_IN,40265.18,C4514944,53350.76,13085.58,C7395997,428518.66,468783.84,0
27,CASH_OUT,12911.85,C2970754,91239.76,78327.91,C8885465,427144.11,440055.96,0
27,TRANSFER,38523.53,C6716097,43942.77,5419.24,C2770648,198245.19,236768.72,0
27,CASH_OUT,30186.49,C8558378,122721.72,92535.23,C8481188,4578.05,34764.54,0
27,DEBIT,8021.6,C6262632,25512.39,17490.79,C1841248,147056.16,155077.76,0
27,DEBIT,21414.82,C7970985,52476.45,31061.63,C1661401,67168.28,88583.1,0
27,CASH_OUT,30667.52,C7780932,41033.15,10365.63,C3728882,88438.76,119106.28,0
27,PAYMENT,4624.08,C8610879,57964.97,53340.89,M4158134,258534.75,263158.83,0
27,DEBIT,49668.74,C4668136,51170.14,1501.4,C1727544,237292.66,286961.4,0
27,CASH_IN,49099.11,C9418719,148262.81,99163.7,C1419843,63926.08,113025.19,0
27,PAYMENT,8652.73,C5833597,101725.25,93072.52,M3321942,448632.69,457285.42,0
27,CASH_OUT,22311.31,C8922533,107585.49,85274.18,C8628588,319297.03,341608.34,0
27,DEBIT,3816.22,C1036161,9163.34,5347.12,C7817881,264380.94,268197.16,0
27,TRANSFER,36773.43,C3946751,59571.02,22797.59,C3545556,172859.62,209633.05,0
27,CASH_IN,36477.52,C2066326,82597.95,46120.43,C2839607,175177.21,211654.73,0
27,TRANSFER,18431.1,C5668371,35913.94,17482.84,C4184459,63958.35,82389.45,0
27,CASH_IN,34738.86,C9130188,67168.75,32429.89,C7224540,126608.9,161347.76,0
27,CASH_OUT,2366.98,C8387112,32917.29,30550.31,C3768991,183713.62,186080.6,0
27,DEBIT,16933.57,C5569244,101484.56,84550.99,C7851696,38351.89,55285.46,0
27,TRANSFER,47223.77,C5394880,75770.37,28546.6,C7288789,268633.45,315857.22,0
27,DEBIT,34111.78,C1527021,77950.62,43838.84,C3851852,386776.83,420888.61,0
27,TRANSFER,12152.38,C9111742,61080.9,48928.52,C3726327,15352.55,27504.93,0
27,CASH_IN,26949.41,C5163555,116723.34,89773.93,C5446912,176815.1,203764.51,0
27,PAYMENT,32756.19,C9517169,93430.24,60674.05,M5856117,193512.44,226268.63,0
27,TRANSFER,41336.81,C8841505,112812.63,71475.82,C6071208,97180.96,138517.77,0
27,TRANSFER,16256.74,C3117143,99231.09,82974.35,C8610879,133382.67,149639.41,0
28,TRANSFER,16557.89,C8963715,17739.42,1181.53,C1170307,428919.24,445477.13,0
28,PAYMENT,25739.96,C4415140,73157.02,47417.06,M3718884,143302.87,169042.83,0
28,PAYMENT,42129.58,C4786401,70014.99,27885.41,M3477824,127196.65,169326.23,0
28,CASH_OUT,13090.02,C3118060,95675.2,82585.18,C2921859,105133.01,118223.03,0
28,CASH_IN,43951.62,C7089806,104228.36,60276.74,C1559763,108721.35,152672.97,0
28,CASH_IN,5366.59,C4231028,69731.53,64364.94,C2077581,61666.42,67033.01,0
28,CASH_IN,22830.1,C3276065,88937.15,66107.05,C2015861,437066.73,459896.83,0
28,DEBIT,40197.22,C9512969,82755.72,42558.5,C7724045,293162.92,333360.14,0
28,CASH_IN,38822.8,C9517169,138143.57,99320.77,C9667566,157251.04,196073.84,0
28,CASH_IN,35156.85,C4368777,62580.94,27424.09,C1848731,224707.07,259863.92,0
28,TRANSFER,12697.12,C9130188,93719.5,81022.38,C6292423,430923.95,443621.07,0
28,CASH_IN,27026.95,C8885465,44529.9,17502.95,C1486955,66100.59,93127.54,0
28,TRANSFER,41583.76,C9910914,57857.16,16273.4,C9911492,117732.91,159316.67,0
28,PAYMENT,7555.88,C8633773,57552.8,49996.92,M6052478,195948.59,203504.47,0
28,TRANSFER,47185.64,C6242022,145526.18,98340.54,C6623525,258540.55,305726.19,0
28,PAYMENT,35587.42,C5276341,52365.74,16778.32,M6080483,60563.29,96150.71,0
28,PAYMENT,754.99,C8550917,89651.36,88896.37,M4963933,8138.72,8893.71,0
28,CASH_IN,19303.13,C8876745,30764.56,11461.43,C8312936,455020.38,474323.51,0
28,CASH_IN,42065.34,C8956894,113551.94,71486.6,C9906224,60851.35,102916.69,0
28,CASH_IN,4189.73,C6407373,41456.86,37267.13,C4188992,398429.79,402619.52,0
28,CASH_OUT,3094.97,C5793722,32031.27,28936.3,C6686328,159662.35,162757.32,0
28,TRANSFER,32061.25,C6543670,107572.96,75511.71,C7084862,393084.39,425145.64,0
28,CASH_OUT,21062.8,C4607488,40561.54,19498.74,C5098412,154665.01,175727.81,0
28,CASH_IN,15826.45,C5171761,16191.44,364.99,C1938483,366667.62,382494.07,0
28,PAYMENT,22857.63,C8741810,23208.46,350.83,M4309671,408684.87,431542.5,0
28,CASH_OUT,47173.49,C4044882,130582.6,83409.11,C6312692,165703.72,212877.21,0
28,PAYMENT,21801.22,C2944841,48668.47,26867.25,M4255051,36912.87,58714.09,0
28,DEBIT,45807.83,C7358385,116703.71,70895.88,C4993055,352039.83,397847.66,0
28,TRANSFER,49339.21,C5108603,103504.59,54165.38,C7014016,50285.79,99625.0,0
28,CASH_IN,13450.54,C9333700,65729.81,52279.27,C5443951,7522.2,20972.74,0
28,CASH_IN,38012.84,C2672884,92836.32,54823.48,C7328534,147100.55,185113.39,0
28,TRANSFER,18902.25,C2738129,81085.26,62183.01,C6932391,79652.81,98555.06,0
28,CASH_IN,22961.08,C7374122,46369.06,23407.98,C6431983,216724.52,239685.6,0
28,CASH_IN,26006.75,C1863121,73254.59,47247.84,C1841248,497503.25,523510.0,0
28,DEBIT,39081.65,C3770370,42145.14,3063.49,C3386328,401425.38,440507.03,0
28,DEBIT,9038.7,C9349470,65973.67,56934.97,C9683481,448396.09,457434.79,0
28,PAYMENT,34663.74,C6634586,36891.43,2227.69,M8719145,43487.74,78151.48,0
28,DEBIT,44060.16,C5743227,128987.17,84927.01,C4895475,315529.87,359590.03,0
28,CASH_IN,27957.8,C6262632,29427.05,1469.25,C9249789,488888.93,516846.73,0
28,CASH_IN,42740.48,C7166651,136192.91,93452.43,C6101803,470372.59,513113.07,0
28,DEBIT,18066.73,C7084862,115218.27,97151.54,C7191135,58889.28,76956.01,0
28,DEBIT,22851.34,C8935169,71679.12,48827.78,C2154126,192548.28,215399.62,0
28,TRANSFER,39205.08,C7754864,106502.51,67297.43,C9225346,417392.84,456597.92,0
28,CASH_IN,7241.22,C2626229,101237.76,93996.54,C2563790,217871.23,225112.45,0
28,TRANSFER,8144.31,C5951131,59366.99,51222.68,C1205779,37224.07,45368.38,0
28,PAYMENT,40560.03,C7360682,67200.13,26640.1,M4800761,65945.17,106505.2,0
28,CASH_IN,17337.11,C9111742,65947.77,48610.66,C6407658,417504.16,434841.27,0
28,CASH_OUT,21761.53,C2661307,22050.14,288.61,C2375453,288988.93,310750.46,0
28,TRANSFER,42229.76,C8367772,125280.21,83050.45,C6069909,355153.31,397383.07,1
28,PAYMENT,3177.83,C3037191,95711.91,92534.08,M9511700,449238.21,452416.04,0
28,DEBIT,13762.7,C1192619,30930.41,17167.71,C8410995,413640.4,427403.1,0
28,CASH_OUT,42382.44,C5801541,92692.31,50309.87,C7685149,459771.19,502153.63,0
28,CASH_OUT,262.79,C8930103,52279.85,52017.06,C2263313,472659.93,472922.72,0
28,CASH_IN,9146.58,C6492066,33183.63,24037.05,C7418028,68124.86,77271.44,0
28,DEBIT,3633.67,C8441741,4258.37,624.7,C5200476,32955.54,36589.21,0
28,CASH_OUT,47149.13,C3997281,58766.0,11616.87,C2582524,185900.75,233049.88,1
28,TRANSFER,42193.59,C7728339,73691.93,31498.34,C9626108,213701.84,255895.43,0
28,PAYMENT,37195.97,C8425149,42519.98,5324.01,M3718884,284755.94,321951.91,0
28,TRANSFER,2202.07,C6068760,83168.27,80966.2,C3109911,296824.22,299026.29,0
28,PAYMENT,240.13,C5951651,90845.23,90605.1,M9411547,414988.55,415228.68,0
28,PAYMENT,43864.06,C1440466,100041.5,56177.44,M5767195,163614.4,207478.46,0
28,CASH_OUT,11357.9,C6075395,63548.2,52190.3,C2738129,206602.18,217960.08,0
28,CASH_IN,28658.49,C2171218,41809.0,13150.51,C2987287,128545.42,157203.91,0
28,DEBIT,38301.9,C7961578,134235.52,95933.62,C4594297,396515.77,434817.67,0
28,CASH_IN,46285.52,C6183033,126762.87,80477.35,C1006810,405468.4,451753.92,0
28,PAYMENT,10668.74,C9937326,36450.43,25781.69,M8212753,22701.97,33370.71,0
28,CASH_OUT,38736.41,C4769851,107196.65,68460.24,C3950888,34360.37,73096.78,0
28,CASH_OUT,10674.65,C4916201,36278.01,25603.36,C6312692,381970.44,392645.09,0
28,TRANSFER,16876.38,C5641923,69870.35,52993.97,C6398528,202815.79,219692.17,0
28,CASH_OUT,48950.89,C7668663,123484.08,74533.19,C6279418,223902.33,272853.22,0
28,TRANSFER,49486.42,C5579094,142581.31,93094.89,C6643798,251689.91,301176.33,0
28,TRANSFER,15902.8,C9468772,108016.53,92113.73,C6591986,398896.81,414799.61,0
28,CASH_OUT,20300.55,C2154126,25043.83,4743.28,C7738019,166996.25,187296.8,0
28,DEBIT,40817.06,C3815034,80164.41,39347.35,C2065818,224492.82,265309.88,0
28,CASH_OUT,17628.44,C3386328,33574.02,15945.58,C3198037,282285.52,299913.96,0
28,PAYMENT,29707.39,C8151684,119938.72,90231.33,M6193922,162276.22,191983.61,0
28,PAYMENT,24674.29,C8987516,91282.53,66608.24,M4616647,300044.21,324718.5,0
28,TRANSFER,4995.5,C1987737,51265.47,46269.97,C3351868,253755.19,258750.69,0
28,DEBIT,4746.79,C3094235,37600.19,32853.4,C6022741,147465.97,152212.76,0
28,DEBIT,34102.04,C5476583,50921.05,16819.01,C4240180,11896.5,45998.54,0
28,CASH_IN,18553.74,C5606980,100311.0,81757.26,C9907391,466083.77,484637.51,0
28,PAYMENT,34132.57,C1419610,100818.71,66686.14,M7378822,91120.44,125253.01,0
28,CASH_OUT,39248.83,C1863121,126441.12,87192.29,C1547605,29760.52,69009.35,0
28,TRANSFER,42997.98,C7455324,74948.73,31950.75,C5159166,168630.3,211628.28,0
28,TRANSFER,45326.21,C8558378,89341.66,44015.45,C8746014,445298.39,490624.6,0
28,DEBIT,14133.15,C7232293,90631.65,76498.5,C8526486,352092.24,366225.39,0
28,TRANSFER,23190.14,C4607488,116265.17,93075.03,C8082668,354148.49,377338.63,0
28,CASH_IN,33706.83,C7210606,100349.54,66642.71,C5348512,414616.79,448323.62,0
28,PAYMENT,496.04,C1909393,96235.3,95739.26,M7105194,311020.35,311516.39,0
28,CASH_OUT,38645.34,C6708456,107648.28,69002.94,C5813613,289489.11,328134.45,0
28,PAYMENT,13878.93,C2375453,101707.62,87828.69,M2909540,214204.12,228083.05,0
28,CASH_IN,30582.62,C6825112,37783.49,7200.87,C6438436,149945.95,180528.57,0
28,CASH_IN,45493.77,C4671545,133543.78,88050.01,C6716097,308299.73,353793.5,0
28,TRANSFER,47992.62,C8617381,123989.14,75996.52,C9767312,121815.49,169808.11,0
28,CASH_IN,17029.98,C3320821,55822.21,38792.23,C8132648,16628.83,33658.81,0
28,DEBIT,48188.07,C9089795,49492.89,1304.82,C6889195,9610.79,57798.86,0
28,CASH_IN,21429.37,C5947563,28798.14,7368.77,C3997281,193428.69,214858.06,0
28,DEBIT,23880.26,C7700828,123491.85,99611.59,C7960328,250476.92,274357.18,0
28,TRANSFER,35835.66,C9294272,92863.26,57027.6,C2173965,144488.02,180323.68,0
28,CASH_IN,34947.47,C4840714,36998.59,2051.12,C8658158,196315.25,231262.72,0
29,DEBIT,18855.08,C2262382,51664.25,32809.17,C1205779,108983.1,127838.18,0
29,CASH_OUT,41423.83,C5446912,62675.49,21251.66,C4922880,189741.47,231165.3,1
29,DEBIT,9190.41,C2564689,62914.3,53723.89,C8410995,91885.13,101075.54,0
29,PAYMENT,31390.54,C5673599,53274.05,21883.51,M6696087,110661.18,142051.72,0
29,CASH_OUT,42802.01,C9153566,116524.89,73722.88,C7374122,15974.15,58776.16,1
29,DEBIT,41948.12,C9279821,66376.65,24428.53,C8883823,318603.36,360551.48,0
29,CASH_IN,27793.74,C6702160,53121.43,25327.69,C7084862,6972.25,34765.99,0
29,PAYMENT,4428.43,C1909393,26422.84,21994.41,M3321942,68040.54,72468.97,0
29,PAYMENT,14086.68,C5770422,47494.98,33408.3,M9655523,438228.66,452315.34,0
29,CASH_IN,27828.61,C2355439,60156.37,32327.76,C3851852,282796.83,310625.44,0
29,TRANSFER,4395.46,C1732280,21144.17,16748.71,C5936453,23213.1,27608.56,0
29,TRANSFER,20959.82,C2164686,109434.25,88474.43,C8038374,70732.65,91692.47,0
29,CASH_OUT,17692.62,C6262632,43276.07,25583.45,C8574680,491651.68,509344.3,0
29,PAYMENT,34748.2,C2375453,125481.29,90733.09,M6442241,57267.22,92015.42,0
29,CASH_OUT,42094.27,C8795419,42706.19,611.92,C4607488,94522.56,136616.83,0
29,TRANSFER,4957.74,C2813543,40214.9,35257.16,C1971823,455192.88,460150.62,0
29,PAYMENT,26117.48,C1233516,94757.03,68639.55,M1882629,282771.7,308889.18,0
29,DEBIT,5329.74,C5449368,48982.79,43653.05,C8610879,267765.27,273095.01,0
29,CASH_OUT,27516.4,C4694634,84413.91,56897.51,C7784725,231875.0,259391.4,0
29,DEBIT,8382.29,C7897151,63983.59,55601.3,C6837817,22228.53,30610.82,0
29,PAYMENT,37523.12,C2096280,85398.14,47875.02,M2287332,382793.94,420317.06,0
29,CASH_IN,42905.42,C5017343,140814.36,97908.94,C5947563,304328.24,347233.66,0
29,TRANSFER,25430.93,C9900022,115352.4,89921.47,C3217273,401852.91,427283.84,0
29,CASH_OUT,16591.63,C1289293,82327.28,65735.65,C2921859,497714.47,514306.1,0
29,TRANSFER,8414.39,C2512187,8536.31,121.92,C7003042,88816.13,97230.52,0
29,TRANSFER,30755.94,C1727544,93283.15,62527.21,C6307805,419341.33,450097.27,0
29,TRANSFER,6772.16,C8175395,31968.36,25196.2,C9517485,138712.15,145484.31,0
29,DEBIT,49370.28,C4940441,141825.76,92455.48,C6033115,430127.14,479497.42,0
29,PAYMENT,3311.29,C4916201,63555.64,60244.35,M5886733,98141.54,101452.83,0
29,PAYMENT,33659.58,C3608513,37271.15,3611.57,M7070880,103928.82,137588.4,0
29,PAYMENT,13857.14,C9196204,99094.67,85237.53,M9511700,65292.25,79149.39,0
29,DEBIT,24906.37,C9770838,49276.3,24369.93,C2264748,358926.17,383832.54,0
29,PAYMENT,44926.57,C7640184,54280.28,9353.71,M4767135,167732.57,212659.14,0
29,PAYMENT,20363.83,C1865901,20652.41,288.58,M8531380,492180.59,512544.42,0
29,PAYMENT,17228.27,C5348512,62920.08,45691.81,M3718884,177929.46,195157.73,0
29,CASH_IN,4806.73,C9748499,18008.65,13201.92,C3036059,35518.83,40325.56,0
29,PAYMENT,32591.55,C5076817,100855.17,68263.62,M9959220,406477.34,439068.89,0
29,PAYMENT,23489.13,C8419378,109549.19,86060.06,M5752087,79560.68,103049.81,0
29,CASH_IN,10916.31,C4514944,35710.46,24794.15,C6483562,482680.45,493596.76,0
29,CASH_IN,41060.69,C6159230,80248.9,39188.21,C1615675,75417.88,116478.57,0
29,PAYMENT,40074.91,C6098175,82054.87,41979.96,M7795314,6996.05,47070.96,0
29,PAYMENT,18350.96,C7279729,115234.86,96883.9,M3307963,208842.02,227192.98,0
29,DEBIT,23030.62,C8698256,46417.41,23386.79,C6386463,197000.61,220031.23,0
29,TRANSFER,4214.79,C7017548,40419.87,36205.08,C9697969,30222.28,34437.07,0
29,CASH_IN,14354.12,C3768991,79956.83,65602.71,C9293086,220487.64,234841.76,0
29,DEBIT,19581.9,C6188935,80047.82,60465.92,C4205394,94282.26,113864.16,0
29,TRANSFER,28381.97,C5163953,58612.06,30230.09,C8038374,302259.2,330641.17,0
29,TRANSFER,22686.23,C5004485,61220.26,38534.03,C6573147,216919.94,239606.17,0
29,PAYMENT,4432.1,C4533779,26076.31,21644.21,M8979730,205467.83,209899.93,0
29,TRANSFER,45982.56,C2429098,115525.19,69542.63,C2595275,133277.53,179260.09,1
29,CASH_IN,42509.02,C4567281,116004.24,73495.22,C7074006,474571.77,517080.79,0
29,CASH_IN,47519.05,C5171761,62270.94,14751.89,C7970771,120051.04,167570.09,0
29,CASH_OUT,45372.92,C1527021,113642.75,68269.83,C6873938,131834.86,177207.78,1
29,CASH_OUT,40251.85,C8688755,134975.32,94723.47,C2275009,487054.16,527306.01,1
29,CASH_OUT,33338.86,C2198058,56923.88,23585.02,C9826250,122761.29,156100.15,0
29,TRANSFER,47468.7,C1938483,55223.53,7754.83,C2077581,353202.92,400671.62,0
29,CASH_IN,24980.42,C7210606,122994.2,98013.78,C1433940,133538.09,158518.51,0
29,DEBIT,38920.32,C7780932,106434.27,67513.95,C3050700,249689.74,288610.06,0
29,DEBIT,20074.82,C6871360,114773.76,94698.94,C9031491,180246.3,200321.12,0
29,TRANSFER,21834.94,C7892225,120947.76,99112.82,C5204819,135427.26,157262.2,0
29,DEBIT,46560.35,C7520395,142787.86,96227.51,C7850944,31791.07,78351.42,0
29,TRANSFER,45298.18,C8033426,63006.5,17708.32,C5159166,142775.35,188073.53,1
29,PAYMENT,28638.6,C4205394,37392.44,8753.84,M2662338,170845.24,199483.84,0
29,DEBIT,29801.27,C4213524,87372.93,57571.66,C2349590,198537.44,228338.71,0
29,DEBIT,9094.38,C7426265,54414.41,45320.03,C4612365,490418.7,499513.08,0
29,TRANSFER,11987.47,C8999183,30146.74,18159.27,C5232413,61269.91,73257.38,0
29,CASH_OUT,2641.43,C5668371,60993.55,58352.12,C2101965,123906.19,126547.62,0
29,TRANSFER,47048.52,C1981186,124723.68,77675.16,C6452832,443065.45,490113.97,1
29,PAYMENT,22645.73,C5634662,88424.28,65778.55,M9511700,228948.88,251594.61,0
29,PAYMENT,48052.92,C8707870,101468.71,53415.79,M9595744,343129.22,391182.14,0
29,PAYMENT,24789.16,C8062546,116764.41,91975.25,M4024309,71044.37,95833.53,0
29,PAYMENT,3979.25,C8217547,13217.06,9237.81,M5194357,466266.0,470245.25,0
29,CASH_OUT,15923.6,C5761145,97488.15,81564.55,C4771676,328970.75,344894.35,0
29,TRANSFER,21652.95,C2661307,47629.11,25976.16,C8118722,422070.77,443723.72,0
29,DEBIT,2439.99,C7850067,66721.57,64281.58,C6539837,81800.32,84240.31,0
29,PAYMENT,34578.13,C4197911,122109.34,87531.21,M9831414,410177.89,444756.02,0
29,TRANSFER,45247.82,C4342306,58453.51,13205.69,C5040453,214987.35,260235.17,0
29,DEBIT,9423.13,C5605016,20570.64,11147.51,C2719583,455513.37,464936.5,0
29,PAYMENT,46250.77,C1547605,127617.91,81367.14,M6587964,466214.51,512465.28,0
29,PAYMENT,1239.08,C3086308,66146.8,64907.72,M6204824,329142.65,330381.73,0
29,PAYMENT,1827.96,C1739653,87461.45,85633.49,M1447451,89090.7,90918.66,0
29,TRANSFER,3294.97,C6799667,49606.44,46311.47,C4867786,423340.94,426635.91,0
29,TRANSFER,6004.56,C8606962,28675.48,22670.92,C6452832,286832.13,292836.69,0
29,PAYMENT,38464.28,C7442089,91372.94,52908.66,M8342941,313773.26,352237.54,0
29,PAYMENT,24723.91,C6933742,44569.86,19845.95,M6791039,99057.8,123781.71,0
29,CASH_IN,17299.7,C5394880,94856.24,77556.54,C3112652,88005.13,105304.83,0
29,PAYMENT,30050.64,C6799667,102676.07,72625.43,M3408819,427972.6,458023.24,0
29,TRANSFER,17205.03,C5200476,99929.73,82724.7,C3634980,429903.45,447108.48,0
29,TRANSFER,45478.13,C5428914,60555.76,15077.63,C7907400,346612.5,392090.63,0
29,TRANSFER,34968.53,C1744682,95307.5,60338.97,C1047572,87153.17,122121.7,0
29,CASH_OUT,18185.89,C1661401,96371.76,78185.87,C3950888,112750.92,130936.81,0
29,TRANSFER,21167.11,C5672073,56167.92,35000.81,C5693260,17379.21,38546.32,0
29,DEBIT,4590.99,C3684052,102203.31,97612.32,C8215376,22780.84,27371.83,0
29,TRANSFER,19460.61,C2957497,95909.73,76449.12,C1954280,403462.89,422923.5,0
29,TRANSFER,19062.84,C4191175,68202.06,49139.22,C6647119,77985.46,97048.3,0
29,PAYMENT,17717.5,C8608449,107012.34,89294.84,M2244712,279137.91,296855.41,0
29,CASH_IN,31609.68,C2935113,127975.43,96365.75,C5076817,246497.57,278107.25,0
29,DEBIT,46152.91,C6492066,132105.84,85952.93,C7074006,389675.35,435828.26,0
29,DEBIT,10023.2,C2686231,23125.61,13102.41,C4551070,104910.09,114933.29,0
29,TRANSFER,49107.79,C1059486,144336.19,95228.4,C1131249,459821.32,508929.11,0
30,PAYMENT,37721.52,C3955087,137435.35,99713.83,M6394323,173053.06,210774.58,0
30,CASH_IN,7722.61,C5453786,81147.86,73425.25,C5674183,176869.48,184592.09,0
30,PAYMENT,18857.58,C1861958,56016.64,37159.06,M6080483,24654.47,43512.05,0
30,DEBIT,12119.74,C3946751,18786.65,6666.91,C8048838,323877.15,335996.89,0
30,CASH_IN,2780.54,C5480460,30358.51,27577.97,C7392547,413836.58,416617.12,0
30,PAYMENT,24283.49,C9907391,109960.68,85677.19,M1630944,474888.95,499172.44,0
30,PAYMENT,32663.53,C9123504,34018.74,1355.21,M6696087,329995.67,362659.2,0
30,TRANSFER,38740.67,C6866294,104850.52,66109.85,C6213522,254358.99,293099.66,0
30,CASH_OUT,33201.87,C3670226,116019.06,82817.19,C6873938,236763.29,269965.16,0
30,CASH_OUT,19311.95,C6137284,98387.37,79075.42,C3815034,22516.46,41828.41,0
30,CASH_OUT,12578.84,C3770370,106257.19,93678.35,C8722606,329844.12,342422.96,0
30,CASH_OUT,4333.03,C1873851,12082.35,7749.32,C8973915,383213.56,387546.59,0
30,CASH_OUT,16504.12,C1341919,73461.66,56957.54,C6770619,335262.63,351766.75,0
30,CASH_IN,36047.62,C6207974,81133.55,45085.93,C6294016,248325.58,284373.2,0
30,TRANSFER,3019.3,C1419610,4835.32,1816.02,C3222252,84363.64,87382.94,0
30,TRANSFER,33336.51,C3109911,42945.91,9609.4,C8789116,364482.07,397818.58,0
30,PAYMENT,7492.06,C9852897,64649.42,57157.36,M3532644,375948.88,383440.94,0
30,DEBIT,45297.79,C2903561,98495.82,53198.03,C4342306,323633.14,368930.93,0
30,DEBIT,1826.42,C3427461,23388.36,21561.94,C6183033,82486.84,84313.26,0
30,DEBIT,44660.89,C5147994,124449.88,79788.99,C2074176,492544.98,537205.87,0
30,TRANSFER,6601.26,C6423634,52639.49,46038.23,C7210606,169559.45,176160.71,0
30,CASH_IN,48192.1,C2829622,113066.93,64874.83,C1559763,210178.3,258370.4,0
30,TRANSFER,42034.6,C8938746,132045.52,90010.92,C7166651,349141.79,391176.39,0
30,PAYMENT,30134.87,C7850944,61011.54,30876.67,M3163449,15438.6,45573.47,0
30,CASH_IN,33608.95,C4043480,51777.85,18168.9,C5770422,62344.61,95953.56,0
30,PAYMENT,7935.39,C2437026,92151.88,84216.49,M7083379,387297.87,395233.26,0
30,DEBIT,40379.64,C3556551,96683.68,56304.04,C6059717,228047.4,268427.04,0
30,CASH_OUT,24002.1,C2065818,38030.15,14028.05,C5614226,484084.79,508086.89,0
30,DEBIT,19788.2,C8987516,86326.33,66538.13,C2101965,217629.22,237417.42,0
30,DEBIT,14894.22,C8225725,107229.94,92335.72,C7913081,442406.76,457300.98,0
30,PAYMENT,20995.28,C6049101,110047.92,89052.64,M3198638,213315.21,234310.49,0
30,PAYMENT,12854.01,C5602180,15159.37,2305.36,M2909540,122131.96,134985.97,0
30,CASH_OUT,34954.59,C4860745,38718.1,3763.51,C3135534,369557.39,404511.98,0
30,CASH_OUT,28256.66,C6799667,72394.6,44137.94,C4979651,54954.98,83211.64,0
30,CASH_IN,32507.19,C6855396,102101.73,69594.54,C3595941,111370.08,143877.27,0
30,TRANSFER,2486.77,C8344375,74388.35,71901.58,C5963914,89623.13,92109.9,0
30,CASH_OUT,5515.0,C3923366,51782.25,46267.25,C6171716,337210.57,342725.57,0
30,DEBIT,14992.49,C3030113,76400.64,61408.15,C7191135,458082.57,473075.06,0
30,CASH_IN,42498.45,C4762204,103670.86,61172.41,C8875173,174340.47,216838.92,0
30,CASH_OUT,20703.24,C6680114,50556.95,29853.71,C6901533,165203.79,185907.03,0
30,CASH_OUT,43734.2,C3955087,74473.36,30739.16,C4671545,128698.93,172433.13,1
30,CASH_OUT,30603.22,C1865901,123403.52,92800.3,C9089795,294544.13,325147.35,0
30,CASH_IN,12130.48,C8190929,69962.41,57831.93,C5299055,142544.44,154674.92,0
30,CASH_IN,44047.07,C3426689,45764.69,1717.62,C6662319,379535.24,423582.31,0
30,CASH_IN,8575.15,C3036059,67907.25,59332.1,C1790481,250252.13,258827.28,0
30,TRANSFER,30275.88,C2512187,129108.6,98832.72,C7705062,334503.93,364779.81,0
30,CASH_IN,32130.84,C1047572,117944.2,85813.36,C7311494,134804.36,166935.2,0
30,TRANSFER,7893.09,C4335942,52447.4,44554.31,C6873938,30601.97,38495.06,0
30,TRANSFER,5766.03,C3946751,53659.05,47893.02,C5408072,150679.29,156445.32,0
30,CASH_IN,17393.91,C9488613,54448.31,37054.4,C5634662,236308.82,253702.73,0
30,CASH_IN,6604.27,C1666754,31047.66,24443.39,C5491946,21455.37,28059.64,0
30,CASH_OUT,28338.58,C5691890,121228.62,92890.04,C6837817,74190.85,102529.43,0
30,CASH_IN,11180.07,C6707197,25323.58,14143.51,C3728882,368648.36,379828.43,0
30,CASH_OUT,5340.74,C4185957,78724.63,73383.89,C4526280,230735.47,236076.21,0
30,DEBIT,43217.31,C1264762,62248.77,19031.46,C8750676,291175.14,334392.45,0
30,DEBIT,48192.48,C6243691,145277.72,97085.24,C9823994,39440.65,87633.13,0
30,CASH_IN,30478.1,C2321324,101059.73,70581.63,C5364698,276275.24,306753.34,0
30,TRANSFER,12976.15,C4816534,51764.78,38788.63,C5480460,42321.03,55297.18,0
30,TRANSFER,46728.1,C4607488,51533.89,4805.79,C8344375,102351.78,149079.88,0
30,TRANSFER,41442.39,C3500715,44790.94,3348.55,C4576135,124330.52,165772.91,0
30,CASH_OUT,9163.75,C9537455,74766.08,65602.33,C8938746,9358.28,18522.03,0
30,TRANSFER,33167.65,C7724045,83611.12,50443.47,C5745250,346573.22,379740.87,0
30,DEBIT,39073.73,C7738019,42340.68,3266.95,C7210606,395734.86,434808.59,0
30,CASH_OUT,35540.67,C6075395,121576.21,86035.54,C3595941,190714.55,226255.22,0
30,CASH_IN,47963.57,C6596150,112626.89,64663.32,C5076817,486139.45,534103.02,0
30,DEBIT,44464.54,C6438436,70814.14,26349.6,C7022335,496773.5,541238.04,0
30,CASH_OUT,10399.89,C6144280,25916.47,15516.58,C9398441,268280.76,278680.65,0
30,CASH_OUT,47362.99,C5186414,128869.66,81506.67,C1669324,304750.98,352113.97,1
30,DEBIT,16923.64,C3442255,89906.91,72983.27,C6716097,376945.85,393869.49,0
30,TRANSFER,9956.53,C1156287,109358.16,99401.63,C4623062,311804.24,321760.77,0
30,TRANSFER,475.87,C7022674,33494.78,33018.91,C2677407,286808.45,287284.32,0
30,PAYMENT,10784.16,C5667265,12980.82,2196.66,M1630944,98634.28,109418.44,0
30,DEBIT,23427.62,C1971823,90460.37,67032.75,C2149597,213888.14,237315.76,0
30,DEBIT,18266.35,C1109031,103856.63,85590.28,C6312692,70997.23,89263.58,0
30,DEBIT,30487.53,C8427625,55399.88,24912.35,C9907391,374196.4,404683.93,0
30,TRANSFER,13906.92,C9284509,19511.92,5605.0,C2566777,470781.07,484687.99,0
30,TRANSFER,45512.66,C9900022,122470.91,76958.25,C8159911,408032.37,453545.03,1
30,PAYMENT,10847.07,C6033115,23552.65,12705.58,M6174418,148002.56,158849.63,0
30,PAYMENT,47327.94,C2539438,56414.64,9086.7,M8434202,358849.66,406177.6,0
30,TRANSFER,33099.25,C6304573,38311.17,5211.92,C9753457,186649.94,219749.19,0
30,DEBIT,40718.07,C6702160,106773.45,66055.38,C3276659,273232.27,313950.34,0
30,PAYMENT,41586.54,C3204724,73698.03,32111.49,M4955699,130225.05,171811.59,0
30,PAYMENT,31118.71,C2935113,36123.35,5004.64,M2736473,179880.38,210999.09,0
30,CASH_IN,11377.23,C4816586,90239.21,78861.98,C5394880,234580.47,245957.7,0
30,TRANSFER,16980.53,C6438436,32535.71,15555.18,C6891254,299398.6,316379.13,0
30,CASH_IN,39099.24,C6097514,78519.53,39420.29,C9312590,266888.24,305987.48,0
30,CASH_OUT,45743.76,C6752576,94290.54,48546.78,C1098919,313600.53,359344.29,0
30,PAYMENT,39723.51,C8526486,48177.14,8453.63,M2478574,489663.21,529386.72,0
30,PAYMENT,26550.48,C5628522,50121.1,23570.62,M9164342,173327.81,199878.29,0
30,CASH_IN,20802.27,C2065818,66243.73,45441.46,C8099076,24741.88,45544.15,0
30,DEBIT,14574.49,C1538552,74400.91,59826.42,C3237058,176260.89,190835.38,0
30,CASH_IN,48581.5,C8312114,66401.78,17820.28,C1044891,159169.72,207751.22,0
30,PAYMENT,24704.65,C8896868,38915.15,14210.5,M4963933,246115.0,270819.65,0
30,DEBIT,37424.43,C4700025,93180.06,55755.63,C2788238,90893.95,128318.38,0
30,PAYMENT,18042.22,C2770648,32476.42,14434.2,M6696087,187840.24,205882.46,0
30,DEBIT,33959.57,C1843636,118959.31,84999.74,C6591986,96178.82,130138.39,0
30,TRANSFER,37004.5,C5108603,118649.9,81645.4,C9035982,101178.34,138182.84,0
30,CASH_OUT,14728.44,C2686231,45201.77,30473.33,C8707870,420308.91,435037.35,0
30,DEBIT,25433.64,C3380261,26608.0,1174.36,C5602180,232312.47,257746.11,0
30,TRANSFER,526.12,C2532210,77121.64,76595.52,C9706768,342177.36,342703.48,0
31,PAYMENT,30607.75,C5081983,109410.04,78802.29,M3972018,224097.52,254705.27,0
31,CASH_OUT,31199.46,C6555772,73913.33,42713.87,C3198037,328966.31,360165.77,0
31,TRANSFER,47381.96,C6549757,70699.11,23317.15,C9518424,92493.26,139875.22,0
31,DEBIT,15952.15,C3670896,107157.0,91204.85,C3138181,283619.36,299571.51,0
31,PAYMENT,20923.86,C3037191,75197.55,54273.69,M7070468,70879.94,91803.8,0
31,CASH_IN,6699.72,C7752972,79212.49,72512.77,C5673599,78833.96,85533.68,0
31,CASH_IN,14299.02,C3154051,106705.08,92406.06,C4106298,477525.12,491824.14,0
31,DEBIT,10926.13,C5641923,42506.59,31580.46,C8612582,332420.26,343346.39,0
31,CASH_IN,20117.14,C2347467,66444.38,46327.24,C4470105,360100.78,380217.92,0
31,TRANSFER,32291.17,C1649691,98699.2,66408.03,C2453962,476977.68,509268.85,0
31,PAYMENT,21578.91,C7693979,87903.44,66324.53,M7319630,311751.19,333330.1,0
31,PAYMENT,32318.89,C8215376,42028.49,9709.6,M3144023,102381.36,134700.25,0
31,PAYMENT,11159.53,C8684678,15520.47,4360.94,M5752087,286948.31,298107.84,0
31,TRANSFER,35221.58,C2262382,117113.78,81892.2,C6438436,41853.98,77075.56,0
31,TRANSFER,4727.12,C4731818,41938.44,37211.32,C7264956,148036.26,152763.38,0
31,PAYMENT,35564.33,C8684678,122537.35,86973.02,M6587964,271719.93,307284.26,0
31,CASH_IN,24980.18,C1229419,114343.13,89362.95,C5091349,51990.6,76970.78,0
31,CASH_IN,5495.67,C5970190,61122.87,55627.2,C6492066,29243.82,34739.49,0
31,CASH_OUT,49441.2,C1156287,53699.22,4258.02,C1419610,194133.57,243574.77,0
31,CASH_IN,45779.16,C2957497,109607.25,63828.09,C2651601,240220.77,285999.93,0
31,CASH_OUT,26043.84,C2477398,54220.74,28176.9,C1229419,435108.14,461151.98,0
31,CASH_OUT,38755.79,C8999183,111177.84,72422.05,C7668663,108855.76,147611.55,0
31,TRANSFER,5598.54,C6075395,86464.87,80866.33,C6512415,89522.84,95121.38,0
31,TRANSFER,9159.26,C1170307,13706.47,4547.21,C1009594,81547.58,90706.84,0
31,CASH_OUT,26599.56,C8633773,99873.45,73273.89,C2275009,468830.45,495430.01,0
31,CASH_IN,38626.56,C5449368,85732.5,47105.94,C8935169,307498.67,346125.23,0
31,TRANSFER,41270.86,C9537455,98807.59,57536.73,C3747534,263422.97,304693.83,0
31,CASH_IN,34918.47,C1036161,36908.71,1990.24,C2663938,109670.08,144588.55,0
31,DEBIT,21118.19,C5918715,91741.23,70623.04,C4009172,31193.98,52312.17,0
31,CASH_OUT,46812.95,C7117837,80479.01,33666.06,C2020480,271985.91,318798.86,1
31,PAYMENT,202.4,C9279821,81163.71,80961.31,M7575963,135076.4,135278.8,0
31,CASH_IN,44958.23,C2919549,138489.99,93531.76,C5108603,276575.36,321533.59,0
31,TRANSFER,46245.99,C2813543,122976.63,76730.64,C6932391,31223.88,77469.87,0
31,CASH_IN,34878.35,C2724590,110507.0,75628.65,C8805654,466781.19,501659.54,0
31,TRANSFER,8873.75,C8159911,97075.16,88201.41,C4585314,250800.83,259674.58,0
31,DEBIT,33662.02,C4526280,115117.76,81455.74,C5107776,203754.52,237416.54,0
31,PAYMENT,25287.85,C9164991,116592.95,91305.1,M8101036,375021.27,400309.12,0
31,DEBIT,8859.89,C8736811,33643.11,24783.22,C1848731,276074.99,284934.88,0
31,PAYMENT,51.02,C4553384,15556.27,15505.25,M3972018,252920.75,252971.77,0
31,TRANSFER,10064.24,C8795419,19979.18,9914.94,C1059486,270282.13,280346.37,0
31,CASH_IN,36557.18,C5180853,126328.33,89771.15,C2010496,230543.3,267100.48,0
31,CASH_IN,36418.86,C9897858,84105.93,47687.07,C1264762,354123.54,390542.4,0
31,PAYMENT,20308.97,C3760597,58873.24,38564.27,M7274032,325321.31,345630.28,0
31,DEBIT,37778.33,C9284509,54483.14,16704.81,C9900022,317402.03,355180.36,0
31,CASH_IN,26137.11,C2374158,103169.56,77032.45,C1098919,310584.96,336722.07,0
31,DEBIT,30338.87,C3426689,76403.3,46064.43,C2022698,251583.99,281922.86,0
31,PAYMENT,17623.64,C6577416,102946.52,85322.88,M8201433,321625.75,339249.39,0
31,CASH_IN,34642.03,C2664863,52461.54,17819.51,C7850067,337778.47,372420.5,0
31,TRANSFER,35077.75,C3939212,104670.87,69593.12,C6101803,410987.66,446065.41,0
31,CASH_IN,19229.77,C3670896,76704.38,57474.61,C2259379,47100.4,66330.17,0
31,CASH_OUT,22416.39,C7818732,81734.05,59317.66,C5693260,445554.57,467970.96,0
31,TRANSFER,17178.0,C1842524,84294.25,67116.25,C5002120,314137.29,331315.29,0
31,PAYMENT,38202.17,C5091349,96135.33,57933.16,M5082173,303914.89,342117.06,0
31,DEBIT,13413.17,C1559763,89896.39,76483.22,C2737893,206002.87,219416.04,0
31,CASH_IN,49423.25,C5691890,125870.23,76446.98,C3710343,287047.15,336470.4,0
31,DEBIT,24226.72,C3182975,79551.3,55324.58,C2458591,297644.5,321871.22,0
31,CASH_OUT,34303.22,C2957497,90218.22,55915.0,C8841505,342791.97,377095.19,0
31,CASH_IN,14218.49,C5299055,109579.32,95360.83,C6229731,96770.62,110989.11,0
31,CASH_IN,40101.11,C4558780,81196.46,41095.35,C8633773,121265.93,161367.04,0
31,DEBIT,25954.19,C2429098,65820.99,39866.8,C8418210,290762.49,316716.68,0
31,CASH_IN,5349.82,C2530793,82990.39,77640.57,C9753457,266852.1,272201.92,0
31,CASH_OUT,14507.89,C5667265,80796.02,66288.13,C3970445,257384.83,271892.72,0
31,DEBIT,43793.16,C5970190,55619.92,11826.76,C2813543,443814.87,487608.03,0
31,PAYMENT,8209.68,C5781295,12118.13,3908.45,M3091745,200107.38,208317.06,0
31,CASH_IN,30095.45,C4337174,114082.18,83986.73,C8707870,89570.75,119666.2,0
31,CASH_IN,41679.86,C5743227,52117.33,10437.47,C4623062,110719.76,152399.62,0
31,CASH_IN,43864.22,C4794319,62859.61,18995.39,C6243691,332862.7,376726.92,0
31,PAYMENT,16500.7,C5635017,71607.22,55106.52,M9854536,309427.19,325927.89,0
31,DEBIT,13102.96,C4965789,47866.26,34763.3,C8608449,492124.0,505226.96,0
31,TRANSFER,738.3,C7014016,92258.16,91519.86,C9284509,23621.65,24359.95,0
31,TRANSFER,2305.75,C7982241,78282.98,75977.23,C7780932,201648.53,203954.28,0
31,CASH_IN,44431.34,C8558197,46160.08,1728.74,C5813613,484120.47,528551.81,0
31,CASH_OUT,19376.25,C6692553,45482.17,26105.92,C3560856,282666.63,302042.88,0
31,DEBIT,48937.61,C8799287,93820.16,44882.55,C3418526,25893.16,74830.77,0
31,DEBIT,45699.89,C3094235,98781.84,53081.95,C1841248,80997.74,126697.63,0
31,PAYMENT,1571.19,C4526280,38807.31,37236.12,M8391997,343966.07,345537.26,0
31,PAYMENT,11554.0,C6407373,106523.39,94969.39,M2105817,126032.5,137586.5,0
31,CASH_IN,29769.35,C5408072,78164.15,48394.8,C4147112,332632.58,362401.93,0
31,DEBIT,27935.72,C3657144,44419.19,16483.47,C2532210,469999.26,497934.98,0
31,DEBIT,7096.75,C2375453,39457.48,32360.73,C2022698,172096.5,179193.25,0
31,CASH_IN,21815.04,C6481437,53357.68,31542.64,C3222252,212735.1,234550.14,0
31,TRANSFER,9220.0,C7705490,70118.84,60898.84,C3011363,165892.61,175112.61,0
31,TRANSFER,46594.19,C8307727,125907.01,79312.82,C4938791,129309.9,175904.09,0
31,DEBIT,15185.66,C8047416,52422.2,37236.54,C5747930,111418.67,126604.33,0
31,DEBIT,16319.62,C7754864,69757.38,53437.76,C5652512,156269.91,172589.53,0
31,DEBIT,41523.53,C3222252,74825.22,33301.69,C6724909,173849.08,215372.61,0
31,PAYMENT,8319.54,C3653446,82421.77,74102.23,M2425342,197193.22,205512.76,0
31,TRANSFER,47325.78,C5041154,71008.64,23682.86,C5204819,389400.47,436726.25,1
31,DEBIT,24737.73,C7477326,78344.9,53607.17,C5148725,272788.9,297526.63,0
31,TRANSFER,30878.1,C8159911,102114.65,71236.55,C6294016,160614.46,191492.56,0
31,CASH_OUT,8556.75,C6719285,25587.87,17031.12,C1170307,420849.07,429405.82,0
31,TRANSFER,35643.0,C7784725,76251.02,40608.02,C4078418,488749.18,524392.18,0
31,CASH_OUT,24467.78,C2130789,31123.79,6656.01,C3442255,167994.12,192461.9,0
31,PAYMENT,26459.36,C2525206,57310.74,30851.38,M9158272,46373.07,72832.43,0
31,DEBIT,22710.86,C2151225,45742.97,23032.11,C4674286,183060.74,205771.6,0
31,TRANSFER,17837.53,C9874152,61673.57,43836.04,C8563202,264462.2,282299.73,0
31,CASH_OUT,5615.63,C5195951,41256.34,35640.71,C8999183,150140.13,155755.76,0
31,CASH_IN,22978.52,C4048907,107719.06,84740.54,C2770648,301517.29,324495.81,0
31,PAYMENT,16675.17,C7619862,70106.73,53431.56,M6625238,111122.77,127797.94,0
31,PAYMENT,26497.26,C4165061,113881.95,87384.69,M7378822,34323.84,60821.1,0
32,TRANSFER,11989.9,C6512314,54702.3,42712.4,C1463060,18717.28,30707.18,0
32,DEBIT,25306.32,C6120253,32138.06,6831.74,C5276341,397201.94,422508.26,0
32,DEBIT,27169.82,C6188935,55693.92,28524.1,C8536477,277425.97,304595.79,0
32,TRANSFER,15805.33,C3710343,33959.26,18153.93,C5081983,222585.17,238390.5,0
32,CASH_OUT,20435.6,C4340845,93329.45,72893.85,C4816534,241315.46,261751.06,0
32,CASH_IN,2509.63,C7017548,88857.33,86347.7,C6932391,178120.22,180629.85,0
32,DEBIT,9407.7,C1430812,59064.1,49656.4,C6837817,367610.33,377018.03,0
32,DEBIT,37117.91,C7003042,96002.94,58885.03,C5832327,32652.2,69770.11,0
32,CASH_OUT,11231.95,C4415140,69998.03,58766.08,C5449324,287795.88,299027.83,0
32,DEBIT,31458.96,C2672884,128625.84,97166.88,C6492066,170727.53,202186.49,0
32,CASH_IN,29381.22,C6228407,98330.59,68949.37,C4514944,56082.77,85463.99,0
32,CASH_IN,29782.91,C7722755,52570.41,22787.5,C3217273,8480.95,38263.86,0
32,TRANSFER,41634.69,C9250138,51154.66,9519.97,C2724590,42492.19,84126.88,0
32,CASH_IN,14532.56,C6724909,79587.67,65055.11,C5476257,194931.22,209463.78,0
32,CASH_IN,38826.18,C8563202,97110.07,58283.89,C5825658,219020.21,257846.39,0
32,CASH_IN,45542.82,C8344375,78402.16,32859.34,C8630043,354989.38,400532.2,0
32,CASH_OUT,37714.14,C2375453,111903.87,74189.73,C3112652,421293.51,459007.65,0
32,PAYMENT,8965.71,C3154051,83484.95,74519.24,M3718884,231380.39,240346.1,0
32,CASH_IN,30464.04,C8099076,60388.01,29923.97,C6855396,270223.95,300687.99,0
32,CASH_IN,45366.12,C2324869,91578.33,46212.21,C4694634,463115.13,508481.25,0
32,CASH_IN,26460.75,C4551070,107549.27,81088.52,C6071208,394953.78,421414.53,0
32,TRANSFER,21278.45,C3138181,120769.83,99491.38,C3427461,491021.28,512299.73,0
32,PAYMENT,4159.18,C7442089,25151.18,20992.0,M9595744,251388.74,255547.92,0
32,DEBIT,42447.57,C9164991,100259.8,57812.23,C4694634,304877.3,347324.87,0
32,DEBIT,41716.26,C2074176,136242.26,94526.0,C8801975,168279.68,209995.94,0
32,PAYMENT,44376.52,C1768805,107404.02,63027.5,M5059048,83461.98,127838.5,0
32,PAYMENT,22270.29,C6701311,59310.94,37040.65,M1761976,73903.48,96173.77,0
32,DEBIT,46231.34,C7208460,68332.46,22101.12,C8938746,394659.32,440890.66,0
32,PAYMENT,31403.93,C5081983,85250.03,53846.1,M1472908,10333.76,41737.69,0
32,DEBIT,48059.63,C6708456,67575.52,19515.89,C6144280,336667.27,384726.9,0
32,PAYMENT,37308.98,C9519948,94876.31,57567.33,M6448705,393632.4,430941.38,0
32,PAYMENT,531.66,C2066326,85814.79,85283.13,M8719145,492379.44,492911.1,0
32,CASH_OUT,6728.71,C9907391,18854.97,12126.26,C2010496,361753.47,368482.18,0
32,PAYMENT,28702.65,C8062546,111337.83,82635.18,M7575963,398800.55,427503.2,0
32,CASH_IN,35861.77,C5137722,68635.8,32774.03,C3030966,439659.8,475521.57,0
32,CASH_OUT,10616.75,C5195951,50662.84,40046.09,C4585314,452888.43,463505.18,0
32,CASH_IN,24814.51,C4044882,38800.6,13986.09,C7844947,219935.4,244749.91,0
32,TRANSFER,34513.45,C8460758,91348.44,56834.99,C6213522,104492.9,139006.35,0
32,TRANSFER,39925.97,C6007072,102589.1,62663.13,C9478454,272276.34,312202.31,0
32,DEBIT,4526.48,C8306261,71092.39,66565.91,C4020853,42974.11,47500.59,0
32,CASH_OUT,43040.1,C5521644,101518.42,58478.32,C7426265,284049.91,327090.01,0
32,PAYMENT,5072.09,C7076506,44360.83,39288.74,M1688246,339421.33,344493.42,0
32,PAYMENT,33004.63,C7216461,80158.31,47153.68,M2514923,90855.38,123860.01,0
32,PAYMENT,42764.46,C2101965,142441.31,99676.85,M8868776,325078.46,367842.92,0
32,DEBIT,244.25,C8030010,17953.17,17708.92,C5502929,41103.4,41347.65,0
32,CASH_OUT,12828.67,C2171218,16324.86,3496.19,C7264956,52421.55,65250.22,0
32,DEBIT,47945.39,C4630331,81421.6,33476.21,C6406444,436096.19,484041.58,0
32,CASH_OUT,20485.64,C8072684,118016.93,97531.29,C5137722,481667.28,502152.92,0
32,PAYMENT,9453.58,C2564141,9575.82,122.24,M5833542,245207.48,254661.06,0
32,TRANSFER,423.55,C2737893,42393.39,41969.84,C4785186,211110.34,211533.89,0
32,CASH_IN,43619.4,C6483562,111262.62,67643.22,C3276659,226643.82,270263.22,0
32,CASH_IN,37751.34,C8963715,117176.03,79424.69,C6902401,463282.5,501033.84,0
32,CASH_IN,20593.95,C7073292,70123.66,49529.71,C9125900,130063.86,150657.81,0
32,CASH_IN,31338.54,C2458591,48708.58,17370.04,C9089795,252828.16,284166.7,0
32,CASH_OUT,46924.84,C8438733,123450.92,76526.08,C4895475,435584.38,482509.22,0
32,CASH_OUT,5603.17,C6363836,59366.93,53763.76,C6071208,446378.33,451981.5,0
32,TRANSFER,42294.46,C2140194,68882.67,26588.21,C9349470,98272.99,140567.45,0
32,DEBIT,40304.14,C2432176,119187.76,78883.62,C9910817,378779.48,419083.62,0
32,CASH_OUT,38785.23,C1938483,69291.92,30506.69,C6098175,104132.29,142917.52,0
32,CASH_IN,38002.73,C1326765,87344.5,49341.77,C5693260,274188.36,312191.09,0
32,DEBIT,32598.46,C8617381,54842.93,22244.47,C7017548,117018.21,149616.67,0
32,DEBIT,14205.39,C8395785,15597.85,1392.46,C9911492,125534.45,139739.84,0
32,TRANSFER,35875.83,C5661907,130083.79,94207.96,C8633773,174553.31,210429.14,0
32,CASH_IN,41296.97,C6577416,59925.94,18628.97,C4823498,63858.15,105155.12,0
32,TRANSFER,17440.55,C3970445,109823.52,92382.97,C4567281,33910.04,51350.59,0
32,TRANSFER,43119.2,C9130188,104240.51,61121.31,C6543670,362080.59,405199.79,0
32,DEBIT,6706.19,C6871360,13334.67,6628.48,C6233774,28298.55,35004.74,0
32,DEBIT,34476.46,C3556551,90979.08,56502.62,C8526486,79780.52,114256.98,0
32,CASH_OUT,49891.55,C3563646,114216.2,64324.65,C8215376,29748.62,79640.17,0
32,CASH_IN,15485.22,C2936571,90550.51,75065.29,C2936571,271993.07,287478.29,0
32,DEBIT,1417.78,C3560856,16520.12,15102.34,C8395785,194887.3,196305.08,0
32,CASH_OUT,43278.85,C5487028,63747.46,20468.61,C5587308,88728.03,132006.88,1
32,DEBIT,42100.68,C2936571,71061.94,28961.26,C2818692,132507.36,174608.04,0
32,TRANSFER,8627.84,C8526486,61984.78,53356.94,C9147706,310928.48,319556.32,0
32,PAYMENT,9629.02,C6591986,52791.14,43162.12,M8526283,343771.13,353400.15,0
32,TRANSFER,2522.52,C6708456,57138.05,54615.53,C9196204,224325.41,226847.93,0
32,TRANSFER,2813.97,C5641923,5993.72,3179.75,C1938483,167610.58,170424.55,0
32,TRANSFER,19552.28,C9518424,26560.12,7007.84,C4576135,180195.49,199747.77,0
32,DEBIT,47922.22,C8043620,48919.86,997.64,C9961380,232423.17,280345.39,0
32,CASH_IN,15656.29,C2785277,65149.57,49493.28,C2016911,68280.75,83937.04,0
32,CASH_IN,48285.19,C5663623,69903.98,21618.79,C5195951,230739.56,279024.75,0
32,TRANSFER,37634.24,C6440561,54800.76,17166.52,C3937176,46762.09,84396.33,0
32,TRANSFER,27031.39,C2530793,31157.03,4125.64,C5825620,254658.05,281689.44,0
32,PAYMENT,32757.75,C2060605,51321.54,18563.79,M9790632,12475.86,45233.61,0
32,CASH_OUT,15817.51,C6233774,95052.23,79234.72,C7970771,499396.81,515214.32,0
32,PAYMENT,28478.28,C9901266,75874.38,47396.1,M6504979,3144.33,31622.61,0
32,CASH_OUT,15326.6,C5587308,113651.64,98325.04,C5476583,72349.88,87676.48,0
32,TRANSFER,37981.22,C5531230,56347.93,18366.71,C6033115,72112.34,110093.56,0
32,DEBIT,779.68,C3503120,22247.06,21467.38,C7705490,293856.58,294636.26,0
32,PAYMENT,7104.38,C6770619,34264.1,27159.72,M6919270,370953.91,378058.29,0
32,DEBIT,39893.84,C6183033,77476.6,37582.76,C9546409,11301.97,51195.81,0
32,TRANSFER,21039.11,C3916107,30476.45,9437.34,C6767292,461474.63,482513.74,0
32,DEBIT,20454.67,C7022335,92474.68,72020.01,C1481506,12053.22,32507.89,0
32,TRANSFER,13524.72,C7982241,71959.33,58434.61,C8617381,175377.79,188902.51,0
32,DEBIT,1862.4,C2564689,59359.65,57497.25,C4965789,55220.05,57082.45,0
32,CASH_IN,29076.29,C4194548,109618.61,80542.32,C3670896,270246.3,299322.59,0
32,DEBIT,49668.45,C8186990,138158.06,88489.61,C9453010,127649.63,177318.08,0
32,CASH_IN,21403.71,C4184459,34093.88,12690.17,C4165061,231804.48,253208.19,0
32,PAYMENT,45393.65,C9264869,72317.08,26923.43,M8526283,228093.26,273486.91,0
32,PAYMENT,25563.48,C5348512,107649.92,82086.44,M8023963,278745.12,304308.6,0
33,PAYMENT,48836.27,C1983738,52089.17,3252.9,M9646569,145787.96,194624.23,0
33,CASH_IN,6540.17,C7375499,10901.38,4361.21,C9293086,201831.96,208372.13,0
33,CASH_IN,46665.17,C6049101,107458.12,60792.95,C1909393,365181.13,411846.3,0
33,TRANSFER,41681.95,C2686548,69542.2,27860.25,C8550917,134507.76,176189.71,0
33,DEBIT,47228.0,C4567281,63000.03,15772.03,C8031780,112000.72,159228.72,0
33,CASH_IN,20516.82,C2919136,39265.99,18749.17,C3418526,357207.95,377724.77,0
33,PAYMENT,8416.95,C3726327,82764.98,74348.03,M6303930,245833.99,254250.94,0
33,TRANSFER,43312.33,C8617381,43461.34,149.01,C6071208,104068.66,147380.99,1
33,PAYMENT,1040.85,C9481739,38731.19,37690.34,M5813037,396639.72,397680.57,0
33,DEBIT,22677.32,C1036161,23013.19,335.87,C1533224,260546.14,283223.46,0
33,CASH_IN,49963.62,C9519948,61874.72,11911.1,C9147720,399160.61,449124.23,0
33,PAYMENT,28986.46,C8231838,85758.2,56771.74,M6649968,370691.26,399677.72,0
33,TRANSFER,41021.79,C7199635,61175.94,20154.15,C1419843,228373.17,269394.96,0
33,CASH_IN,47254.1,C6889195,121255.36,74001.26,C6797629,308887.96,356142.06,0
33,DEBIT,455.23,C6716097,54787.9,54332.67,C1481506,421322.61,421777.84,0
33,PAYMENT,47140.71,C5947563,95143.6,48002.89,M7171347,129006.61,176147.32,0
33,TRANSFER,2041.12,C4823498,29774.12,27733.0,C8628891,109559.04,111600.16,0
33,DEBIT,5945.85,C6692553,101255.08,95309.23,C4470105,41240.97,47186.82,0
33,PAYMENT,26174.33,C6543670,35421.02,9246.69,M6592886,302064.53,328238.86,0
33,CASH_OUT,34718.2,C9961299,48870.36,14152.16,C2630611,286665.55,321383.75,0
33,CASH_OUT,7512.56,C8707870,71104.76,63592.2,C4188992,402459.93,409972.49,0
33,PAYMENT,3430.0,C5813613,79693.91,76263.91,M6869018,138867.04,142297.04,0
33,DEBIT,1508.27,C3005795,95853.23,94344.96,C1348050,303604.78,305113.05,0
33,CASH_OUT,14176.34,C3117636,57370.58,43194.24,C2970754,74134.92,88311.26,0
33,PAYMENT,4783.57,C4607488,31483.23,26699.66,M8309439,321981.21,326764.78,0
33,PAYMENT,40507.56,C2020480,109379.39,68871.83,M6941939,76103.77,116611.33,0
33,TRANSFER,32634.39,C5628522,92280.74,59646.35,C5921894,383528.96,416163.35,0
33,PAYMENT,7473.1,C9633492,10841.17,3368.07,M9790632,173325.31,180798.41,0
33,PAYMENT,24849.06,C9801946,71605.96,46756.9,M5082173,394834.31,419683.37,0
33,CASH_OUT,31862.3,C7110622,63019.6,31157.3,C9526867,475517.49,507379.79,0
33,TRANSFER,17228.6,C4895475,18070.73,842.13,C5437923,43594.96,60823.56,0
33,CASH_IN,4744.12,C2432176,59910.17,55166.05,C5781295,166007.78,170751.9,0
33,CASH_IN,5818.61,C6790218,68652.79,62834.18,C9153566,393150.89,398969.5,0
33,CASH_OUT,17304.12,C1728977,83859.98,66555.86,C9488613,446127.13,463431.25,0
33,PAYMENT,44169.64,C9517169,104331.14,60161.5,M3689594,109531.63,153701.27,0
33,CASH_OUT,21329.26,C5855124,29854.56,8525.3,C5476583,280778.8,302108.06,0
33,CASH_IN,7174.78,C4993055,16147.89,8973.11,C5479144,439489.35,446664.13,0
33,TRANSFER,10033.19,C9770838,83534.0,73500.81,C2738129,462615.13,472648.32,0
33,DEBIT,3441.5,C5076817,6378.01,2936.51,C5130808,452224.71,455666.21,0
33,CASH_IN,35769.35,C8090293,109312.2,73542.85,C2957497,217613.1,253382.45,0
33,CASH_OUT,11227.17,C8190929,49410.74,38183.57,C4717770,23001.75,34228.92,0
33,CASH_OUT,32758.03,C2936571,74654.22,41896.19,C4938791,109381.51,142139.54,0
33,CASH_OUT,19147.14,C2694522,81351.06,62203.92,C7818496,166448.15,185595.29,0
33,PAYMENT,18303.89,C6406444,67485.7,49181.81,M7485471,74450.38,92754.27,0
33,TRANSFER,17492.62,C5006492,66609.52,49116.9,C1987737,204916.16,222408.78,0
33,TRANSFER,8167.46,C8612582,83112.79,74945.33,C4078418,63108.8,71276.26,0
33,DEBIT,33412.24,C5382463,78718.56,45306.32,C7069650,1896.67,35308.91,0
33,DEBIT,42366.73,C8630712,135554.96,93188.23,C5440025,391585.84,433952.57,0
33,TRANSFER,42797.73,C7189034,138437.0,95639.27,C7264956,310700.58,353498.31,0
33,DEBIT,42616.54,C2651601,128242.47,85625.93,C7084862,134781.25,177397.79,0
33,CASH_IN,14679.66,C1368085,80918.81,66239.15,C6672134,289090.55,303770.21,0
33,TRANSFER,18086.67,C6292423,115583.39,97496.72,C5634662,54426.55,72513.22,0
33,CASH_IN,15172.37,C1863121,114514.54,99342.17,C9084065,486777.16,501949.53,0
33,TRANSFER,11772.32,C1341919,42532.27,30759.95,C9647849,153619.28,165391.6,0
33,DEBIT,43936.47,C8419378,59172.51,15236.04,C5947563,55231.42,99167.89,0
33,PAYMENT,16820.56,C3589751,77280.68,60460.12,M6394323,375604.98,392425.54,0
33,TRANSFER,17852.29,C1485753,19571.48,1719.19,C1649691,199834.71,217687.0,0
33,CASH_OUT,40053.48,C4594297,50161.01,10107.53,C4946066,355128.73,395182.21,0
33,TRANSFER,27339.63,C6672134,42014.8,14675.17,C8062546,124538.82,151878.45,0
33,DEBIT,11682.75,C3237058,79399.57,67716.82,C4093109,394477.51,406160.26,0
33,CASH_IN,43722.83,C7520395,116124.4,72401.57,C2164686,264117.54,307840.37,0
33,CASH_OUT,29338.46,C7328534,31658.37,2319.91,C1727544,202575.9,231914.36,0
33,CASH_OUT,43309.91,C8707870,127984.13,84674.22,C8427625,408279.34,451589.25,0
33,TRANSFER,4564.49,C8344375,24171.82,19607.33,C1289293,374875.94,379440.43,0
33,PAYMENT,40109.34,C6799667,126428.33,86318.99,M1688246,59231.93,99341.27,0
33,DEBIT,2557.38,C6431983,2976.51,419.13,C6338112,472984.04,475541.42,0
33,DEBIT,7122.46,C7960607,12409.6,5287.14,C7906258,29227.08,36349.54,0
33,TRANSFER,3133.47,C6049101,62600.92,59467.45,C1247595,275379.39,278512.86,0
33,CASH_IN,31148.65,C8082668,40095.19,8946.54,C6672134,138011.24,169159.89,0
33,PAYMENT,10500.73,C8395785,34570.92,24070.19,M2932288,375106.23,385606.96,0
33,DEBIT,37379.45,C5953150,78873.54,41494.09,C2595275,390337.14,427716.59,0
33,PAYMENT,44232.46,C2477398,120288.42,76055.96,M3820798,469953.37,514185.83,0
33,CASH_IN,48888.69,C7402509,74725.74,25837.05,C1548888,290917.21,339805.9,0
33,CASH_OUT,42271.6,C5953150,75137.28,32865.68,C3180906,182329.29,224600.89,1
33,PAYMENT,3861.3,C6312692,26206.99,22345.69,M9831414,265054.57,268915.87,0
33,PAYMENT,1141.46,C3726327,53989.91,52848.45,M8043503,433614.17,434755.63,0
33,DEBIT,26134.09,C2458591,39894.27,13760.18,C4674286,233991.0,260125.09,0
33,PAYMENT,35755.79,C5605016,130305.13,94549.34,M8007741,52891.81,88647.6,0
33,PAYMENT,27630.72,C7017548,105550.44,77919.72,M7785090,234990.83,262621.55,0
33,TRANSFER,6497.63,C6098175,31629.05,25131.42,C3698193,245205.0,251702.63,0
33,PAYMENT,26778.34,C8857296,110528.47,83750.13,M3144023,20159.19,46937.53,0
33,DEBIT,27987.31,C4965789,46193.43,18206.12,C9478454,143397.99,171385.3,0
33,PAYMENT,33690.08,C8217547,112127.89,78437.81,M4800761,232761.04,266451.12,0
33,CASH_IN,1583.58,C5163555,68496.55,66912.97,C7610562,146580.11,148163.69,0
33,TRANSFER,10672.23,C8416216,26899.16,16226.93,C6799667,412120.25,422792.48,0
33,DEBIT,29258.16,C6533187,84406.76,55148.6,C6591986,423457.97,452716.13,0
33,CASH_OUT,19926.56,C4189885,58819.91,38893.35,C7350753,221242.01,241168.57,0
33,CASH_OUT,3324.0,C1841248,61130.42,57806.42,C1327691,491271.37,494595.37,0
33,CASH_OUT,34852.1,C1131249,67037.51,32185.41,C5076817,367899.94,402752.04,0
33,DEBIT,44733.51,C3607983,52003.47,7269.96,C6276722,240171.36,284904.87,0
33,PAYMENT,10887.11,C3386328,108809.62,97922.51,M6174418,477495.58,488382.69,0
33,CASH_IN,38344.52,C2876932,123197.98,84853.46,C5074336,351408.14,389752.66,0
33,PAYMENT,31003.94,C3950888,44699.29,13695.35,M5886733,270914.65,301918.59,0
33,CASH_OUT,25174.43,C2788238,26196.32,1021.89,C5855124,456437.36,481611.79,0
33,DEBIT,30038.34,C4553384,61677.62,31639.28,C7374122,114316.58,144354.92,0
33,TRANSFER,5055.69,C3109911,52682.81,47627.12,C8893693,182364.21,187419.9,0
33,CASH_IN,49458.2,C8713146,120749.71,71291.51,C8741810,122534.02,171992.22,0
33,CASH_IN,43126.46,C9130188,98121.52,54995.06,C9234615,46736.2,89862.66,0
33,CASH_OUT,863.63,C1841248,92072.03,91208.4,C7189034,210305.56,211169.19,0
33,TRANSFER,24534.29,C7208460,110086.56,85552.27,C8935224,61139.74,85674.03,0
34,DEBIT,12346.63,C4093109,86792.63,74446.0,C6294016,457197.04,469543.67,0
34,PAYMENT,6849.42,C7264956,97610.16,90760.74,M1875431,164757.9,171607.32,0
34,PAYMENT,6707.98,C8248238,56483.03,49775.05,M2859886,49231.19,55939.17,0
34,CASH_OUT,12987.27,C1674975,89229.99,76242.72,C3320821,406049.09,419036.36,0
34,DEBIT,8047.2,C2754894,23398.03,15350.83,C9996414,393383.94,401431.14,0
34,DEBIT,37921.34,C9396529,80206.49,42285.15,C7296605,231287.99,269209.33,0
34,TRANSFER,1843.56,C9197443,12018.12,10174.56,C8280833,230346.28,232189.84,0
34,PAYMENT,41347.23,C9106886,77512.61,36165.38,M6448705,402754.48,444101.71,0
34,DEBIT,26582.62,C8963715,93040.57,66457.95,C9418719,30600.72,57183.34,0
34,PAYMENT,24338.93,C2436347,77346.56,53007.63,M8581856,388158.34,412497.27,0
34,DEBIT,14832.38,C5446912,65157.87,50325.49,C4050766,162158.81,176991.19,0
34,DEBIT,33589.23,C2754894,49789.0,16199.77,C2065818,86379.16,119968.39,0
34,CASH_OUT,38531.19,C7069650,78813.85,40282.66,C6431983,73750.29,112281.48,0
34,DEBIT,9304.97,C1358318,109008.14,99703.17,C1481506,224347.44,233652.41,0
34,DEBIT,12541.08,C1109031,77811.35,65270.27,C6442103,188623.48,201164.56,0
34,TRANSFER,7199.4,C1971823,101507.31,94307.91,C8418210,104122.91,111322.31,0
34,CASH_IN,48345.09,C6213522,90101.99,41756.9,C7121355,69181.58,117526.67,0
34,CASH_IN,6277.76,C3923366,78481.32,72203.56,C1257489,417947.8,424225.56,0
34,CASH_IN,2615.39,C2197935,54316.64,51701.25,C6483562,468063.26,470678.65,0
34,DEBIT,29570.18,C5606980,35323.62,5753.44,C1397023,167304.45,196874.63,0
34,CASH_OUT,38873.26,C8746014,73558.57,34685.31,C4668136,12699.67,51572.93,0
34,CASH_IN,47180.08,C2795765,67181.56,20001.48,C6183033,209060.02,256240.1,0
34,PAYMENT,47850.08,C4816534,90756.51,42906.43,M9062973,128686.19,176536.27,0
34,PAYMENT,15720.39,C3005795,60743.57,45023.18,M8531761,368372.69,384093.08,0
34,CASH_IN,29772.98,C7454081,100840.97,71067.99,C6106390,172130.95,201903.93,0
34,TRANSFER,21822.35,C8350099,45946.36,24124.01,C3728882,390628.16,412450.51,0
34,CASH_OUT,7366.66,C7705490,28372.45,21005.79,C2512187,201220.6,208587.26,0
34,TRANSFER,22777.53,C8418210,28741.16,5963.63,C9546409,88031.86,110809.39,0
34,TRANSFER,24112.45,C4965789,107704.11,83591.66,C4374754,415066.15,439178.6,0
34,DEBIT,21302.06,C1954280,31962.86,10660.8,C7392547,82190.84,103492.9,0
34,CASH_OUT,7889.16,C2355439,19291.16,11402.0,C1668752,134102.43,141991.59,0
34,CASH_IN,20213.37,C8608449,23451.56,3238.19,C9130188,87860.71,108074.08,0
34,PAYMENT,41778.93,C4043480,62511.96,20733.03,M3640899,428238.95,470017.88,0
34,TRANSFER,9367.15,C9546409,108857.33,99490.18,C7961578,491973.47,501340.62,0
34,CASH_IN,705.57,C2374158,68566.4,67860.83,C5453786,134318.81,135024.38,0
34,PAYMENT,3036.9,C6455706,89872.05,86835.15,M7948850,225288.47,228325.37,0
34,PAYMENT,46080.34,C6672134,138465.43,92385.09,M1733037,222824.11,268904.45,0
34,PAYMENT,44409.73,C3678638,73530.26,29120.53,M2909540,99142.25,143551.98,0
34,TRANSFER,20669.31,C2239197,46049.83,25380.52,C5382463,139831.48,160500.79,0
34,CASH_IN,11201.6,C5785687,27192.57,15990.97,C4816586,139318.53,150520.13,0
34,DEBIT,21667.23,C7960328,22200.17,532.94,C6243691,111146.2,132813.43,0
34,CASH_IN,1635.24,C5832327,27646.2,26010.96,C9801946,78136.88,79772.12,0
34,CASH_OUT,30792.95,C2919549,41665.52,10872.57,C9801946,301811.57,332604.52,0
34,CASH_IN,11251.07,C6068760,110381.72,99130.65,C1604451,246628.14,257879.21,0
34,CASH_IN,43060.34,C3138181,54847.63,11787.29,C5673599,193808.35,236868.69,0
34,CASH_OUT,32614.35,C8796514,114324.77,81710.42,C6530541,29749.84,62364.19,0
34,DEBIT,35929.13,C7418028,100517.3,64588.17,C8416216,412031.4,447960.53,0
34,DEBIT,43152.0,C6686328,78741.77,35589.77,C6709938,102704.49,145856.49,0
34,DEBIT,13246.1,C1433940,58510.46,45264.36,C4823498,285.27,13531.37,0
34,CASH_IN,21748.1,C3341057,96566.47,74818.37,C6790218,496858.65,518606.75,0
34,DEBIT,42325.91,C4226067,46785.4,4459.49,C5163555,5114.78,47440.69,0
34,PAYMENT,28256.59,C7417985,44846.98,16590.39,M6174418,385823.62,414080.21,0
34,CASH_OUT,38833.71,C7358385,100803.36,61969.65,C3321531,139746.41,178580.12,0
34,CASH_IN,28625.39,C6440561,51142.45,22517.06,C3640889,449376.13,478001.52,0
34,CASH_OUT,47856.35,C1098919,65187.67,17331.32,C8418210,478702.24,526558.59,1
34,PAYMENT,2046.44,C2532210,36451.69,34405.25,M2421349,486712.72,488759.16,0
34,PAYMENT,30913.41,C9910914,59281.4,28367.99,M6510922,398107.32,429020.73,0
34,PAYMENT,11309.56,C3583206,61738.92,50429.36,M1026245,277192.0,288501.56,0
34,CASH_IN,14249.0,C3846949,89754.3,75505.3,C2173965,122801.62,137050.62,0
34,TRANSFER,14734.22,C7381734,106647.86,91913.64,C7069650,296047.75,310781.97,0
34,TRANSFER,372.05,C9748499,35054.01,34681.96,C8606962,373310.54,373682.59,0
34,CASH_IN,49991.06,C5348512,62623.62,12632.56,C4117625,482959.04,532950.1,0
34,CASH_OUT,37635.4,C7829332,125605.78,87970.38,C1669324,28766.1,66401.5,0
34,CASH_OUT,37570.33,C1909393,128337.68,90767.35,C5081983,305864.27,343434.6,0
34,CASH_IN,6703.53,C3653446,20967.82,14264.29,C1959074,483490.43,490193.96,0
34,DEBIT,9912.41,C9418719,40811.41,30899.0,C6797629,185847.63,195760.04,0
34,TRANSFER,3287.67,C2556017,21512.9,18225.23,C3698193,387436.98,390724.65,0
34,CASH_OUT,32049.45,C5825620,122218.15,90168.7,C5813613,170948.91,202998.36,0
34,PAYMENT,29301.98,C7705490,73935.83,44633.85,M3777286,351495.32,380797.3,0
34,PAYMENT,24086.06,C9745959,36896.94,12810.88,M7893063,211776.1,235862.16,0
34,CASH_OUT,23677.89,C8106422,86633.42,62955.53,C4645180,199320.91,222998.8,0
34,DEBIT,5153.25,C1131249,94188.87,89035.62,C7377459,212861.72,218014.97,0
34,DEBIT,40434.49,C8481188,40885.44,450.95,C8606962,296545.74,336980.23,0
34,CASH_IN,45120.26,C9907391,72168.47,27048.21,C6855396,95525.93,140646.19,0
34,PAYMENT,3149.1,C8550917,38611.67,35462.57,M2421349,158897.53,162046.63,0
34,CASH_OUT,10502.09,C5781295,68690.76,58188.67,C3351868,52533.73,63035.82,0
34,TRANSFER,33312.86,C8082668,118448.1,85135.24,C6595355,242557.23,275870.09,0
34,CASH_IN,23055.16,C3646552,69668.94,46613.78,C5364698,486912.38,509967.54,0
34,CASH_OUT,34624.28,C5579094,49956.82,15332.54,C3195773,46712.16,81336.44,0
34,CASH_IN,11820.99,C7783308,81862.19,70041.2,C3005795,269850.31,281671.3,0
34,PAYMENT,29539.13,C1445199,106705.21,77166.08,M6614484,241551.26,271090.39,0
34,PAYMENT,21576.79,C7850944,41404.22,19827.43,M3408819,104484.8,126061.59,0
34,TRANSFER,37880.11,C8956894,73309.13,35429.02,C2672884,178984.22,216864.33,0
34,CASH_IN,47138.37,C4971793,93865.36,46726.99,C7722755,271450.85,318589.22,0
34,CASH_OUT,48002.15,C8801975,136344.19,88342.04,C1054447,166771.77,214773.92,0
34,CASH_OUT,36764.69,C3126655,119718.92,82954.23,C4305700,270742.93,307507.62,0
34,CASH_OUT,34976.54,C6481437,75429.62,40453.08,C2229110,85950.54,120927.08,0
34,CASH_IN,13313.61,C3760597,79159.82,65846.21,C5130808,389459.32,402772.93,0
34,CASH_OUT,15264.13,C7953166,88975.51,73711.38,C5217853,40076.55,55340.68,0
34,CASH_IN,19595.59,C6243691,36856.94,17261.35,C3484601,434788.19,454383.78,0
34,PAYMENT,37751.55,C8520810,73018.43,35266.88,M4309671,397907.21,435658.76,0
34,DEBIT,8408.45,C1481506,25618.78,17210.33,C7014016,205594.58,214003.03,0
34,CASH_IN,38026.35,C9546409,47090.32,9063.97,C3608513,472882.0,510908.35,0
34,TRANSFER,12291.74,C8945036,41039.09,28747.35,C5672073,286698.84,298990.58,0
34,CASH_IN,582.12,C4612365,40024.02,39441.9,C8491822,415737.64,416319.76,0
34,DEBIT,1997.48,C3426689,2022.15,24.67,C9132114,459280.39,461277.87,0
34,CASH_OUT,41403.28,C5218028,77533.93,36130.65,C1514340,97102.65,138505.93,1
34,CASH_OUT,32354.33,C9996414,93806.65,61452.32,C5652512,24951.13,57305.46,0
34,PAYMENT,28750.29,C1327691,105051.84,76301.55,M3599548,269371.66,298121.95,0
34,TRANSFER,6732.09,C5091349,16096.7,9364.61,C9106886,474818.85,481550.94,0
35,TRANSFER,19122.25,C2571945,61109.45,41987.2,C9279821,10633.84,29756.09,0
35,CASH_IN,7186.87,C3361510,39223.95,32037.08,C5491946,140493.3,147680.17,0
35,PAYMENT,46174.21,C9125900,93574.37,47400.16,M1128967,217963.22,264137.43,0
35,TRANSFER,19552.21,C7705062,90875.03,71322.82,C1432519,176994.29,196546.5,0
35,PAYMENT,28626.42,C8159521,45972.84,17346.42,M3689594,135688.45,164314.87,0
35,PAYMENT,22240.2,C7477326,107979.17,85738.97,M6205543,336648.34,358888.54,0
35,TRANSFER,49152.11,C7751158,60618.73,11466.62,C7435505,321457.06,370609.17,0
35,CASH_OUT,14162.88,C6944126,44129.91,29967.03,C7668663,469345.62,483508.5,0
35,PAYMENT,19460.58,C7189034,31091.0,11630.42,M7105194,374432.9,393893.48,0
35,DEBIT,8942.07,C5801541,61277.96,52335.89,C6276722,238304.4,247246.47,0
35,DEBIT,44715.84,C5107245,130581.15,85865.31,C7425184,104214.12,148929.96,0
35,CASH_OUT,30224.21,C6891254,112103.16,81878.95,C4679591,439999.75,470223.96,0
35,PAYMENT,23674.34,C7722755,74834.05,51159.71,M1314430,220690.15,244364.49,0
35,PAYMENT,41796.31,C1419843,60674.87,18878.56,M9385742,149889.87,191686.18,0
35,TRANSFER,2068.41,C6573147,58104.6,56036.19,C9488613,222648.16,224716.57,0
35,CASH_OUT,38577.07,C8574680,55398.9,16821.83,C8789116,134334.12,172911.19,0
35,DEBIT,39047.43,C6188935,121438.9,82391.47,C2630611,286299.75,325347.18,0
35,DEBIT,28517.93,C3678638,64411.47,35893.54,C3592974,146710.95,175228.88,0
35,CASH_IN,18492.46,C3237058,102699.13,84206.67,C5666692,68407.74,86900.2,0
35,CASH_IN,28395.32,C4327421,45690.98,17295.66,C7640518,257858.85,286254.17,0
35,CASH_OUT,3170.33,C6708456,62732.34,59562.01,C2719583,113568.26,116738.59,0
35,CASH_OUT,31294.81,C7784725,105486.66,74191.85,C5572250,133958.44,165253.25,0
35,PAYMENT,19546.83,C2813596,51675.54,32128.71,M5816353,294983.19,314530.02,0
35,PAYMENT,41763.1,C8755439,119864.35,78101.25,M1026245,238477.79,280240.89,0
35,PAYMENT,13099.89,C3118060,43572.36,30472.47,M4699685,423214.99,436314.88,0
35,DEBIT,36854.59,C9111742,82415.66,45561.07,C3950888,478092.52,514947.11,0
35,CASH_IN,13103.58,C4768844,18226.51,5122.93,C8805654,363870.72,376974.3,0
35,PAYMENT,27116.19,C3937176,114963.22,87847.03,M1305857,128203.61,155319.8,0
35,DEBIT,42455.49,C6033115,117957.33,75501.84,C2477398,202066.08,244521.57,0
35,PAYMENT,18393.47,C5679639,70340.19,51946.72,M4860617,408238.21,426631.68,0
35,CASH_IN,28566.96,C2785277,73848.11,45281.15,C9196204,462251.41,490818.37,0
35,TRANSFER,28847.47,C3762152,106554.57,77707.1,C3678638,154032.72,182880.19,0
35,PAYMENT,34878.24,C3182975,36921.63,2043.39,M3198638,488146.5,523024.74,0
35,CASH_OUT,20600.75,C6569946,54346.84,33746.09,C5528972,18252.49,38853.24,0
35,TRANSFER,22215.91,C7395997,46780.62,24564.71,C8438733,13524.89,35740.8,0
35,DEBIT,32234.16,C4940441,113976.5,81742.34,C2166941,235501.6,267735.76,0
35,PAYMENT,27404.2,C4576135,100893.76,73489.56,M4309671,210314.85,237719.05,0
35,DEBIT,45562.12,C4327421,106992.96,61430.84,C4860684,385548.68,431110.8,0
35,DEBIT,25409.18,C5693260,58318.86,32909.68,C8665981,251190.68,276599.86,0
35,CASH_OUT,33815.88,C9279821,80888.7,47072.82,C8630712,102623.1,136438.98,0
35,DEBIT,10225.47,C7907400,79585.42,69359.95,C8628891,434228.98,444454.45,0
35,CASH_IN,37799.39,C1484348,111988.49,74189.1,C2338687,157456.3,195255.69,0
35,CASH_OUT,42409.54,C4558780,56214.57,13805.03,C6873938,414217.91,456627.45,0
35,PAYMENT,13125.46,C8245685,89624.88,76499.42,M4255051,382421.17,395546.63,0
35,CASH_IN,43217.29,C2686231,83930.79,40713.5,C5479144,102966.37,146183.66,0
35,PAYMENT,38129.2,C7844947,95917.24,57788.04,M9902071,481078.66,519207.86,0
35,PAYMENT,23733.58,C3380261,41464.72,17731.14,M1026245,418488.95,442222.53,0
35,CASH_IN,4013.8,C6242022,97062.67,93048.87,C4716988,245269.03,249282.83,0
35,CASH_IN,7704.38,C4213524,84965.88,77261.5,C4526280,116690.21,124394.59,0
35,PAYMENT,22882.48,C4668136,65171.34,42288.86,M5293691,415229.26,438111.74,0
35,CASH_IN,13128.1,C3583206,28901.61,15773.51,C8306261,103123.42,116251.52,0
35,CASH_IN,26782.76,C2299954,94239.94,67457.18,C5672073,118702.66,145485.42,0
35,CASH_OUT,15131.32,C3094235,43359.02,28227.7,C5785687,387543.71,402675.03,0
35,CASH_IN,48919.95,C9911492,148308.34,99388.39,C8606962,299407.2,348327.15,0
35,PAYMENT,30850.34,C1522621,49835.43,18985.09,M8023963,183932.21,214782.55,0
35,CASH_IN,26529.79,C1341919,82670.91,56141.12,C9745959,256314.84,282844.63,0
35,CASH_OUT,32937.86,C7534336,102675.33,69737.47,C6707197,391405.0,424342.86,0
35,PAYMENT,23300.76,C1522621,64729.29,41428.53,M8007741,250998.97,274299.73,0
35,PAYMENT,19324.37,C3939212,85656.74,66332.37,M9464927,338900.41,358224.78,0
35,CASH_OUT,44152.58,C4991829,130522.32,86369.74,C2167449,379311.74,423464.32,0
35,PAYMENT,18986.89,C1486955,111087.7,92100.81,M1026245,329084.89,348071.78,0
35,CASH_IN,4666.75,C5108603,98614.99,93948.24,C8053918,387355.34,392022.09,0
35,PAYMENT,23802.94,C1162230,86884.02,63081.08,M4925917,21265.64,45068.58,0
35,PAYMENT,10187.32,C7679674,13331.87,3144.55,M9854536,320310.94,330498.26,0
35,PAYMENT,22718.54,C7844947,75587.75,52869.21,M6696087,300319.14,323037.68,0
35,DEBIT,27517.89,C5118725,111762.62,84244.73,C7358385,163124.49,190642.38,0
35,PAYMENT,33029.06,C3094235,47759.58,14730.52,M3091745,253821.18,286850.24,0
35,CASH_IN,48297.38,C8095702,112455.97,64158.59,C3995870,233463.34,281760.72,0
35,CASH_OUT,4449.98,C6577416,4668.2,218.22,C9035982,468529.61,472979.59,0
35,PAYMENT,35964.43,C7906258,53113.48,17149.05,M7785090,236123.93,272088.36,0
35,DEBIT,6630.26,C7279729,59668.64,53038.38,C7366205,420335.96,426966.22,0
35,TRANSFER,31248.77,C5283671,94809.03,63560.26,C8612220,402232.33,433481.1,0
35,DEBIT,9738.97,C7360682,36671.32,26932.35,C7654757,163031.79,172770.76,0
35,CASH_IN,19080.44,C3995870,52481.23,33400.79,C7523941,260960.34,280040.78,0
35,DEBIT,45000.51,C4860684,46095.71,1095.2,C5674183,373189.33,418189.84,0
35,TRANSFER,14919.85,C1433940,55702.04,40782.19,C8971465,9283.68,24203.53,0
35,PAYMENT,46940.01,C1162230,92792.94,45852.93,M6207779,124322.01,171262.02,0
35,TRANSFER,27570.47,C2374158,72705.39,45134.92,C4762204,411459.04,439029.51,0
35,PAYMENT,12503.78,C3939212,12580.7,76.92,M1875431,459145.4,471649.18,0
35,CASH_OUT,12121.73,C5545223,96567.9,84446.17,C2217071,445698.64,457820.37,0
35,CASH_OUT,2111.01,C1044891,71951.13,69840.12,C9689889,212457.14,214568.15,0
35,CASH_IN,37697.42,C8990081,116674.7,78977.28,C4938791,389442.23,427139.65,0
35,CASH_OUT,33986.69,C8816912,116693.59,82706.9,C5014745,135988.63,169975.32,0
35,CASH_IN,27343.75,C8999183,114771.58,87427.83,C3634980,284977.78,312321.53,0
35,DEBIT,12446.0,C5567533,106353.02,93907.02,C3815034,200032.87,212478.87,0
35,TRANSFER,49953.15,C9770838,92741.9,42788.75,C5348512,190579.74,240532.89,0
35,CASH_IN,38775.39,C3923366,67145.77,28370.38,C9094999,36845.08,75620.47,0
35,CASH_OUT,29078.03,C6899644,125857.09,96779.06,C2932227,427659.73,456737.76,0
35,TRANSFER,6753.07,C7455324,25352.6,18599.53,C1452421,262217.43,268970.5,0
35,TRANSFER,8297.62,C4197911,70285.88,61988.26,C3050700,5539.82,13837.44,0
35,DEBIT,19913.78,C3401116,78254.47,58340.69,C3595941,88460.36,108374.14,0
35,CASH_OUT,18854.0,C3710895,43648.83,24794.83,C8612081,160308.13,179162.13,0
35,CASH_IN,36742.84,C1484348,88219.63,51476.79,C8159911,355057.78,391800.62,0
35,DEBIT,30549.64,C8248238,31785.37,1235.73,C8876745,60709.02,91258.66,0
35,CASH_OUT,26264.34,C3684052,121017.05,94752.71,C3427461,403739.71,430004.05,0
35,CASH_IN,40656.79,C2651177,60671.0,20014.21,C4816534,263940.1,304596.89,0
35,TRANSFER,48802.65,C1527021,147906.86,99104.21,C3710895,201225.47,250028.12,1
35,PAYMENT,14486.75,C8082668,107481.37,92994.62,M5576678,73397.05,87883.8,0
35,CASH_IN,36221.59,C5017343,110340.71,74119.12,C5635017,330667.49,366889.08,0
35,PAYMENT,43537.05,C7892225,65309.77,21772.72,M3013003,59104.39,102641.44,0
36,TRANSFER,25834.14,C1485753,57973.86,32139.72,C2060605,450566.67,476400.81,0
36,CASH_IN,23509.16,C7366205,66987.03,43477.87,C7738019,163612.5,187121.66,0
36,DEBIT,14863.16,C4576135,105722.23,90859.07,C2453962,164753.26,179616.42,0
36,TRANSFER,2790.0,C2935113,36473.36,33683.36,C5606980,116063.75,118853.75,0
36,CASH_IN,46625.08,C9310235,107488.2,60863.12,C9427047,400199.8,446824.88,0
36,CASH_IN,47164.43,C2126310,59674.67,12510.24,C3657144,468846.3,516010.73,0
36,CASH_IN,46061.64,C4684531,86291.46,40229.82,C9396529,65854.3,111915.94,0
36,PAYMENT,4267.9,C2198058,67062.65,62794.75,M8763013,1389.08,5656.98,0
36,CASH_IN,20430.47,C3351868,63491.81,43061.34,C3211291,166602.76,187033.23,0
36,DEBIT,7655.23,C7076506,38617.24,30962.01,C4903402,397701.35,405356.58,0
36,CASH_OUT,24542.72,C3641282,56341.49,31798.77,C5186414,482182.57,506725.29,0
36,TRANSFER,24113.27,C6767292,33806.58,9693.31,C2970754,25914.9,50028.17,0
36,DEBIT,24798.45,C5163555,74431.36,49632.91,C9852897,485340.81,510139.26,0
36,PAYMENT,11295.53,C9626108,87475.05,76179.52,M3408819,89669.32,100964.85,0
36,PAYMENT,7339.17,C2721135,67101.19,59762.02,M6919270,35491.33,42830.5,0
36,TRANSFER,25786.66,C2173965,71748.84,45962.18,C6623525,94938.65,120725.31,0
36,TRANSFER,40520.15,C8519121,125183.02,84662.87,C8801975,143305.58,183825.73,0
36,CASH_OUT,24674.18,C7377459,99653.42,74979.24,C6024207,267272.55,291946.73,0
36,TRANSFER,38725.6,C9907391,131026.1,92300.5,C2876828,442427.49,481153.09,0
36,DEBIT,20682.81,C7264956,99325.57,78642.76,C3154051,314937.47,335620.28,0
36,CASH_IN,42668.07,C1547605,91000.2,48332.13,C5076817,119446.14,162114.21,0
36,TRANSFER,43195.26,C8558378,69993.71,26798.45,C3030113,191763.33,234958.59,0
36,PAYMENT,30254.88,C9852897,109733.47,79478.59,M8043503,254441.74,284696.62,0
36,CASH_OUT,17322.37,C5159166,49418.46,32096.09,C2651177,417583.91,434906.28,0
36,CASH_OUT,13569.71,C7933143,38457.35,24887.64,C6160869,333202.73,346772.44,0
36,DEBIT,2354.08,C7392547,2623.36,269.28,C3294774,142528.22,144882.3,0
36,CASH_IN,12299.04,C5661907,44192.36,31893.32,C2561176,155879.12,168178.16,0
36,CASH_IN,13821.81,C8707870,74242.51,60420.7,C7542890,394231.05,408052.86,0
36,CASH_IN,7489.07,C4860684,9902.43,2413.36,C9035982,104503.06,111992.13,0
36,DEBIT,19688.88,C1701771,43543.62,23854.74,C9375710,185873.36,205562.24,0
36,CASH_IN,27738.6,C2813596,93745.75,66007.15,C7067228,267089.1,294827.7,0
36,PAYMENT,7586.07,C3005795,68394.12,60808.05,M2281433,168973.07,176559.14,0
36,DEBIT,14131.4,C7375499,100826.56,86695.16,C4585314,361187.46,375318.86,0
36,CASH_OUT,36044.44,C8670955,41593.82,5549.38,C8053918,94936.73,130981.17,0
36,DEBIT,15006.05,C5918715,105794.36,90788.31,C8610879,450001.36,465007.41,0
36,DEBIT,24374.23,C2661307,72671.02,48296.79,C8956894,484410.62,508784.85,0
36,CASH_IN,8417.7,C6261415,62502.84,54085.14,C8231838,361442.9,369860.6,0
36,CASH_OUT,43283.98,C5159166,63253.2,19969.22,C2626229,428079.43,471363.41,1
36,DEBIT,18934.83,C7754864,72646.22,53711.39,C8875173,276772.41,295707.24,0
36,CASH_IN,2361.81,C4524499,26458.69,24096.88,C3037191,329069.8,331431.61,0
36,PAYMENT,29704.04,C4769851,59230.9,29526.86,M2909540,227410.92,257114.96,0
36,TRANSFER,7345.54,C6137284,67407.51,60061.97,C8795419,235191.87,242537.41,0
36,PAYMENT,23807.68,C5002120,94924.49,71116.81,M4221313,148132.94,171940.62,0
36,PAYMENT,43178.53,C6855396,51171.36,7992.83,M8531380,375357.51,418536.04,0
36,CASH_OUT,19526.17,C9852897,53422.02,33895.85,C5673599,121940.43,141466.6,0
36,CASH_OUT,21067.02,C3361510,120847.24,99780.22,C8630712,66135.26,87202.28,0
36,DEBIT,8998.3,C5970190,46590.99,37592.69,C6183902,1388.01,10386.31,0
36,TRANSFER,48811.39,C2154126,56178.63,7367.24,C6533187,267310.29,316121.68,1
36,CASH_OUT,24313.23,C6243691,24907.0,593.77,C3442255,453424.76,477737.99,0
36,CASH_IN,20070.23,C5602180,59407.3,39337.07,C9877065,20764.98,40835.21,0
36,DEBIT,11942.91,C8038374,16344.59,4401.68,C8344375,365467.02,377409.93,0
36,PAYMENT,32352.5,C2683838,116094.47,83741.97,M6761929,311922.15,344274.65,0
36,CASH_IN,6042.94,C7953166,65279.46,59236.52,C8187926,494218.31,500261.25,0
36,PAYMENT,40276.65,C6363836,54592.89,14316.24,M4616647,67627.81,107904.46,0
36,CASH_IN,13121.99,C1604451,89861.25,76739.26,C8053918,230034.02,243156.01,0
36,CASH_OUT,28425.5,C5842082,114172.31,85746.81,C5147994,287239.05,315664.55,0
36,TRANSFER,48459.1,C5443951,110787.2,62328.1,C8082668,266723.08,315182.18,1
36,DEBIT,17447.36,C2817745,83605.98,66158.62,C5502929,128894.79,146342.15,0
36,CASH_OUT,49074.31,C3222252,80976.59,31902.28,C8187926,373583.31,422657.62,0
36,CASH_OUT,34677.35,C1237370,86056.82,51379.47,C3237058,62177.86,96855.21,0
36,PAYMENT,31534.78,C1954280,91059.08,59524.3,M4986941,173930.39,205465.17,0
36,CASH_OUT,26474.33,C3030966,102683.24,76208.91,C6059717,199068.46,225542.79,0
36,DEBIT,7853.44,C1415846,22794.25,14940.81,C8344375,246661.72,254515.16,0
36,DEBIT,2626.12,C7970771,3833.28,1207.16,C9249789,484753.73,487379.85,0
36,DEBIT,5136.42,C8639414,36096.11,30959.69,C5781295,211528.6,216665.02,0
36,DEBIT,534.15,C5096953,76311.09,75776.94,C5394880,450898.81,451432.96,0
36,DEBIT,811.61,C6188935,80789.31,79977.7,C3916107,31443.91,32255.52,0
36,CASH_IN,18264.64,C3109911,113753.92,95489.28,C2532210,340447.63,358712.27,0
36,PAYMENT,22066.54,C8935169,71771.58,49705.04,M4255051,46944.71,69011.25,0
36,DEBIT,2707.89,C1249314,59916.05,57208.16,C5821419,186709.84,189417.73,0
36,TRANSFER,12790.45,C4374754,37319.95,24529.5,C5761145,163198.63,175989.08,0
36,DEBIT,28362.71,C3653446,125225.63,96862.92,C1348050,365961.46,394324.17,0
36,CASH_OUT,10697.57,C3024269,69050.03,58352.46,C7640518,159658.95,170356.52,0
36,DEBIT,6164.18,C2074176,69886.68,63722.5,C3927575,265758.55,271922.73,0
36,DEBIT,48221.55,C9293086,106295.2,58073.65,C2970754,214842.6,263064.15,0
36,DEBIT,44259.88,C7689582,63740.71,19480.83,C5793722,161134.57,205394.45,0
36,CASH_IN,24749.86,C2530497,64348.67,39598.81,C6018975,477422.79,502172.65,0
36,CASH_OUT,34336.37,C3684052,131393.29,97056.92,C8290770,496910.15,531246.52,0
36,DEBIT,42379.77,C3219824,68915.69,26535.92,C8441741,427769.34,470149.11,0
36,PAYMENT,28187.46,C2724590,88534.46,60347.0,M5582979,216243.32,244430.78,0
36,TRANSFER,10858.52,C5437001,32128.66,21270.14,C4368777,341306.18,352164.7,0
36,TRANSFER,28280.47,C3583206,54188.1,25907.63,C2770648,93021.65,121302.12,0
36,CASH_IN,46078.75,C9990305,122387.41,76308.66,C3563646,407738.58,453817.33,0
36,DEBIT,18809.34,C6262632,35343.13,16533.79,C2408404,236698.88,255508.22,0
36,TRANSFER,31101.25,C8210624,103194.26,72093.01,C5180853,433733.1,464834.35,0
36,TRANSFER,2346.24,C3530518,4515.35,2169.11,C1463060,46960.37,49306.61,0
36,PAYMENT,3272.28,C7462506,79386.82,76114.54,M8581856,87593.59,90865.87,0
36,CASH_OUT,14673.82,C4340845,64138.22,49464.4,C5679639,35301.06,49974.88,0
36,CASH_IN,26268.31,C4698379,59408.25,33139.94,C9084065,160541.06,186809.37,0
36,PAYMENT,16419.5,C4761823,29103.27,12683.77,M2567880,194502.01,210921.51,0
36,DEBIT,16187.14,C4569164,36361.09,20173.95,C9153566,479699.15,495886.29,0
36,PAYMENT,1482.43,C4147112,99950.56,98468.13,M9770256,106722.04,108204.47,0
36,TRANSFER,9223.41,C7878299,100584.51,91361.1,C2548511,246381.57,255604.98,0
36,DEBIT,23348.44,C4526280,64765.19,41416.75,C6229731,362988.28,386336.72,0
36,PAYMENT,47747.53,C1229419,120758.86,73011.33,M6676858,14138.58,61886.11,0
36,DEBIT,182.42,C8956894,5418.41,5235.99,C8132648,189226.07,189408.49,0
36,PAYMENT,16759.55,C5081983,79150.04,62390.49,M6861544,398074.44,414833.99,0
36,TRANSFER,31512.42,C1527021,95543.74,64031.32,C5491946,395542.7,427055.12,0
36,CASH_OUT,36398.95,C8670955,63423.81,27024.86,C2060605,337698.75,374097.7,0
36,DEBIT,23667.41,C8367772,40367.86,16700.45,C9209880,226721.55,250388.96,0
37,TRANSFER,18568.8,C4744854,101609.45,83040.65,C2672884,6896.7,25465.5,0
37,PAYMENT,12263.06,C3583206,92748.09,80485.03,M3972018,331179.87,343442.93,0
37,CASH_OUT,31718.29,C2903561,126304.72,94586.43,C4551070,364464.25,396182.54,0
37,CASH_OUT,28688.09,C1325197,88189.35,59501.26,C9907391,322844.44,351532.53,0
37,TRANSFER,5233.31,C7442089,73172.42,67939.11,C2815603,374280.81,379514.12,0
37,CASH_IN,35406.29,C9683481,95280.5,59874.21,C1454696,353032.85,388439.14,0
37,DEBIT,1728.74,C9907391,3149.34,1420.6,C6137284,141047.82,142776.56,0
37,TRANSFER,7154.69,C9214801,36814.58,29659.89,C6512415,63779.49,70934.18,0
37,TRANSFER,48768.23,C7610562,58911.16,10142.93,C8885465,50422.15,99190.38,0
37,CASH_IN,35197.4,C8520810,101250.69,66053.29,C4553384,455114.75,490312.15,0
37,CASH_OUT,30799.73,C3182975,53597.57,22797.84,C2096280,8141.82,38941.55,0
37,PAYMENT,9130.8,C4020853,83262.05,74131.25,M9849306,493855.12,502985.92,0
37,TRANSFER,6882.16,C8235969,77202.06,70319.9,C8062546,152092.89,158975.05,0
37,DEBIT,15015.56,C7117837,54784.73,39769.17,C2242892,230547.58,245563.14,0
37,CASH_IN,34807.2,C6438436,112242.32,77435.12,C5628522,263177.75,297984.95,0
37,TRANSFER,10259.43,C1432519,75152.58,64893.15,C6455706,28904.29,39163.72,0
37,CASH_IN,48626.83,C7076506,87420.11,38793.28,C1971823,24737.95,73364.78,0
37,PAYMENT,49372.61,C8053918,106926.06,57553.45,M8979730,185038.94,234411.55,0
37,CASH_OUT,23382.26,C1485753,120628.91,97246.65,C4716988,484268.94,507651.2,0
37,DEBIT,1234.83,C5638893,44072.96,42838.13,C2538024,221911.39,223146.22,0
37,CASH_OUT,28372.78,C1615675,116732.19,88359.41,C7110622,270788.32,299161.1,0
37,PAYMENT,42817.24,C1485654,62950.3,20133.06,M6587964,401992.48,444809.72,0
37,PAYMENT,41972.14,C9517485,129977.83,88005.69,M5059048,208590.42,250562.56,0
37,DEBIT,20044.8,C1445199,61914.27,41869.47,C4191175,178164.32,198209.12,0
37,CASH_OUT,36625.42,C7847048,131733.74,95108.32,C9537455,165271.99,201897.41,0
37,CASH_IN,47351.63,C4106298,122512.42,75160.79,C7054579,179236.96,226588.59,0
37,DEBIT,17609.73,C1649691,64635.76,47026.03,C3768991,137298.58,154908.31,0
37,PAYMENT,2624.63,C3180906,36382.48,33757.85,M5194357,393448.25,396072.88,0
37,DEBIT,40419.75,C6304573,108749.09,68329.34,C3566765,178706.66,219126.41,0
37,DEBIT,19136.9,C8841505,29788.04,10651.14,C9801946,87562.55,106699.45,0
37,CASH_OUT,43080.13,C4048907,120064.15,76984.02,C2321324,294364.21,337444.34,0
37,CASH_OUT,256.86,C7812810,53185.23,52928.37,C6049101,456074.67,456331.53,0
37,DEBIT,859.26,C5013879,82917.48,82058.22,C5545223,433631.49,434490.75,0
37,PAYMENT,22637.24,C7534336,42035.83,19398.59,M5780297,440948.44,463585.68,0
37,CASH_OUT,40496.42,C1873851,132127.12,91630.7,C5394880,256347.27,296843.69,0
37,TRANSFER,2270.66,C3118618,56326.39,54055.73,C3564251,367942.24,370212.9,0
37,TRANSFER,1529.54,C6218367,22788.66,21259.12,C2437026,333986.71,335516.25,0
37,PAYMENT,29198.25,C2255409,111565.5,82367.25,M5286905,237815.2,267013.45,0
37,DEBIT,43401.65,C5584716,56894.6,13492.95,C7667458,136367.99,179769.64,0
37,TRANSFER,27766.38,C1983738,64024.23,36257.85,C9647849,304696.45,332462.83,0
37,CASH_IN,668.99,C8612582,47072.86,46403.87,C3342608,176968.74,177637.73,0
37,DEBIT,37592.09,C7392547,136377.8,98785.71,C7358385,486841.34,524433.43,0
37,PAYMENT,28656.11,C3345069,85959.83,57303.72,M6207779,338415.29,367071.4,0
37,CASH_OUT,29228.05,C9481739,43263.63,14035.58,C4679591,491295.52,520523.57,0
37,PAYMENT,8437.6,C4681284,23151.49,14713.89,M9464927,435956.47,444394.07,0
37,PAYMENT,40073.52,C8935169,131208.28,91134.76,M6181912,300232.31,340305.83,0
37,TRANSFER,16612.86,C7654757,63477.24,46864.38,C5437923,422192.01,438804.87,0
37,TRANSFER,2053.04,C7754864,76463.22,74410.18,C3050700,332493.95,334546.99,0
37,DEBIT,14292.28,C9952696,50549.7,36257.42,C6018975,182649.82,196942.1,0
37,PAYMENT,32818.74,C6159230,122754.15,89935.41,M3450300,368907.04,401725.78,0
37,CASH_IN,36084.51,C6049101,86170.54,50086.03,C2458591,377307.31,413391.82,0
37,TRANSFER,41956.56,C3024269,129335.75,87379.19,C4475523,348165.69,390122.25,0
37,CASH_OUT,5310.0,C8639414,29779.26,24469.26,C3484601,383226.54,388536.54,0
37,TRANSFER,48553.99,C8387112,122236.86,73682.87,C9961380,180297.25,228851.24,0
37,CASH_IN,37839.63,C4971793,79838.63,41999.0,C8410995,240282.78,278122.41,0
37,CASH_IN,10497.25,C3791137,80476.64,69979.39,C7110622,191974.54,202471.79,0
37,TRANSFER,42172.78,C1409790,79325.83,37153.05,C4993055,490863.01,533035.79,0
37,PAYMENT,23442.26,C2948178,52932.36,29490.1,M6696087,73340.71,96782.97,0
37,DEBIT,41168.2,C7722755,72409.13,31240.93,C6530541,311428.77,352596.97,0
37,CASH_IN,41800.42,C8639414,65357.08,23556.66,C1059486,230084.1,271884.52,0
37,TRANSFER,11010.98,C1661401,56041.98,45031.0,C8999183,251293.45,262304.43,0
37,CASH_IN,1358.47,C5641923,24158.37,22799.9,C2813543,339654.83,341013.3,0
37,CASH_IN,2840.13,C6569946,85232.34,82392.21,C8138769,436460.55,439300.68,0
37,CASH_IN,31388.09,C8225725,98497.97,67109.88,C5924115,276094.61,307482.7,0
37,DEBIT,49221.69,C1514340,119548.38,70326.69,C4213524,35300.66,84522.35,0
37,DEBIT,21041.76,C6137284,41294.26,20252.5,C6137284,262415.66,283457.42,0
37,CASH_IN,27043.94,C9375710,101938.64,74894.7,C7418028,231384.45,258428.39,0
37,PAYMENT,17643.59,C9197443,67054.84,49411.25,M3372774,29039.07,46682.66,0
37,CASH_IN,15131.97,C4961312,31896.8,16764.83,C7780932,413387.11,428519.08,0
37,TRANSFER,25281.34,C4607488,69610.73,44329.39,C7017548,102681.51,127962.85,0
37,PAYMENT,43063.62,C6770619,82922.99,39859.37,M8568671,75468.84,118532.46,0
37,CASH_IN,19963.41,C4586084,31415.04,11451.63,C9546409,315798.32,335761.73,0
37,CASH_IN,1402.59,C2721135,56120.79,54718.2,C4594297,403640.06,405042.65,0
37,PAYMENT,7742.77,C6899644,60042.24,52299.47,M9854536,193483.28,201226.05,0
37,PAYMENT,25542.07,C8688755,90427.67,64885.6,M5582979,244227.16,269769.23,0
37,DEBIT,19407.32,C7730428,24114.85,4707.53,C1841248,293068.19,312475.51,0
37,TRANSFER,24057.57,C4533779,38455.42,14397.85,C2595275,276639.63,300697.2,0
37,TRANSFER,11202.95,C7162857,77338.24,66135.29,C9952696,303735.97,314938.92,0
37,DEBIT,46066.8,C6551268,50490.67,4423.87,C8138769,245414.9,291481.7,0
37,DEBIT,25556.51,C6702160,103850.57,78294.06,C4442778,432515.63,458072.14,0
37,TRANSFER,16922.58,C1941524,96959.18,80036.6,C4612365,221129.59,238052.17,0
37,PAYMENT,38299.45,C9294272,70589.91,32290.46,M1314430,170131.8,208431.25,0
37,PAYMENT,34070.46,C5545223,101682.37,67611.91,M3718884,16367.28,50437.74,0
37,TRANSFER,32188.94,C3927575,93975.67,61786.73,C7970985,337750.93,369939.87,0
37,TRANSFER,25833.75,C7296605,30305.0,4471.25,C6483562,183822.24,209655.99,0
37,CASH_IN,26874.37,C1848731,58010.7,31136.33,C7264956,154284.39,181158.76,0
37,DEBIT,47549.18,C8761611,141170.08,93620.9,C1059486,488888.44,536437.62,0
37,CASH_OUT,42543.08,C5960271,96118.5,53575.42,C3657144,221984.79,264527.87,0
37,DEBIT,40958.58,C7074006,115324.04,74365.46,C4553384,291389.66,332348.24,0
37,DEBIT,43918.29,C4020853,97690.97,53772.68,C5921894,436855.17,480773.46,0
37,TRANSFER,11613.72,C4558780,47329.77,35716.05,C8890439,256189.06,267802.78,0
37,CASH_OUT,20606.57,C3294774,101627.1,81020.53,C5487028,12369.86,32976.43,0
37,TRANSFER,40971.94,C7891662,136349.82,95377.88,C3118060,407201.76,448173.7,1
37,TRANSFER,46882.21,C5217853,68745.19,21862.98,C3217273,249304.56,296186.77,0
37,PAYMENT,17759.81,C3345069,63060.41,45300.6,M4800761,458498.25,476258.06,0
37,CASH_IN,45501.5,C6752576,68853.64,23352.14,C2147909,254521.98,300023.48,0
37,CASH_IN,38703.42,C3846949,52373.94,13670.52,C2110460,414933.18,453636.6,0
37,CASH_OUT,27964.94,C5691890,127557.92,99592.98,C2724590,113384.33,141349.27,0
37,TRANSFER,15011.29,C5521644,21908.55,6897.26,C6407658,173479.74,188491.03,0
37,CASH_OUT,26881.83,C8043620,106591.53,79709.7,C3589751,11983.0,38864.83,0
38,DEBIT,45520.0,C1481506,124990.92,79470.92,C8306261,423279.52,468799.52,0
38,CASH_OUT,19444.92,C4117625,93745.97,74301.05,C4786401,286150.95,305595.87,0
38,CASH_IN,14178.94,C1120642,40952.42,26773.48,C7667458,465945.63,480124.57,0
38,CASH_IN,5754.08,C1009594,6047.82,293.74,C2651601,6563.97,12318.05,0
38,TRANSFER,44879.02,C8350099,111319.46,66440.44,C5628522,202244.75,247123.77,0
38,CASH_OUT,44563.1,C4191175,123336.66,78773.56,C9468772,149925.95,194489.05,1
38,DEBIT,19336.33,C9398441,101066.17,81729.84,C8841505,101697.83,121034.16,0
38,DEBIT,40544.96,C1212267,114139.36,73594.4,C7377459,64230.74,104775.7,0
38,TRANSFER,26805.37,C9224219,123914.71,97109.34,C7960328,385325.27,412130.64,0
38,PAYMENT,40597.27,C8935224,137521.71,96924.44,M7070468,374550.64,415147.91,0
38,CASH_IN,36303.19,C7208460,107011.21,70708.02,C6533187,93582.3,129885.49,0
38,CASH_IN,44535.68,C5745250,89777.67,45241.99,C8893693,61557.14,106092.82,0
38,DEBIT,49497.48,C6702160,144752.13,95254.65,C7668663,747.83,50245.31,0
38,CASH_OUT,37332.81,C4589533,54722.42,17389.61,C6218367,475064.94,512397.75,0
38,PAYMENT,6730.02,C5374922,74734.96,68004.94,M2776088,489424.17,496154.19,0
38,CASH_OUT,30689.79,C3488628,37926.84,7237.05,C9375710,494283.83,524973.62,0
38,DEBIT,48597.74,C7689582,137708.07,89110.33,C8132769,244111.07,292708.81,0
38,CASH_IN,37021.07,C7897151,123445.5,86424.43,C6183033,307134.09,344155.16,0
38,CASH_OUT,7494.5,C5691890,88919.75,81425.25,C7189034,60148.81,67643.31,0
38,CASH_OUT,1354.82,C6933742,25886.14,24531.32,C4940441,429173.41,430528.23,0
38,PAYMENT,22901.48,C8416216,66329.58,43428.1,M6733317,153584.95,176486.43,0
38,DEBIT,40679.67,C3762152,79052.68,38373.01,C2663938,244808.13,285487.8,0
38,TRANSFER,18986.71,C6159230,77442.36,58455.65,C2738129,375219.04,394205.75,0
38,DEBIT,44682.46,C5770422,102947.24,58264.78,C8883823,78975.36,123657.82,0
38,TRANSFER,24303.52,C1602286,109384.31,85080.79,C5521644,131354.1,155657.62,0
38,PAYMENT,14938.54,C4679591,36571.73,21633.19,M5582979,429157.5,444096.04,0
38,CASH_IN,16175.58,C2164686,50503.09,34327.51,C5770422,364303.68,380479.26,0
38,TRANSFER,41588.86,C4344717,134124.82,92535.96,C8047416,127908.99,169497.85,0
38,DEBIT,7042.69,C8520810,29912.07,22869.38,C9453010,396.81,7439.5,0
38,DEBIT,37753.86,C5606980,63022.95,25269.09,C7089806,180598.6,218352.46,0
38,DEBIT,36563.44,C4841005,105227.21,68663.77,C1433940,146205.36,182768.8,0
38,TRANSFER,7449.36,C6944126,33520.8,26071.44,C3597059,390833.84,398283.2,0
38,DEBIT,26303.9,C5953150,47669.53,21365.63,C6549757,67006.54,93310.44,0
38,PAYMENT,14482.77,C8043620,43024.26,28541.49,M3372774,220406.13,234888.9,0
38,DEBIT,21252.04,C4184459,26428.79,5176.75,C6539837,264168.24,285420.28,0
38,CASH_OUT,25107.4,C2785277,97416.07,72308.67,C8526486,267956.78,293064.18,0
38,TRANSFER,4297.85,C8418210,12728.62,8430.77,C4609330,46049.61,50347.46,0
38,PAYMENT,12516.03,C2255409,66002.1,53486.07,M6865064,85415.12,97931.15,0
38,PAYMENT,47264.98,C2556017,127108.16,79843.18,M7960815,38808.12,86073.1,0
38,DEBIT,4874.92,C9361353,36883.27,32008.35,C3927575,150596.15,155471.07,0
38,CASH_OUT,38051.69,C1192619,102283.17,64231.48,C9537455,325848.91,363900.6,0
38,PAYMENT,7147.97,C9427047,72802.54,65654.57,M8201433,122195.56,129343.53,0
38,PAYMENT,18620.66,C6483562,89293.54,70672.88,M3456926,98087.97,116708.63,0
38,DEBIT,1671.69,C1641849,7094.67,5422.98,C3090865,479468.82,481140.51,0
38,DEBIT,43715.19,C8875173,111243.2,67528.01,C9996414,457756.22,501471.41,0
38,TRANSFER,8418.3,C2651177,37345.91,28927.61,C2016911,76701.27,85119.57,0
38,DEBIT,20448.79,C7730428,51952.5,31503.71,C2264748,128047.28,148496.07,0
38,CASH_IN,28323.83,C3094235,126634.22,98310.39,C2651177,200897.67,229221.5,0
38,TRANSFER,10298.28,C2151087,23170.78,12872.5,C6075395,426440.28,436738.56,0
38,CASH_OUT,1877.54,C4867786,88783.64,86906.1,C9745959,293553.1,295430.64,0
38,TRANSFER,33245.31,C2525206,71023.38,37778.07,C8248238,327507.52,360752.83,0
38,PAYMENT,48044.41,C9548432,59431.59,11387.18,M9344741,103867.27,151911.68,0
38,CASH_IN,15344.3,C1842524,25447.17,10102.87,C5584716,113912.46,129256.76,0
38,TRANSFER,18187.22,C1848566,113722.91,95535.69,C5666692,58371.86,76559.08,0
38,TRANSFER,7924.61,C7783308,91164.99,83240.38,C9031491,205860.22,213784.83,0
38,CASH_OUT,16669.5,C7953166,35236.55,18567.05,C5691890,199863.9,216533.4,0
38,CASH_OUT,30474.5,C9427047,47800.76,17326.26,C1499914,291824.92,322299.42,0
38,DEBIT,21475.64,C1873851,96017.95,74542.31,C8722606,364841.25,386316.89,0
38,CASH_IN,47538.27,C1098919,122573.69,75035.42,C7375499,318328.7,365866.97,0
38,DEBIT,31258.87,C6551268,97445.97,66187.1,C3815034,275073.23,306332.1,0
38,CASH_OUT,8875.57,C4189885,44496.71,35621.14,C9745959,417419.6,426295.17,0
38,PAYMENT,16737.07,C7685149,114920.72,98183.65,M6649968,202142.09,218879.16,0
38,CASH_OUT,28140.4,C7089806,76932.93,48792.53,C1325197,448612.73,476753.13,0
38,TRANSFER,18492.9,C7381734,24550.77,6057.87,C2666893,458061.19,476554.09,0
38,DEBIT,15014.31,C2374158,93289.94,78275.63,C3294774,184736.96,199751.27,0
38,TRANSFER,20221.95,C9900022,36147.35,15925.4,C8344375,439078.47,459300.42,0
38,CASH_OUT,46190.96,C9697969,118158.88,71967.92,C5446344,333461.68,379652.64,0
38,CASH_IN,29032.21,C9094999,105221.14,76188.93,C9770838,440348.06,469380.27,0
38,CASH_IN,27576.7,C2914064,42986.3,15409.6,C4700025,101273.99,128850.69,0
38,DEBIT,24697.77,C2548511,35023.55,10325.78,C8563202,237410.53,262108.3,0
38,TRANSFER,32051.27,C9125900,106545.94,74494.67,C6188935,273526.14,305577.41,0
38,TRANSFER,16205.84,C4340845,57288.27,41082.43,C2156902,164261.81,180467.65,0
38,DEBIT,12325.09,C1102438,53620.97,41295.88,C5663623,50634.05,62959.14,0
38,CASH_IN,7364.28,C1863121,66388.05,59023.77,C4860745,118182.11,125546.39,0
38,CASH_IN,37605.02,C6455706,79133.08,41528.06,C9683481,177242.32,214847.34,0
38,TRANSFER,33693.8,C9264869,43844.41,10150.61,C1987737,448468.61,482162.41,0
38,CASH_IN,32792.38,C8664433,35715.07,2922.69,C3219824,11560.71,44353.09,0
38,TRANSFER,23704.45,C8312936,70857.49,47153.04,C3997281,83023.09,106727.54,0
38,PAYMENT,47149.81,C8945036,108504.27,61354.46,M4618086,407259.12,454408.93,0
38,CASH_IN,45192.76,C3094235,134816.5,89623.74,C8159911,193298.74,238491.5,0
38,CASH_OUT,28696.3,C1959074,126617.52,97921.22,C6033115,489522.87,518219.17,0
38,DEBIT,39189.88,C8563202,78875.94,39686.06,C2651601,161657.37,200847.25,0
38,CASH_OUT,41918.05,C4043480,80778.09,38860.04,C6933742,351265.64,393183.69,0
38,DEBIT,10263.69,C1028374,56264.64,46000.95,C4586084,374025.61,384289.3,0
38,CASH_IN,43030.12,C9293086,64553.28,21523.16,C8090293,410329.71,453359.83,0
38,CASH_OUT,25286.3,C2074176,43438.51,18152.21,C1983738,206805.72,232092.02,0
38,DEBIT,35933.08,C6899644,44776.2,8843.12,C6018975,204999.01,240932.09,0
38,PAYMENT,20590.58,C4607488,42435.66,21845.08,M6207779,110336.82,130927.4,0
38,PAYMENT,1652.75,C6423634,18633.58,16980.83,M8202195,392633.62,394286.37,0
38,CASH_IN,1386.72,C6213522,58155.37,56768.65,C9002392,136054.33,137441.05,0
38,CASH_IN,1704.03,C4860684,24346.17,22642.14,C6266630,136087.69,137791.72,0
38,CASH_OUT,10780.05,C6577416,76459.2,65679.15,C3760597,102559.25,113339.3,0
38,CASH_OUT,26678.62,C3351868,31237.67,4559.05,C2275009,281675.88,308354.5,0
38,CASH_OUT,4439.66,C7273233,90937.18,86497.52,C3109911,246811.9,251251.56,0
38,TRANSFER,1894.48,C5579094,11008.57,9114.09,C3488628,200228.35,202122.83,0
38,CASH_OUT,28921.31,C1987737,33677.37,4756.06,C2694522,155775.26,184696.57,0
38,TRANSFER,44682.67,C6279418,97646.35,52963.68,C2548511,415396.85,460079.52,0
38,DEBIT,46292.22,C8741810,146217.4,99925.18,C3488628,373994.86,420287.08,0
38,PAYMENT,43809.79,C9375710,73007.6,29197.81,M1688246,60996.95,104806.74,0
38,TRANSFER,12898.27,C1237370,68249.99,55351.72,C4558780,444077.59,456975.86,0
39,PAYMENT,10484.4,C6472441,53031.11,42546.71,M9344741,347679.47,358163.87,0
39,CASH_IN,49218.65,C2016911,132951.99,83733.34,C2263313,464071.33,513289.98,0
39,PAYMENT,10278.39,C6404139,16154.46,5876.07,M1633297,161962.75,172241.14,0
39,DEBIT,4953.11,C9626108,16553.72,11600.61,C4713925,438452.53,443405.64,0
39,PAYMENT,29152.51,C8987516,128788.39,99635.88,M8434202,151727.56,180880.07,0
39,DEBIT,33453.66,C8078673,130518.6,97064.94,C7117837,260377.26,293830.92,0
39,PAYMENT,14473.52,C9436429,98511.79,84038.27,M8326807,229688.28,244161.8,0
39,CASH_OUT,15862.52,C2932227,93123.23,77260.71,C4374754,303785.99,319648.51,0
39,DEBIT,23827.08,C4961312,72913.03,49085.95,C6101803,147282.02,171109.1,0
39,DEBIT,9384.24,C3154051,64795.01,55410.77,C4879923,481991.82,491376.06,0
39,PAYMENT,45899.35,C1624315,107365.97,61466.62,M6614484,55599.38,101498.73,0
39,DEBIT,6114.49,C6889195,23046.42,16931.93,C2156902,320707.75,326822.24,0
39,PAYMENT,17424.07,C2839607,88422.72,70998.65,M9344741,41200.59,58624.66,0
39,CASH_OUT,10897.57,C8852574,70578.77,59681.2,C4197911,216671.24,227568.81,0
39,TRANSFER,19432.92,C9537455,44760.01,25327.09,C8612081,172196.99,191629.91,0
39,TRANSFER,49917.03,C4818418,123876.4,73959.37,C6069909,446710.59,496627.62,1
39,CASH_OUT,14156.96,C1326765,72531.91,58374.95,C5953150,298605.34,312762.3,0
39,CASH_IN,13803.1,C1432519,56394.98,42591.88,C8617381,302254.51,316057.61,0
39,CASH_IN,28514.95,C8132769,31577.5,3062.55,C9398441,52983.45,81498.4,0
39,CASH_OUT,21639.97,C5988757,42460.69,20820.72,C7844947,182030.83,203670.8,0
39,CASH_IN,14819.22,C5569244,59644.7,44825.48,C5453786,362205.48,377024.7,0
39,DEBIT,7811.55,C8741810,83853.71,76042.16,C2217071,180812.65,188624.2,0
39,CASH_OUT,1304.26,C6591986,48945.35,47641.09,C4335942,331668.42,332972.68,0
39,PAYMENT,14710.07,C4656838,98593.29,83883.22,M7785090,2546.82,17256.89,0
39,DEBIT,25467.11,C4165061,51534.81,26067.7,C6891254,393726.65,419193.76,0
39,CASH_IN,22259.53,C5191056,22602.57,343.04,C1499914,319085.73,341345.26,0
39,DEBIT,20464.81,C3997281,119292.36,98827.55,C1341919,402103.48,422568.29,0
39,PAYMENT,24298.22,C4716988,25068.99,770.77,M9790632,203821.92,228120.14,0
39,TRANSFER,25080.09,C1036161,60197.53,35117.44,C2344047,396371.8,421451.89,0
39,TRANSFER,7008.95,C2737893,21817.27,14808.32,C4833486,87494.61,94503.56,0
39,TRANSFER,14202.59,C9453010,61306.84,47104.25,C3747534,433164.1,447366.69,0
39,CASH_IN,9638.31,C5679639,9767.19,128.88,C3741438,46134.72,55773.03,0
39,CASH_IN,13406.15,C4652414,50708.72,37302.57,C8159521,390877.65,404283.8,0
39,PAYMENT,46801.26,C8558378,129405.53,82604.27,M9595744,472846.36,519647.62,0
39,CASH_OUT,9720.05,C8443690,26193.25,16473.2,C5569244,321564.25,331284.3,0
39,CASH_IN,6571.29,C1445199,35498.12,28926.83,C9952696,319778.3,326349.59,0
39,CASH_OUT,47825.56,C6243275,107705.06,59879.5,C8698256,232180.63,280006.19,1
39,TRANSFER,46332.45,C5437923,48705.41,2372.96,C5446912,150050.97,196383.42,0
39,CASH_OUT,12136.81,C9683481,99295.51,87158.7,C3118618,63123.83,75260.64,0
39,CASH_IN,38049.91,C2651177,66841.03,28791.12,C4551070,277835.09,315885.0,0
39,DEBIT,14398.97,C4426900,18040.24,3641.27,C4607488,42501.22,56900.19,0
39,CASH_IN,33709.99,C1842524,72262.58,38552.59,C1768805,378004.37,411714.36,0
39,DEBIT,49067.13,C2530497,116435.99,67368.86,C2694522,113672.25,162739.38,0
39,CASH_IN,29263.29,C5977931,38997.98,9734.69,C5569244,411953.7,441216.99,0
39,CASH_IN,36272.01,C1485654,129388.32,93116.31,C4681284,451929.75,488201.76,0
39,DEBIT,29817.1,C6647119,111249.22,81432.12,C5217853,276274.8,306091.9,0
39,CASH_OUT,45749.18,C8248238,76355.29,30606.11,C2927455,384077.92,429827.1,0
39,CASH_OUT,9336.76,C1419610,69611.04,60274.28,C6577416,214962.71,224299.47,0
39,PAYMENT,34476.63,C8617381,86458.82,51982.19,M6587964,400501.32,434977.95,0
39,DEBIT,748.49,C6159230,39599.22,38850.73,C3564251,210189.31,210937.8,0
39,TRANSFER,11684.08,C3117636,56089.3,44405.22,C2349590,21615.64,33299.72,0
39,DEBIT,15924.19,C6024207,25247.53,9323.34,C9518424,111335.35,127259.54,0
39,CASH_IN,3464.91,C4833486,17466.25,14001.34,C9398441,109976.0,113440.91,0
39,PAYMENT,25606.29,C6266630,97894.89,72288.6,M8568671,307982.61,333588.9,0
39,TRANSFER,32010.99,C5832327,58946.32,26935.33,C6407373,229915.99,261926.98,0
39,DEBIT,42985.47,C9546409,123256.21,80270.74,C4213524,405796.04,448781.51,0
39,CASH_IN,14106.39,C5453786,88501.05,74394.66,C4589533,450477.06,464583.45,0
39,TRANSFER,10637.47,C2015861,87316.71,76679.24,C1533224,136953.33,147590.8,0
39,DEBIT,35474.81,C7818732,107489.44,72014.63,C7358113,171004.01,206478.82,0
39,DEBIT,30021.63,C4816534,63825.29,33803.66,C9610704,229267.94,259289.57,0
39,CASH_IN,46409.05,C3698193,129818.69,83409.64,C8722606,281549.8,327958.85,0
39,DEBIT,757.17,C3747534,37649.43,36892.26,C6933742,30717.06,31474.23,0
39,TRANSFER,11088.95,C2936571,78654.6,67565.65,C5235884,145558.33,156647.28,0
39,TRANSFER,46546.56,C2191066,110550.15,64003.59,C9990305,460811.29,507357.85,1
39,DEBIT,11325.73,C6233774,102490.57,91164.84,C2322047,69910.73,81236.46,0
39,DEBIT,19621.58,C7829332,35414.74,15793.16,C2686231,242686.47,262308.05,0
39,TRANSFER,30015.94,C3195773,60219.49,30203.55,C8606962,203635.45,233651.39,0
39,CASH_IN,46381.28,C4240180,82299.54,35918.26,C9436429,120368.96,166750.24,0
39,TRANSFER,44993.36,C6591986,92477.27,47483.91,C9647849,495258.88,540252.24,1
39,TRANSFER,49310.26,C1044891,146427.91,97117.65,C7366205,60555.0,109865.26,1
39,TRANSFER,25010.58,C9179730,103034.08,78023.5,C9826250,410661.81,435672.39,0
39,PAYMENT,9255.48,C4679591,18777.45,9521.97,M6192009,292519.33,301774.81,0
39,PAYMENT,28826.95,C7975534,66194.13,37367.18,M6080483,112846.46,141673.41,0
39,CASH_IN,24365.81,C3564217,30179.29,5813.48,C4744854,10839.44,35205.25,0
39,CASH_IN,32405.07,C9823994,70083.36,37678.29,C9997381,92102.93,124508.0,0
39,CASH_OUT,18834.88,C4327421,25233.91,6399.03,C7232293,369980.97,388815.85,0
39,CASH_OUT,48491.67,C8987516,121201.08,72709.41,C3341057,289683.56,338175.23,0
39,TRANSFER,11352.96,C7217147,84048.59,72695.63,C5163953,488708.01,500060.97,0
39,TRANSFER,37147.56,C2191066,102236.52,65088.96,C7906258,234361.54,271509.1,0
39,CASH_IN,38421.29,C9937982,76105.74,37684.45,C1763626,220546.07,258967.36,0
39,CASH_OUT,41894.96,C6024207,120132.09,78237.13,C3608513,59134.87,101029.83,1
39,CASH_OUT,9798.63,C2642635,76806.63,67008.0,C6672134,487017.47,496816.1,0
39,DEBIT,48460.13,C9427047,54301.46,5841.33,C7722755,88397.57,136857.7,0
39,DEBIT,32408.65,C9125900,44910.81,12502.16,C5017343,391876.76,424285.41,0
39,TRANSFER,27693.18,C6294016,82437.18,54744.0,C2512187,203389.73,231082.91,0
39,PAYMENT,39859.71,C2785277,53064.25,13204.54,M3820798,34623.74,74483.45,0
39,PAYMENT,19545.67,C9901266,21949.71,2404.04,M4350371,314599.76,334145.43,0
39,DEBIT,31634.23,C8212326,56241.67,24607.44,C8875173,75584.31,107218.54,0
39,DEBIT,6163.98,C8558197,21695.22,15531.24,C6228407,434502.35,440666.33,0
39,DEBIT,40938.59,C1848566,105650.74,64712.15,C6825112,183817.14,224755.73,0
39,TRANSFER,45581.63,C4841005,74188.33,28606.7,C1987737,76110.95,121692.58,0
39,PAYMENT,2011.72,C8048838,85029.53,83017.81,M2721170,386454.57,388466.29,0
39,TRANSFER,28494.18,C6060517,119280.57,90786.39,C6932391,74251.33,102745.51,0
39,TRANSFER,35154.92,C5446912,49475.04,14320.12,C9576076,218676.88,253831.8,0
39,CASH_IN,32938.69,C3276065,70937.63,37998.94,C9249789,104345.89,137284.58,0
39,DEBIT,37750.74,C8583392,48078.89,10328.15,C2408404,329555.45,367306.19,0
39,TRANSFER,40074.35,C6069909,74324.2,34249.85,C5634662,35789.17,75863.52,0
39,TRANSFER,45968.3,C5781295,55393.06,9424.76,C3396987,389471.62,435439.92,0
39,PAYMENT,40728.11,C3916107,110761.04,70032.93,M9902071,196459.67,237187.78,0
39,TRANSFER,21559.82,C2788238,27921.19,6361.37,C7752972,72249.96,93809.78,0
40,TRANSFER,49671.23,C8138769,71731.97,22060.74,C4786401,403899.25,453570.48,1
40,CASH_OUT,33635.33,C7191135,94994.84,61359.51,C5835492,488713.91,522349.24,0
40,CASH_OUT,26451.45,C7162857,85319.51,58868.06,C9111742,79871.36,106322.81,0
40,CASH_OUT,40709.15,C1102438,111524.93,70815.78,C1212267,415230.49,455939.64,1
40,DEBIT,31277.46,C8939993,127134.85,95857.39,C2571945,289297.23,320574.69,0
40,CASH_IN,20946.14,C6386463,113827.07,92880.93,C7074006,429374.14,450320.28,0
40,TRANSFER,40922.99,C6707197,117514.56,76591.57,C5006492,375346.91,416269.9,0
40,DEBIT,8974.36,C5147994,79189.7,70215.34,C4867786,306944.48,315918.84,0
40,CASH_IN,38883.53,C1454696,125530.8,86647.27,C2151225,36474.61,75358.14,0
40,CASH_IN,5521.25,C7375499,95624.68,90103.43,C2349590,93023.23,98544.48,0
40,TRANSFER,14642.44,C4922880,69652.83,55010.39,C8664433,428515.38,443157.82,0
40,PAYMENT,14350.86,C7982241,86654.82,72303.96,M7274032,231820.53,246171.39,0
40,TRANSFER,18685.28,C4475523,88496.73,69811.45,C3566765,25969.78,44655.06,0
40,PAYMENT,10188.55,C5452128,19549.27,9360.72,M2776088,226391.78,236580.33,0
40,TRANSFER,38710.82,C8235969,103221.59,64510.77,C1485654,440415.46,479126.28,0
40,PAYMENT,46323.98,C1675419,52727.11,6403.13,M6592886,461264.47,507588.45,0
40,DEBIT,20016.05,C1771600,59558.47,39542.42,C6708456,203498.07,223514.12,0
40,TRANSFER,33548.41,C4623062,53594.53,20046.12,C9310235,56411.87,89960.28,0
40,TRANSFER,44165.21,C5641923,126335.82,82170.61,C7120868,420505.77,464670.98,0
40,CASH_IN,14615.97,C6871360,53385.8,38769.83,C8033426,126563.64,141179.61,0
40,CASH_IN,10184.98,C4340845,95096.51,84911.53,C7891662,337847.54,348032.52,0
40,DEBIT,1156.82,C8460758,95007.3,93850.48,C3726327,345668.92,346825.74,0
40,CASH_IN,20279.53,C2188789,58398.59,38119.06,C4585314,425910.66,446190.19,0
40,CASH_OUT,30333.41,C7217147,118004.22,87670.81,C6680114,299696.98,330030.39,0
40,PAYMENT,28118.94,C9284509,56112.11,27993.17,M6192009,357596.14,385715.08,0
40,PAYMENT,5695.09,C9580255,31850.19,26155.1,M7639863,184795.59,190490.68,0
40,PAYMENT,45405.76,C8971465,50397.61,4991.85,M5962567,326541.94,371947.7,0
40,PAYMENT,3881.49,C1914794,43031.93,39150.44,M5746166,237596.72,241478.21,0
40,CASH_IN,35772.61,C2785277,123550.12,87777.51,C8151684,108368.57,144141.18,0
40,CASH_IN,36690.08,C6701311,65274.21,28584.13,C1538552,319028.69,355718.77,0
40,PAYMENT,14099.46,C1341919,20486.9,6387.44,M9507186,202833.44,216932.9,0
40,CASH_IN,17003.12,C1409790,36096.34,19093.22,C3123709,317152.7,334155.82,0
40,PAYMENT,13729.28,C4262081,44758.71,31029.43,M4725179,159859.39,173588.67,0
40,CASH_IN,2506.43,C3342608,12817.36,10310.93,C6708456,201657.94,204164.37,0
40,CASH_OUT,19077.84,C7288789,67783.67,48705.83,C3762152,407820.87,426898.71,0
40,CASH_IN,13120.58,C4194548,28597.35,15476.77,C5491946,231294.84,244415.42,0
40,PAYMENT,20245.87,C7010308,84829.67,64583.8,M8669093,102102.97,122348.84,0
40,PAYMENT,21802.21,C3790237,73397.9,51595.69,M4800761,194631.11,216433.32,0
40,CASH_IN,48888.52,C5785687,105763.54,56875.02,C6543670,235011.41,283899.93,0
40,DEBIT,21932.65,C7724045,42129.11,20196.46,C6512314,99603.11,121535.76,0
40,DEBIT,3292.99,C5443951,89776.74,86483.75,C6294016,166419.73,169712.72,0
40,CASH_IN,10376.89,C5273534,46030.6,35653.71,C3141239,269559.26,279936.15,0
40,CASH_IN,17395.4,C4816534,87954.33,70558.93,C4938791,272716.17,290111.57,0
40,TRANSFER,18243.65,C7426265,76093.89,57850.24,C1098919,296633.5,314877.15,0
40,CASH_IN,8163.09,C8210624,48181.06,40017.97,C2477398,71013.13,79176.22,0
40,DEBIT,45272.02,C3760597,101227.83,55955.81,C8875173,33267.92,78539.94,0
40,CASH_OUT,26975.9,C1873851,69751.6,42775.7,C7477326,242438.7,269414.6,0
40,TRANSFER,224.98,C1006810,15387.47,15162.49,C4903402,257719.22,257944.2,0
40,TRANSFER,7887.94,C6068760,55786.93,47898.99,C2164686,192124.33,200012.27,0
40,CASH_IN,28013.18,C3950888,59678.76,31665.58,C8841505,318985.67,346998.85,0
40,PAYMENT,8238.68,C1666754,45300.35,37061.67,M5813037,149912.11,158150.79,0
40,PAYMENT,48414.36,C1533224,95125.93,46711.57,M2865405,95221.71,143636.07,0
40,PAYMENT,26763.19,C7892225,39269.35,12506.16,M3472100,361030.15,387793.34,0
40,PAYMENT,31949.04,C5180853,118451.96,86502.92,M5000351,422305.56,454254.6,0
40,DEBIT,39669.97,C1822825,131655.36,91985.39,C8710313,475063.22,514733.19,0
40,PAYMENT,6052.32,C2630611,20073.18,14020.86,M5746166,64135.83,70188.15,0
40,DEBIT,32627.14,C2944841,32736.81,109.67,C5960271,301269.57,333896.71,0
40,PAYMENT,22134.84,C2191066,29453.18,7318.34,M7639863,413640.16,435775.0,0
40,CASH_OUT,7049.21,C5502929,55935.19,48885.98,C7076506,444223.99,451273.2,0
40,PAYMENT,17446.45,C5951651,115992.01,98545.56,M5194357,46967.83,64414.28,0
40,CASH_IN,41712.59,C1621086,109498.16,67785.57,C3641282,291282.11,332994.7,0
40,DEBIT,5425.74,C2000560,40412.44,34986.7,C5446344,199380.48,204806.22,0
40,DEBIT,20341.91,C8698256,72743.43,52401.52,C9706768,117264.35,137606.26,0
40,CASH_OUT,38951.14,C2622631,100450.47,61499.33,C5437923,183322.75,222273.89,0
40,TRANSFER,46809.09,C2275009,145450.44,98641.35,C5098412,189930.93,236740.02,0
40,TRANSFER,39018.76,C7361002,51737.17,12718.41,C1463060,44121.74,83140.5,0
40,PAYMENT,38014.35,C2044645,83879.82,45865.47,M2368710,180922.89,218937.24,0
40,CASH_OUT,23917.26,C7975534,28924.14,5006.88,C4165061,57008.83,80926.09,0
40,DEBIT,39431.66,C3597059,130218.95,90787.29,C2191066,164376.5,203808.16,0
40,PAYMENT,2202.37,C5480460,44108.27,41905.9,M4717362,15365.0,17567.37,0
40,PAYMENT,6736.17,C6123430,63918.23,57182.06,M8669093,104467.45,111203.62,0
40,CASH_OUT,42236.33,C8389840,128588.03,86351.7,C8710313,459256.92,501493.25,1
40,CASH_OUT,14458.23,C9264869,50273.89,35815.66,C4585314,447215.45,461673.68,0
40,CASH_IN,9352.68,C3030966,49644.65,40291.97,C2815603,285067.19,294419.87,0
40,CASH_OUT,19226.35,C7960607,117721.47,98495.12,C7961578,193669.31,212895.66,0
40,CASH_OUT,33942.15,C3563646,36236.72,2294.57,C1162230,103834.22,137776.37,0
40,DEBIT,34636.74,C7970771,71123.46,36486.72,C7891662,389340.09,423976.83,0
40,TRANSFER,15525.79,C1522621,41912.75,26386.96,C9235577,444485.76,460011.55,0
40,TRANSFER,49425.18,C3345069,78435.0,29009.82,C4426900,19698.85,69124.03,1
40,TRANSFER,1049.35,C1019311,9685.42,8636.07,C8082668,333269.85,334319.2,0
40,DEBIT,39497.64,C4867786,98420.47,58922.83,C9626108,279739.17,319236.81,0
40,CASH_OUT,13997.37,C3253031,101738.53,87741.16,C4713925,200322.2,214319.57,0
40,TRANSFER,36484.36,C7751158,68511.19,32026.83,C2299954,210404.29,246888.65,0
40,TRANSFER,19075.66,C3919694,28016.58,8940.92,C3608513,29106.2,48181.86,0
40,PAYMENT,29470.75,C3211291,36067.4,6596.65,M5816353,221683.64,251154.39,0
40,PAYMENT,36358.65,C9234615,133076.3,96717.65,M1318832,86745.09,123103.74,0
40,TRANSFER,16802.76,C2813596,50313.05,33510.29,C9197443,440390.58,457193.34,0
40,CASH_IN,37802.35,C7455324,42739.24,4936.89,C8550917,131256.05,169058.4,0
40,TRANSFER,31671.53,C3493017,40523.58,8852.05,C8935224,385157.21,416828.74,0
40,DEBIT,8527.98,C4905582,87414.95,78886.97,C7017548,41173.71,49701.69,0
40,TRANSFER,33722.21,C2683838,40400.19,6677.98,C4475523,426524.76,460246.97,0
40,CASH_IN,15161.96,C2239197,92072.32,76910.36,C1452421,423402.09,438564.05,0
40,CASH_OUT,45568.92,C2788238,144919.74,99350.82,C9852897,431582.07,477150.99,1
40,CASH_OUT,34047.22,C4768844,34883.92,836.7,C4470105,306436.47,340483.69,0
40,DEBIT,46494.13,C8225725,75515.72,29021.59,C7224540,69754.08,116248.21,0
40,CASH_IN,29230.63,C3011363,43223.71,13993.08,C9196976,211095.37,240326.0,0
40,TRANSFER,23723.8,C9094999,88487.68,64763.88,C8883823,378734.05,402457.85,0
40,PAYMENT,20282.75,C2263313,68176.37,47893.62,M8391997,433386.97,453669.72,0
40,CASH_IN,24767.03,C8350368,90587.23,65820.2,C5130808,271346.41,296113.44,0
40,TRANSFER,20464.26,C5558623,74938.95,54474.69,C7878299,453026.03,473490.29,0
41,CASH_OUT,1238.49,C5480460,47227.51,45989.02,C7117837,200759.06,201997.55,0
41,CASH_IN,7954.18,C7395997,51452.31,43498.13,C7878299,257361.62,265315.8,0
41,CASH_IN,569.54,C6266630,64927.68,64358.14,C7288789,42812.64,43382.18,0
41,DEBIT,49475.63,C9801946,68201.76,18726.13,C7907400,458388.35,507863.98,0
41,CASH_IN,33802.16,C6060517,80182.12,46379.96,C1419610,290390.08,324192.24,0
41,TRANSFER,40423.09,C1863121,51040.34,10617.25,C8583392,161729.42,202152.51,0
41,DEBIT,23248.01,C8876745,120701.16,97453.15,C4106298,417972.93,441220.94,0
41,DEBIT,14826.33,C8217547,106039.83,91213.5,C9580255,184678.76,199505.09,0
41,CASH_IN,1241.59,C5479144,93087.19,91845.6,C3770370,470595.19,471836.78,0
41,CASH_OUT,6248.67,C4816586,95442.83,89194.16,C7728339,390354.22,396602.89,0
41,CASH_OUT,24147.47,C7311494,81313.19,57165.72,C2940214,476698.69,500846.16,0
41,TRANSFER,29515.66,C3634980,64607.55,35091.89,C4415140,46406.28,75921.94,0
41,CASH_IN,22075.65,C9164991,74633.86,52558.21,C9196976,19688.9,41764.55,0
41,CASH_OUT,38695.65,C8078673,64884.68,26189.03,C3995870,297182.92,335878.57,0
41,TRANSFER,26147.42,C7014016,109674.49,83527.07,C2620082,245637.65,271785.07,0
41,DEBIT,49620.98,C5013879,127015.12,77394.14,C6770619,294825.3,344446.28,0
41,PAYMENT,6183.32,C1852264,69545.33,63362.01,M9831414,31903.93,38087.25,0
41,CASH_IN,19577.34,C1538552,47101.04,27523.7,C4922880,285810.33,305387.67,0
41,PAYMENT,20080.99,C2987287,119627.35,99546.36,M6696087,81025.47,101106.46,0
41,TRANSFER,20409.63,C2566777,83808.42,63398.79,C8999183,7838.65,28248.28,0
41,TRANSFER,44322.91,C4612365,108216.78,63893.87,C3345069,9906.48,54229.39,1
41,CASH_OUT,39276.96,C7906258,53166.24,13889.28,C1732280,350874.51,390151.47,0
41,CASH_IN,22567.1,C4879923,117086.17,94519.07,C9333700,367388.52,389955.62,0
41,CASH_OUT,49707.17,C4256752,138120.13,88412.96,C6503032,345189.78,394896.95,0
41,CASH_OUT,15260.73,C3086308,83089.66,67828.93,C9094999,454158.59,469419.32,0
41,CASH_OUT,2494.49,C2530793,92816.3,90321.81,C2232969,394492.91,396987.4,0
41,CASH_OUT,32300.6,C7523941,54187.58,21886.98,C6407658,165153.18,197453.78,0
41,PAYMENT,14041.56,C2683838,111559.87,97518.31,M6052478,331330.01,345371.57,0
41,DEBIT,17703.25,C4184459,84328.96,66625.71,C5960271,436290.46,453993.71,0
41,CASH_IN,9922.97,C2453962,84063.9,74140.93,C7251976,114320.45,124243.42,0
41,CASH_OUT,32749.16,C2683838,118216.76,85467.6,C3138181,416062.5,448811.66,0
41,TRANSFER,21714.49,C8750676,73473.01,51758.52,C6643798,120168.79,141883.28,0
41,PAYMENT,43035.23,C8118722,79527.09,36491.86,M8339571,235499.77,278535.0,0
41,CASH_IN,45055.6,C8713146,60962.41,15906.81,C2044645,441910.88,486966.48,0
41,DEBIT,38574.96,C8245685,104263.68,65688.72,C7705062,324413.95,362988.91,0
41,CASH_OUT,12200.31,C9823994,98852.37,86652.06,C4093109,15836.88,28037.19,0
41,PAYMENT,38160.32,C1170307,118131.31,79970.99,M2367376,180589.08,218749.4,0
41,PAYMENT,29798.08,C2906718,69887.38,40089.3,M2414808,82592.48,112390.56,0
41,PAYMENT,2566.32,C7851696,19787.85,17221.53,M8372274,492905.8,495472.12,0
41,CASH_IN,37926.78,C6899644,107621.08,69694.3,C3320821,223418.29,261345.07,0
41,DEBIT,45350.2,C8939993,108843.82,63493.62,C1675419,461042.94,506393.14,0
41,PAYMENT,12092.04,C6960453,54263.05,42171.01,M3302417,167541.25,179633.29,0
41,CASH_OUT,5505.83,C4539704,74418.6,68912.77,C6304573,318012.89,323518.72,0
41,CASH_OUT,49622.93,C4823498,145565.07,95942.14,C1641849,47106.64,96729.57,1
41,TRANSFER,44237.07,C5781295,103899.57,59662.5,C2789344,385889.35,430126.42,0
41,TRANSFER,41219.96,C5398338,60029.03,18809.07,C5602180,398743.62,439963.58,0
41,PAYMENT,5592.65,C4879923,63203.1,57610.45,M7083379,137385.61,142978.26,0
41,TRANSFER,20061.24,C1641849,101772.74,81711.5,C8118722,74493.57,94554.81,0
41,DEBIT,42026.23,C9249789,122638.67,80612.44,C5382463,171973.01,213999.24,0
41,PAYMENT,26183.39,C2060605,79036.36,52852.97,M6207779,277003.6,303186.99,0
41,CASH_OUT,17434.59,C3545556,43389.0,25954.41,C6672134,378299.49,395734.08,0
41,PAYMENT,39911.33,C1352896,63126.36,23215.03,M5035998,46883.49,86794.82,0
41,DEBIT,33281.45,C5691890,116161.18,82879.73,C5163953,156332.25,189613.7,0
41,TRANSFER,34435.0,C5107245,48006.25,13571.25,C8491822,93238.49,127673.49,0
41,PAYMENT,20792.5,C8053918,65018.69,44226.19,M1688246,192635.62,213428.12,0
41,TRANSFER,42294.34,C8612582,79749.52,37455.18,C7121355,211589.2,253883.54,0
41,TRANSFER,38054.92,C1454696,55434.9,17379.98,C4078418,212157.47,250212.39,0
41,CASH_IN,12884.35,C1841248,110455.03,97570.68,C2666893,327501.36,340385.71,0
41,DEBIT,7997.59,C9517485,65099.58,57101.99,C6338112,41918.13,49915.72,0
41,DEBIT,12032.54,C5793722,107014.58,94982.04,C8389840,217913.3,229945.84,0
41,DEBIT,47051.84,C1289293,50300.45,3248.61,C9031491,164965.07,212016.91,0
41,CASH_IN,41077.09,C9035982,132845.62,91768.53,C2737893,62521.35,103598.44,0
41,DEBIT,22041.25,C8526486,117268.08,95226.83,C4731818,107656.52,129697.77,0
41,TRANSFER,41390.95,C8062546,94450.21,53059.26,C8159911,19239.15,60630.1,0
41,PAYMENT,32881.96,C1739653,47406.93,14524.97,M4429650,303903.36,336785.32,0
41,TRANSFER,20042.89,C5842082,105944.99,85902.1,C9548432,72376.37,92419.26,0
41,TRANSFER,39273.81,C2351868,63905.46,24631.65,C7818496,66257.31,105531.12,0
41,CASH_OUT,38357.76,C8280833,85013.59,46655.83,C5666692,303189.27,341547.03,0
41,PAYMENT,5518.85,C1763626,64565.86,59047.01,M5746166,374243.48,379762.33,0
41,CASH_OUT,9712.18,C6543670,94796.13,85083.95,C6512314,101561.64,111273.82,0
41,CASH_OUT,12444.09,C8248238,103979.24,91535.15,C8658158,42278.21,54722.3,0
41,PAYMENT,34286.94,C2262382,82667.84,48380.9,M5035998,59351.17,93638.11,0
41,PAYMENT,16041.46,C9094999,84373.45,68331.99,M6205543,57346.15,73387.61,0
41,DEBIT,30251.78,C2944841,111141.57,80889.79,C2096280,454850.98,485102.76,0
41,TRANSFER,42863.08,C8438733,127048.37,84185.29,C7550190,70627.29,113490.37,0
41,PAYMENT,36560.4,C1233516,118570.09,82009.69,M1630944,77809.9,114370.3,0
41,PAYMENT,29689.26,C7381734,86409.27,56720.01,M8342941,37758.01,67447.27,0
41,CASH_OUT,22138.25,C8118722,99939.65,77801.4,C7668663,56954.17,79092.42,0
41,PAYMENT,17955.65,C6932391,86200.11,68244.46,M3308538,243661.95,261617.6,0
41,DEBIT,32177.03,C7381684,69493.04,37316.01,C1352896,98248.37,130425.4,0
41,CASH_OUT,13715.46,C7402509,94601.91,80886.45,C1109031,88790.81,102506.27,0
41,TRANSFER,38807.93,C8893693,63211.51,24403.58,C4909069,247183.63,285991.56,0
41,CASH_IN,1720.42,C3472189,65515.54,63795.12,C9234615,440248.88,441969.3,0
41,TRANSFER,29726.32,C8610879,74985.23,45258.91,C1484348,198300.41,228026.73,0
41,TRANSFER,32432.22,C1790481,33283.1,850.88,C3556551,390435.56,422867.78,0
41,TRANSFER,13664.39,C8410995,43424.13,29759.74,C5988757,34403.7,48068.09,0
41,TRANSFER,12012.28,C6338112,62511.14,50498.86,C9225346,22326.75,34339.03,0
41,TRANSFER,41506.92,C8670955,58759.24,17252.32,C5921894,24234.09,65741.01,0
41,PAYMENT,12191.78,C4327421,18202.42,6010.64,M2696860,272746.03,284937.81,0
41,TRANSFER,7453.37,C4214348,60995.09,53541.72,C5793722,273452.45,280905.82,0
41,CASH_OUT,39806.75,C4348276,116901.57,77094.82,C5107245,370116.03,409922.78,0
41,PAYMENT,44075.38,C1615675,56231.23,12155.85,M3328554,389867.58,433942.96,0
41,DEBIT,11120.96,C4698379,64868.06,53747.1,C2351868,338368.41,349489.37,0
41,PAYMENT,32429.16,C3946751,106257.1,73827.94,M8763013,300116.33,332545.49,0
41,DEBIT,37456.82,C4205394,80297.89,42841.07,C3361510,92093.62,129550.44,0
41,PAYMENT,1166.51,C5004485,26864.43,25697.92,M3167376,358635.69,359802.2,0
41,PAYMENT,48326.51,C4698379,59740.5,11413.99,M9655523,120722.09,169048.6,0
41,CASH_IN,18265.54,C3728882,102060.53,83794.99,C8990081,160320.5,178586.04,0
41,TRANSFER,10842.41,C4903402,47973.85,37131.44,C3923366,382373.91,393216.32,0
41,CASH_IN,37676.21,C5668371,73856.92,36180.71,C6709938,467370.06,505046.27,0
42,DEBIT,30279.34,C1131249,64691.05,34411.71,C8416216,194742.65,225021.99,0
42,PAYMENT,30005.99,C9349470,79857.62,49851.63,M8745704,118163.69,148169.68,0
42,DEBIT,36720.73,C1981186,86768.32,50047.59,C2630611,375041.78,411762.51,0
42,DEBIT,12033.48,C3626181,22688.66,10655.18,C3657144,371092.61,383126.09,0
42,DEBIT,46184.09,C4816586,68059.96,21875.87,C6404139,12629.7,58813.79,0
42,CASH_OUT,24726.0,C2239197,44285.72,19559.72,C4214348,423033.67,447759.67,0
42,CASH_IN,23896.59,C2156902,40483.92,16587.33,C9279821,69894.93,93791.52,0
42,CASH_OUT,33364.17,C2321324,63076.11,29711.94,C9179730,195491.15,228855.32,0
42,DEBIT,8803.68,C6338112,81555.8,72752.12,C6406444,424.24,9227.92,0
42,PAYMENT,3590.2,C8805654,81503.73,77913.53,M5012581,342098.9,345689.1,0
42,TRANSFER,31314.21,C8761611,49871.09,18556.88,C4840714,255679.35,286993.56,0
42,PAYMENT,30052.26,C2906718,50773.15,20720.89,M8868776,461540.91,491593.17,0
42,CASH_OUT,23965.1,C9191131,55284.47,31319.37,C6276722,269323.92,293289.02,0
42,CASH_IN,19381.08,C7084862,112078.35,92697.27,C9084065,108225.31,127606.39,0
42,CASH_IN,27941.05,C5147994,30771.73,2830.68,C2719583,270641.85,298582.9,0
42,DEBIT,34148.74,C9468772,107042.39,72893.65,C1229419,345047.63,379196.37,0
42,PAYMENT,38277.74,C6183902,112959.74,74682.0,M5294434,72483.43,110761.17,0
42,CASH_IN,5689.6,C1415846,99193.82,93504.22,C5311242,191650.89,197340.49,0
42,CASH_IN,11160.48,C6438436,101944.76,90784.28,C8187926,24939.79,36100.27,0
42,TRANSFER,28954.68,C4694634,74120.94,45166.26,C2355439,64141.24,93095.92,0
42,TRANSFER,14045.48,C7774229,33303.43,19257.95,C4442778,43752.56,57798.04,0
42,PAYMENT,22323.04,C8043620,87523.4,65200.36,M7893063,423991.16,446314.2,0
42,DEBIT,16739.94,C8225725,78022.14,61282.2,C1432519,395029.33,411769.27,0
42,CASH_IN,32811.88,C6183902,122250.88,89439.0,C5951131,290817.65,323629.53,0
42,DEBIT,31217.86,C8612220,47340.85,16122.99,C6767292,434124.4,465342.26,0
42,PAYMENT,24521.72,C7358113,79150.25,54628.53,M8344365,204609.49,229131.21,0
42,CASH_OUT,49392.36,C8558197,123169.3,73776.94,C1848566,276445.97,325838.33,0
42,PAYMENT,49745.1,C8536477,57442.05,7696.95,M7406756,105629.66,155374.76,0
42,CASH_OUT,20325.05,C7975534,119640.39,99315.34,C8835373,100058.13,120383.18,0
42,PAYMENT,8416.47,C5195951,91696.77,83280.3,M4800761,224315.67,232732.14,0
42,TRANSFER,37244.87,C9518424,79100.11,41855.24,C2264748,152544.15,189789.02,0
42,DEBIT,10903.75,C8245685,18006.81,7103.06,C5693260,286979.37,297883.12,0
42,TRANSFER,26282.53,C1514340,31637.73,5355.2,C7208460,265200.64,291483.17,0
42,TRANSFER,34887.99,C9164991,99188.18,64300.19,C9576076,6484.03,41372.02,0
42,PAYMENT,21306.65,C8910069,40159.16,18852.51,M7070468,341633.9,362940.55,0
42,TRANSFER,5754.81,C3950888,47913.98,42159.17,C6266630,60267.17,66021.98,0
42,TRANSFER,3853.32,C7010308,30629.41,26776.09,C1237370,18315.48,22168.8,0
42,PAYMENT,15530.51,C3653446,63152.67,47622.16,M7450545,81671.1,97201.61,0
42,CASH_OUT,37489.26,C2349590,115141.75,77652.49,C4558545,251761.07,289250.33,0
42,CASH_OUT,34745.28,C2299954,110595.72,75850.44,C8612081,61831.18,96576.46,0
42,DEBIT,42532.06,C9294272,57082.05,14549.99,C5394880,161078.32,203610.38,0
42,CASH_OUT,5301.01,C3556551,88663.7,83362.69,C9153566,350281.94,355582.95,0
42,TRANSFER,16140.34,C6159230,99347.48,83207.14,C7783308,433823.15,449963.49,0
42,TRANSFER,45231.14,C4965789,115897.98,70666.84,C1463060,202908.03,248139.17,1
42,CASH_IN,19764.3,C7166651,55565.05,35800.75,C5364698,48833.94,68598.24,0
42,TRANSFER,36169.16,C2595275,68003.06,31833.9,C8312114,46908.01,83077.17,0
42,DEBIT,10889.23,C5218028,11756.93,867.7,C6551268,385906.23,396795.46,0
42,DEBIT,29894.81,C6512314,107411.82,77517.01,C1861958,310881.19,340776.0,0
42,CASH_IN,21438.16,C9667566,109631.09,88192.93,C4771676,289647.42,311085.58,0
42,DEBIT,6789.21,C3747534,63029.55,56240.34,C3741438,374629.16,381418.37,0
42,CASH_IN,43313.52,C9147706,91659.04,48345.52,C8118722,388199.91,431513.43,0
42,TRANSFER,16437.82,C6944126,56483.83,40046.01,C6790218,32185.96,48623.78,0
42,TRANSFER,10797.47,C4860745,104228.02,93430.55,C4305700,226410.63,237208.1,0
42,DEBIT,34623.6,C1954280,100309.83,65686.23,C3946751,353306.21,387929.81,0
42,PAYMENT,35320.3,C9546409,48580.71,13260.41,M6531293,85825.43,121145.73,0
42,TRANSFER,36751.41,C1520596,105585.95,68834.54,C7897151,262605.28,299356.69,0
42,TRANSFER,40539.81,C4337174,107910.75,67370.94,C3290229,122816.78,163356.59,0
42,DEBIT,15640.44,C2714803,104796.45,89156.01,C7897151,49939.02,65579.46,0
42,CASH_OUT,14516.56,C4009172,90594.48,76077.92,C2453962,276373.45,290890.01,0
42,CASH_OUT,7773.51,C9961380,77086.24,69312.73,C3500715,122325.36,130098.87,0
42,CASH_OUT,376.07,C7818732,41511.34,41135.27,C2147909,350775.87,351151.94,0
42,PAYMENT,5909.59,C8628891,71646.59,65737.0,M8391997,489937.36,495846.95,0
42,DEBIT,49484.77,C4335942,77985.48,28500.71,C5584716,154464.65,203949.42,0
42,CASH_OUT,9628.35,C2020480,99353.84,89725.49,C1326765,233729.05,243357.4,0
42,CASH_OUT,15559.19,C8688755,99436.26,83877.07,C1481506,495059.14,510618.33,0
42,CASH_IN,2799.57,C2164686,88807.36,86007.79,C9312590,333698.62,336498.19,0
42,PAYMENT,1367.8,C4218542,39700.89,38333.09,M6592886,308251.45,309619.25,0
42,TRANSFER,37469.95,C4818418,100887.28,63417.33,C4842788,87249.76,124719.71,0
42,DEBIT,19117.73,C6837817,77426.33,58308.6,C3589751,468270.72,487388.45,0
42,DEBIT,30001.42,C1415846,64698.83,34697.41,C4762204,115856.4,145857.82,0
42,DEBIT,4672.59,C9191131,88149.02,83476.43,C6944126,312556.25,317228.84,0
42,CASH_IN,39123.95,C9722815,122701.41,83577.46,C7022674,396524.77,435648.72,0
42,CASH_OUT,6349.56,C9479356,6569.62,220.06,C8799287,212319.93,218669.49,0
42,TRANSFER,25624.24,C9580255,66635.39,41011.15,C1520596,100785.88,126410.12,0
42,CASH_OUT,33730.55,C1522621,128957.75,95227.2,C8550917,128677.13,162407.68,0
42,DEBIT,18552.64,C1249314,62170.64,43618.0,C8885465,306147.02,324699.66,0
42,PAYMENT,25391.44,C2925626,42964.23,17572.79,M7105194,124544.68,149936.12,0
42,CASH_IN,8837.99,C1156287,41814.93,32976.94,C7979148,10411.78,19249.77,0
42,CASH_OUT,10218.08,C4226067,96414.96,86196.88,C6889195,81544.61,91762.69,0
42,CASH_IN,31683.74,C3427461,92561.6,60877.86,C5200476,439568.97,471252.71,0
42,DEBIT,42177.96,C4335942,99109.78,56931.82,C7542890,403334.3,445512.26,0
42,CASH_IN,43682.49,C7425184,76358.41,32675.92,C3030966,161357.97,205040.46,0
42,PAYMENT,41976.95,C4860745,74790.68,32813.73,M4985095,129307.13,171284.08,0
42,PAYMENT,40130.36,C3427461,40583.38,453.02,M3532644,381011.06,421141.42,0
42,CASH_IN,17017.75,C5449324,67883.62,50865.87,C4607488,227664.64,244682.39,0
42,CASH_OUT,49297.9,C7844947,100932.38,51634.48,C8893693,216819.14,266117.04,0
42,CASH_IN,30568.41,C2408404,32208.52,1640.11,C1157662,350398.11,380966.52,0
42,DEBIT,35017.0,C2166941,93441.21,58424.21,C2255409,42501.77,77518.77,0
42,CASH_OUT,31065.06,C1120642,33696.75,2631.69,C1352896,379358.77,410423.83,0
42,CASH_IN,13042.89,C8225725,46715.12,33672.23,C5191056,240217.23,253260.12,0
42,CASH_OUT,20947.38,C2686548,86209.3,65261.92,C2867825,38286.79,59234.17,0
42,CASH_IN,21124.65,C7350753,59560.59,38435.94,C2016911,331093.19,352217.84,0
42,CASH_OUT,28153.13,C7705490,56561.79,28408.66,C8212326,103743.59,131896.72,0
42,CASH_OUT,30538.71,C6680114,82251.0,51712.29,C4026879,9323.27,39861.98,0
42,CASH_OUT,16217.01,C6770619,94370.99,78153.98,C8875173,204264.25,220481.26,0
42,CASH_IN,39551.48,C3670226,73867.05,34315.57,C2932227,22780.57,62332.05,0
42,CASH_OUT,45063.04,C8245685,52273.14,7210.1,C6680114,415719.39,460782.43,0
42,TRANSFER,44976.44,C6442103,75042.71,30066.27,C7774229,16646.26,61622.7,1
42,PAYMENT,49017.08,C4589533,81389.69,32372.61,M3508522,352862.68,401879.76,0
42,DEBIT,21397.35,C8896868,108851.79,87454.44,C1674975,150427.25,171824.6,0
43,PAYMENT,31462.96,C8030010,96145.46,64682.5,M1642620,286485.12,317948.08,0
43,DEBIT,42973.98,C9877065,62560.21,19586.23,C9312590,256074.46,299048.44,0
43,TRANSFER,957.08,C1527021,77935.13,76978.05,C4226067,425076.94,426034.02,0
43,TRANSFER,21969.35,C1102438,82077.57,60108.22,C8893693,42029.58,63998.93,0
43,CASH_IN,32429.62,C5108603,96699.66,64270.04,C8799287,251857.54,284287.16,0
43,CASH_OUT,7380.01,C5436878,42407.82,35027.81,C6797629,188023.92,195403.93,0
43,DEBIT,2448.15,C8640615,35202.94,32754.79,C8630712,73340.49,75788.64,0
43,TRANSFER,37370.42,C2221854,67774.88,30404.46,C6639317,140629.46,177999.88,0
43,CASH_IN,12915.67,C4645180,87636.51,74720.84,C9706768,359365.41,372281.08,0
43,TRANSFER,5256.53,C8973915,24874.16,19617.63,C2548511,185391.89,190648.42,0
43,DEBIT,4447.98,C1790481,92727.51,88279.53,C3442255,419099.23,423547.21,0
43,DEBIT,15079.64,C1547605,61234.72,46155.08,C5195951,214003.82,229083.46,0
43,DEBIT,44510.71,C2477398,138830.81,94320.1,C8048838,222248.09,266758.8,0
43,CASH_OUT,34834.05,C8460758,126317.06,91483.01,C7979148,302726.76,337560.81,0
43,DEBIT,13255.66,C2060605,74583.23,61327.57,C2532210,342069.17,355324.83,0
43,TRANSFER,47048.04,C3276065,60881.77,13833.73,C1205779,177070.8,224118.84,1
43,DEBIT,39362.7,C3728882,86982.52,47619.82,C3563646,232865.47,272228.17,0
43,CASH_IN,23771.24,C2694522,110983.17,87211.93,C8072684,11263.69,35034.93,0
43,DEBIT,21068.31,C1044891,51880.85,30812.54,C6672134,222576.08,243644.39,0
43,TRANSFER,14909.4,C7693979,90347.51,75438.11,C6902401,383265.37,398174.77,0
43,TRANSFER,2979.15,C9398441,67314.12,64334.97,C8755439,23255.65,26234.8,0
43,CASH_OUT,36926.36,C5089126,76769.16,39842.8,C6407658,362986.26,399912.62,0
43,TRANSFER,12115.99,C7076506,46456.52,34340.53,C6483562,262666.87,274782.86,0
43,CASH_OUT,32738.16,C4918527,57338.34,24600.18,C3783722,476915.55,509653.71,0
43,TRANSFER,43247.31,C5456272,86231.04,42983.73,C9526867,15945.84,59193.15,0
43,PAYMENT,43086.43,C7730428,89727.93,46641.5,M2038068,427733.6,470820.03,0
43,CASH_IN,36845.76,C2161193,110406.99,73561.23,C2785277,407466.38,444312.14,0
43,CASH_IN,49480.1,C8132648,57259.76,7779.66,C5006492,300003.52,349483.62,0
43,CASH_IN,25098.19,C3037191,124460.03,99361.84,C7191135,43381.82,68480.01,0
43,PAYMENT,34145.54,C5545223,55649.18,21503.64,M4767135,480830.81,514976.35,0
43,CASH_OUT,20095.63,C7264956,93112.25,73016.62,C5936453,235191.92,255287.55,0
43,DEBIT,46166.61,C7084862,97278.78,51112.17,C8922533,334464.79,380631.4,0
43,CASH_OUT,36030.15,C8610913,76019.68,39989.53,C9526867,325449.25,361479.4,0
43,DEBIT,27382.53,C6752576,101419.94,74037.41,C2622631,356007.4,383389.93,0
43,CASH_OUT,20211.76,C4840714,72887.17,52675.41,C6770619,309412.08,329623.84,0
43,CASH_OUT,35919.27,C9130188,36280.16,360.89,C5652512,90240.33,126159.6,0
43,TRANSFER,24824.02,C7217147,56378.59,31554.57,C5437923,419087.95,443911.97,0
43,TRANSFER,31160.86,C7425184,122623.44,91462.58,C6866294,33542.67,64703.53,0
43,PAYMENT,17734.12,C8640615,70927.53,53193.41,M9393009,188048.22,205782.34,0
43,CASH_OUT,24232.83,C3851852,45554.23,21321.4,C7975534,295390.39,319623.22,0
43,PAYMENT,12673.99,C9264869,29439.95,16765.96,M3144023,227603.59,240277.58,0
43,CASH_OUT,41382.41,C3341057,74113.85,32731.44,C9580255,131227.81,172610.22,1
43,TRANSFER,45817.03,C8795419,93902.11,48085.08,C3592464,112830.16,158647.19,0
43,PAYMENT,26868.16,C9537455,57877.54,31009.38,M4925917,433532.04,460400.2,0
43,DEBIT,23958.51,C2651177,32975.77,9017.26,C4526280,101777.88,125736.39,0
43,CASH_OUT,3826.98,C9580255,17962.4,14135.42,C8038374,257058.36,260885.34,0
43,TRANSFER,13384.11,C9125900,66835.28,53451.17,C5545223,39267.4,52651.51,0
43,TRANSFER,47543.8,C7010308,84011.79,36467.99,C6060517,83893.77,131437.57,1
43,CASH_IN,30119.85,C2429098,111004.44,80884.59,C5418934,261257.24,291377.09,0
43,PAYMENT,45834.52,C7689582,78863.73,33029.21,M2696860,403825.53,449660.05,0
43,PAYMENT,18845.72,C7982241,40358.94,21513.22,M3456926,102767.01,121612.73,0
43,PAYMENT,29383.96,C2561176,105604.42,76220.46,M1318832,285969.84,315353.8,0
43,CASH_IN,44577.51,C3396987,143852.76,99275.25,C5924115,480258.67,524836.18,0
43,PAYMENT,40958.02,C7906258,66869.59,25911.57,M2264218,351788.71,392746.73,0
43,TRANSFER,15594.72,C2262382,84508.46,68913.74,C5191056,438150.78,453745.5,0
43,CASH_IN,23170.88,C7838382,107212.53,84041.65,C9877065,367752.76,390923.64,0
43,PAYMENT,8677.71,C8628891,24151.47,15473.76,M5227787,452301.35,460979.06,0
43,CASH_OUT,4542.99,C5672073,76915.9,72372.91,C6407373,44060.54,48603.53,0
43,TRANSFER,4201.53,C8883823,23779.25,19577.72,C4771676,26986.92,31188.45,0
43,PAYMENT,16043.18,C6279418,21931.79,5888.61,M3972018,153655.92,169699.1,0
43,PAYMENT,22494.51,C8990081,89666.37,67171.86,M9393009,49904.14,72398.65,0
43,PAYMENT,30835.78,C7970771,92226.92,61391.14,M6733317,151539.59,182375.37,0
43,CASH_OUT,15995.14,C5587308,39733.23,23738.09,C7878299,400110.04,416105.18,0
43,CASH_OUT,49397.79,C5334434,127706.34,78308.55,C9910817,370991.24,420389.03,1
43,CASH_IN,4923.04,C9537455,39047.36,34124.32,C8890439,27538.2,32461.24,0
43,CASH_OUT,34224.95,C5191056,76160.05,41935.1,C1768805,52320.77,86545.72,0
43,DEBIT,49110.3,C2530793,50837.24,1726.94,C8106470,447585.77,496696.07,0
43,CASH_IN,31826.05,C3138181,45225.81,13399.76,C9191131,370026.71,401852.76,0
43,DEBIT,26782.01,C3493017,119287.53,92505.52,C7224540,75972.48,102754.49,0
43,PAYMENT,31644.66,C1624315,124431.73,92787.07,M4024309,201054.22,232698.88,0
43,DEBIT,41784.55,C4569164,137244.9,95460.35,C6837817,15238.5,57023.05,0
43,TRANSFER,31575.05,C8789116,111538.15,79963.1,C4794319,354208.21,385783.26,0
43,PAYMENT,566.01,C4569164,14481.24,13915.23,M1630944,399826.48,400392.49,0
43,CASH_OUT,24618.91,C6304573,87348.64,62729.73,C8215376,24578.16,49197.07,0
43,TRANSFER,7903.45,C3871230,103919.76,96016.31,C9279821,330504.08,338407.53,0
43,CASH_OUT,27947.25,C4922880,53356.11,25408.86,C4426900,95687.3,123634.55,0
43,DEBIT,46964.39,C2795765,55801.62,8837.23,C2664863,167338.56,214302.95,0
43,PAYMENT,16565.82,C7017548,87215.52,70649.7,M8416270,73709.93,90275.75,0
43,CASH_IN,19977.69,C9249789,48781.3,28803.61,C8187926,14339.96,34317.65,0
43,TRANSFER,13114.75,C6790218,97834.59,84719.84,C5743227,443204.44,456319.19,0
43,CASH_OUT,22563.25,C3037191,26729.05,4165.8,C2242892,289785.91,312349.16,0
43,CASH_OUT,43532.53,C7520395,94038.48,50505.95,C6719285,217825.79,261358.32,0
43,CASH_OUT,10219.84,C7897151,43142.73,32922.89,C5234550,420498.82,430718.66,0
43,DEBIT,40264.9,C2788238,96151.3,55886.4,C8628891,265421.56,305686.46,0
43,CASH_IN,22145.45,C8885465,64702.25,42556.8,C8427625,491268.06,513413.51,0
43,CASH_IN,31175.78,C2351868,51776.14,20600.36,C8099076,329500.95,360676.73,0
43,PAYMENT,20840.36,C5374922,105174.95,84334.59,M8309439,11515.05,32355.41,0
43,PAYMENT,49614.59,C2173965,87833.65,38219.06,M5000351,461052.46,510667.05,0
43,DEBIT,41537.09,C2921542,131792.17,90255.08,C7014016,39820.75,81357.84,0
43,CASH_IN,30773.78,C1775337,32441.41,1667.63,C8438733,164635.49,195409.27,0
43,CASH_OUT,42843.33,C6512314,115828.6,72985.27,C4106298,280059.74,322903.07,0
43,CASH_IN,14499.52,C9852897,40461.07,25961.55,C2344047,404439.54,418939.06,0
43,PAYMENT,47852.09,C5013879,91902.07,44049.98,M2585546,280397.13,328249.22,0
43,CASH_IN,17926.77,C6944126,65349.98,47423.21,C5089126,319802.36,337729.13,0
43,CASH_IN,16575.74,C8132769,82326.54,65750.8,C2375453,196921.6,213497.34,0
43,PAYMENT,40393.34,C3141239,116307.26,75913.92,M6625238,202006.05,242399.39,0
43,CASH_IN,37413.25,C6702160,75413.03,37999.78,C1914794,330414.77,367828.02,0
43,CASH_IN,44547.04,C3086308,110902.01,66354.97,C2829622,436318.8,480865.84,0
43,TRANSFER,26281.6,C7817881,116388.61,90107.01,C4716988,380068.28,406349.88,0
43,PAYMENT,26351.85,C5394880,63703.51,37351.66,M8763013,20867.21,47219.06,0
44,CASH_IN,25716.82,C1621086,98466.13,72749.31,C8583392,340754.18,366471.0,0
44,DEBIT,24253.07,C8663605,74491.25,50238.18,C4713925,305405.92,329658.99,0
44,DEBIT,13934.31,C8575834,61897.31,47963.0,C5093379,134400.41,148334.72,0
44,CASH_OUT,28730.86,C1485753,62203.16,33472.3,C8395785,39674.71,68405.57,0
44,CASH_OUT,31812.56,C4860684,64050.28,32237.72,C6481437,172306.46,204119.02,0
44,CASH_OUT,29989.02,C7194416,99991.04,70002.02,C8610879,244272.36,274261.38,0
44,CASH_IN,35429.79,C3815034,132126.59,96696.8,C5672073,32185.01,67614.8,0
44,CASH_OUT,48536.92,C5835492,91391.16,42854.24,C2876932,161615.27,210152.19,1
44,PAYMENT,39497.55,C2817745,65214.74,25717.19,M7171347,112009.87,151507.42,0
44,CASH_IN,20318.9,C5545223,97069.21,76750.31,C8973915,389324.86,409643.76,0
44,DEBIT,15540.92,C7550190,59600.89,44059.97,C4769851,299425.88,314966.8,0
44,TRANSFER,46768.91,C4335942,103341.36,56572.45,C2065818,103272.45,150041.36,0
44,TRANSFER,3060.67,C3762152,81489.01,78428.34,C4415140,418561.81,421622.48,0
44,PAYMENT,37932.46,C4816534,85472.46,47540.0,M3408819,319650.7,357583.16,0
44,TRANSFER,46099.02,C2795765,98531.57,52432.55,C2375453,379662.27,425761.29,0
44,TRANSFER,15272.43,C7917152,53429.47,38157.04,C3217273,276648.61,291921.04,0
44,CASH_IN,31425.19,C7783308,96915.87,65490.68,C2347467,24657.35,56082.54,0
44,PAYMENT,40225.17,C9209880,67684.6,27459.43,M6791039,396816.94,437042.11,0
44,TRANSFER,45500.37,C8608449,52699.32,7198.95,C1499914,427166.12,472666.49,0
44,DEBIT,37390.07,C4840714,77303.26,39913.19,C7010308,493382.28,530772.35,0
44,DEBIT,5225.3,C9767312,31346.77,26121.47,C4256752,208414.43,213639.73,0
44,PAYMENT,17259.07,C6228407,106508.69,89249.62,M6587964,20451.45,37710.52,0
44,DEBIT,24232.94,C1325197,87532.15,63299.21,C4769851,68893.06,93126.0,0
44,TRANSFER,2413.41,C3118618,41922.18,39508.77,C8418210,348381.97,350795.38,0
44,CASH_OUT,31206.3,C3710343,91136.38,59930.08,C7818496,76578.5,107784.8,0
44,CASH_IN,41052.37,C6123430,85497.12,44444.75,C5089126,313268.69,354321.06,0
44,TRANSFER,40152.95,C2198058,57224.2,17071.25,C5137722,42745.66,82898.61,0
44,CASH_OUT,48492.8,C7442089,73082.81,24590.01,C5276341,9805.09,58297.89,0
44,CASH_OUT,43738.85,C8217547,52672.93,8934.08,C7199635,79357.44,123096.29,1
44,CASH_OUT,10885.03,C8344375,58654.28,47769.25,C5832327,255999.25,266884.28,0
44,CASH_OUT,37421.93,C3341057,93539.8,56117.87,C1941524,388380.77,425802.7,0
44,PAYMENT,41561.16,C2429098,108191.53,66630.37,M7378822,446855.3,488416.46,0
44,CASH_IN,46908.54,C3592464,92517.02,45608.48,C9197443,187322.15,234230.69,0
44,PAYMENT,7667.31,C2921542,17265.04,9597.73,M1878547,153409.48,161076.79,0
44,TRANSFER,16959.27,C3351868,108724.56,91765.29,C8387112,309956.25,326915.52,0
44,TRANSFER,26005.47,C4470105,104067.82,78062.35,C6595355,168172.05,194177.52,0
44,CASH_IN,23798.68,C5821419,67235.99,43437.31,C1771600,189617.67,213416.35,0
44,CASH_OUT,29121.62,C7730428,30995.82,1874.2,C9418719,163071.82,192193.44,0
44,CASH_IN,13173.57,C6623525,35439.08,22265.51,C9667566,382917.52,396091.09,0
44,CASH_IN,23542.82,C7232293,57171.38,33628.56,C5673212,205263.61,228806.43,0
44,CASH_IN,8744.32,C6075395,91751.16,83006.84,C3341057,132815.74,141560.06,0
44,CASH_IN,42931.2,C5476583,83422.73,40491.53,C7667458,474730.78,517661.98,0
44,TRANSFER,14929.92,C8633773,35980.83,21050.91,C9767312,296871.18,311801.1,0
44,DEBIT,6258.22,C7402509,17237.2,10978.98,C1790481,474873.32,481131.54,0
44,CASH_OUT,23122.56,C8481188,84578.72,61456.16,C1212267,131415.32,154537.88,0
44,PAYMENT,40934.17,C4551070,89309.83,48375.66,M4618086,86474.39,127408.56,0
44,CASH_OUT,23420.24,C9264869,63549.33,40129.09,C6716097,51931.2,75351.44,0
44,CASH_OUT,13525.47,C2515030,23048.54,9523.07,C5031966,266983.62,280509.09,0
44,CASH_OUT,23384.97,C7191135,47163.7,23778.73,C5641923,72283.67,95668.64,0
44,CASH_OUT,48337.24,C2010496,50102.53,1765.29,C7942639,387623.5,435960.74,0
44,CASH_OUT,24304.36,C4050766,60516.9,36212.54,C2515030,250792.56,275096.92,0
44,DEBIT,20128.57,C8175395,97469.81,77341.24,C8062546,131245.71,151374.28,0
44,PAYMENT,38836.97,C7435505,62670.59,23833.62,M4253164,370831.76,409668.73,0
44,CASH_OUT,22207.54,C9293086,68708.94,46501.4,C8707870,125811.34,148018.88,0
44,CASH_IN,49854.59,C1485654,75303.13,25448.54,C2016911,489536.26,539390.85,0
44,CASH_IN,24462.1,C7534336,36910.66,12448.56,C8713146,174649.74,199111.84,0
44,CASH_OUT,28599.56,C5443951,99886.35,71286.79,C3112652,249656.86,278256.42,0
44,CASH_OUT,18649.44,C2563790,30915.56,12266.12,C7730428,12699.14,31348.58,0
44,CASH_IN,41234.04,C8077999,49017.35,7783.31,C3094235,173967.3,215201.34,0
44,PAYMENT,32956.08,C4567281,76789.02,43832.94,M2306317,17632.95,50589.03,0
44,DEBIT,23006.0,C1675419,26350.36,3344.36,C5487028,271498.01,294504.01,0
44,CASH_IN,8913.12,C3923366,40294.73,31381.61,C7784725,48933.4,57846.52,0
44,TRANSFER,5501.0,C2000560,86543.23,81042.23,C4043480,118175.36,123676.36,0
44,CASH_IN,38534.82,C7208460,83051.78,44516.96,C6338112,338427.96,376962.78,0
44,CASH_OUT,49910.74,C6569946,149896.46,99985.72,C4785186,184007.21,233917.95,0
44,CASH_OUT,35164.52,C7970771,84069.5,48904.98,C3320821,227227.29,262391.81,0
44,TRANSFER,26703.58,C5107776,104612.62,77909.04,C1520596,483519.33,510222.91,0
44,TRANSFER,40044.26,C3790237,101253.44,61209.18,C6539837,37205.33,77249.59,1
44,CASH_IN,23410.1,C9234615,72659.99,49249.89,C7817881,154878.0,178288.1,0
44,CASH_IN,11343.28,C3583206,42708.1,31364.82,C8658158,356133.74,367477.02,0
44,CASH_IN,20708.18,C3710343,72724.19,52016.01,C1873851,11173.34,31881.52,0
44,PAYMENT,33213.01,C5283671,113672.28,80459.27,M8581856,387089.7,420302.71,0
44,DEBIT,42175.61,C8245685,81158.8,38983.19,C3194789,12594.94,54770.55,0
44,TRANSFER,48715.73,C3503120,143574.08,94858.35,C9996207,334694.23,383409.96,1
44,DEBIT,40490.81,C7360682,54639.86,14149.05,C5041154,253289.94,293780.75,0
44,CASH_IN,19523.11,C8043620,28369.18,8846.07,C8434500,63127.89,82651.0,0
44,TRANSFER,47846.13,C3726327,74231.54,26385.41,C6229731,328837.41,376683.54,0
44,TRANSFER,40257.15,C2191066,98815.24,58558.09,C9075854,394859.05,435116.2,0
44,TRANSFER,42146.67,C9667566,139821.24,97674.57,C7069650,379389.54,421536.21,0
44,CASH_OUT,31462.56,C5002120,122933.92,91471.36,C9706768,350033.24,381495.8,0
44,TRANSFER,18745.49,C6902401,47386.51,28641.02,C7296605,38205.46,56950.95,0
44,CASH_IN,4886.81,C2066326,13419.62,8532.81,C3503120,191023.26,195910.07,0
44,DEBIT,9387.14,C8707870,23825.59,14438.45,C5235884,103038.77,112425.91,0
44,CASH_IN,5022.36,C7953166,88772.49,83750.13,C1485654,361138.52,366160.88,0
44,CASH_IN,15052.4,C8526486,92911.83,77859.43,C1727544,139729.16,154781.56,0
44,DEBIT,46955.59,C4048907,114031.66,67076.07,C7850944,82906.25,129861.84,0
44,PAYMENT,13059.16,C1047572,32891.79,19832.63,M7450545,161821.59,174880.75,0
44,PAYMENT,44971.02,C1036161,89262.61,44291.59,M3910830,270851.33,315822.35,0
44,DEBIT,580.78,C5108603,48749.11,48168.33,C7216461,388855.37,389436.15,0
44,CASH_OUT,23440.95,C5311242,96672.41,73231.46,C9548432,5283.55,28724.5,0
44,DEBIT,33073.4,C9084065,43914.14,10840.74,C7668663,271731.54,304804.94,0
44,DEBIT,18867.05,C5200476,67185.34,48318.29,C3341057,327102.85,345969.9,0
44,PAYMENT,31829.07,C2818692,81727.84,49898.77,M7661748,20898.32,52727.39,0
44,CASH_IN,26182.39,C1358318,82273.81,56091.42,C9363326,328385.34,354567.73,0
44,PAYMENT,25055.18,C5487028,29526.79,4471.61,M2244712,443024.11,468079.29,0
44,TRANSFER,19362.26,C8563202,98946.79,79584.53,C4010529,128351.3,147713.56,0
44,DEBIT,23368.74,C7728339,63496.54,40127.8,C1987737,161450.64,184819.38,0
44,TRANSFER,30465.21,C2322047,108927.95,78462.74,C1615675,125086.32,155551.53,0
44,CASH_IN,1669.19,C6932391,66186.48,64517.29,C4785186,114734.03,116403.22,0
44,TRANSFER,16821.29,C3597059,85088.99,68267.7,C4020853,61691.41,78512.7,0
45,PAYMENT,36872.27,C1433940,94259.09,57386.82,M8669093,93914.1,130786.37,0
45,CASH_IN,7118.65,C1019311,102567.12,95448.47,C4979651,231185.77,238304.42,0
45,TRANSFER,5902.11,C5901239,12600.58,6698.47,C9002392,124484.11,130386.22,0
45,DEBIT,36433.99,C2242892,76586.9,40152.91,C7417985,1723.64,38157.63,0
45,TRANSFER,5662.95,C7166651,60703.24,55040.29,C2694522,255022.03,260684.98,0
45,CASH_OUT,39635.44,C3049499,53791.9,14156.46,C1109031,421521.18,461156.62,0
45,CASH_IN,11602.93,C8863447,34681.97,23079.04,C3117143,251742.79,263345.72,0
45,CASH_OUT,9614.29,C2191066,50439.65,40825.36,C8078673,224317.26,233931.55,0
45,CASH_OUT,42565.64,C7138070,76372.83,33807.19,C2561176,126860.58,169426.22,0
45,CASH_OUT,6114.67,C4524499,36540.49,30425.82,C4860684,453673.09,459787.76,0
45,PAYMENT,7535.59,C2355439,26475.42,18939.83,M8763013,285678.4,293213.99,0
45,CASH_OUT,25666.23,C7311494,82292.37,56626.14,C3760597,5967.22,31633.45,0
45,TRANSFER,16950.35,C3401116,66228.54,49278.19,C8526486,246472.11,263422.46,0
45,DEBIT,34965.95,C4305700,69505.92,34539.97,C8755439,250158.51,285124.46,0
45,PAYMENT,44663.65,C5334434,57620.6,12956.95,M1129686,455038.06,499701.71,0
45,DEBIT,250.59,C6944126,25587.59,25337.0,C7933143,404575.68,404826.27,0
45,CASH_IN,29533.93,C2422633,74355.73,44821.8,C4879923,279307.78,308841.71,0
45,PAYMENT,37805.15,C9349470,83555.66,45750.51,M7111929,432834.7,470639.85,0
45,DEBIT,42886.86,C8536477,70868.39,27981.53,C2477398,155082.0,197968.86,0
45,CASH_IN,39953.91,C8736811,124229.76,84275.85,C5013879,319526.38,359480.29,0
45,DEBIT,38017.61,C7073292,60597.44,22579.83,C9468772,132098.33,170115.94,0
45,DEBIT,37423.36,C3937176,128664.25,91240.89,C9235577,491816.44,529239.8,0
45,CASH_OUT,49727.3,C7722755,127675.46,77948.16,C1981186,151097.34,200824.64,1
45,CASH_IN,42940.67,C5334434,115476.85,72536.18,C1602286,108608.28,151548.95,0
45,PAYMENT,27074.65,C2987287,29028.02,1953.37,M7320310,170452.59,197527.24,0
45,CASH_OUT,8118.27,C8852574,67553.42,59435.15,C8736811,424355.01,432473.28,0
45,CASH_OUT,40883.25,C7358385,82238.91,41355.66,C5951131,58683.5,99566.75,1
45,DEBIT,47668.62,C5584716,86889.09,39220.47,C3294774,440556.42,488225.04,0
45,CASH_OUT,14503.6,C5440025,48645.65,34142.05,C9125900,74929.03,89432.63,0
45,CASH_IN,39514.54,C5641923,78254.66,38740.12,C3726327,288307.6,327822.14,0
45,CASH_OUT,25350.43,C6871360,101171.61,75821.18,C4905582,289985.0,315335.43,0
45,CASH_IN,25378.46,C9249789,111205.61,85827.15,C1264762,370821.5,396199.96,0
45,PAYMENT,42144.12,C4044882,134361.01,92216.89,M4309671,476928.91,519073.03,0
45,DEBIT,3393.29,C2151087,96542.09,93148.8,C8670955,390893.88,394287.17,0
45,DEBIT,1698.16,C2686231,90735.22,89037.06,C4816586,219516.44,221214.6,0
45,CASH_OUT,23424.69,C8801207,79924.77,56500.08,C9089795,412707.25,436131.94,0
45,TRANSFER,18818.66,C6069909,77744.62,58925.96,C1135861,439670.87,458489.53,0
45,DEBIT,3497.26,C6543670,98132.51,94635.25,C2871534,379644.69,383141.95,0
45,CASH_OUT,6168.9,C7689582,23408.03,17239.13,C7328534,330344.44,336513.34,0
45,PAYMENT,20349.26,C1415846,40520.88,20171.62,M7105194,115914.14,136263.4,0
45,TRANSFER,2603.77,C3253031,64282.03,61678.26,C2221854,464536.91,467140.68,0
45,CASH_OUT,14003.35,C1768805,95442.88,81439.53,C6213522,444798.5,458801.85,0
45,DEBIT,28304.28,C8190929,96309.37,68005.09,C6323376,1153.06,29457.34,0
45,CASH_IN,17196.05,C7640184,51298.4,34102.35,C8315831,268842.87,286038.92,0
45,DEBIT,16162.7,C8351517,25197.1,9034.4,C1170307,252924.16,269086.86,0
45,TRANSFER,24124.89,C3564251,102671.88,78546.99,C7366205,430742.94,454867.83,0
45,CASH_OUT,12697.88,C8159911,41424.72,28726.84,C8389840,239438.23,252136.11,0
45,CASH_OUT,12277.99,C1981186,75453.11,63175.12,C3403361,382334.35,394612.34,0
45,CASH_IN,39167.3,C9961107,75378.3,36211.0,C3970445,481542.77,520710.07,0
45,TRANSFER,26475.07,C4903402,51233.2,24758.13,C9123504,222033.19,248508.26,0
45,CASH_OUT,48531.44,C2000560,128602.88,80071.44,C9235577,239835.64,288367.08,0
45,DEBIT,27536.92,C5921894,67225.66,39688.74,C3488628,339367.78,366904.7,0
45,PAYMENT,11441.96,C5456272,23676.29,12234.33,M6861544,443856.89,455298.85,0
45,DEBIT,1718.79,C6944126,57737.06,56018.27,C2686548,482229.03,483947.82,0
45,TRANSFER,47571.51,C6701311,101566.07,53994.56,C6033115,235987.67,283559.18,0
45,DEBIT,7982.38,C2151087,28280.65,20298.27,C6069909,398790.52,406772.9,0
45,PAYMENT,12587.4,C3500715,69325.79,56738.39,M7485471,398601.78,411189.18,0
45,TRANSFER,28818.1,C5785687,120389.45,91571.35,C1661401,288718.73,317536.83,0
45,CASH_OUT,15027.85,C1621086,38473.33,23445.48,C8038374,380120.86,395148.71,0
45,CASH_IN,27839.83,C4903402,28288.74,448.91,C6910964,162090.7,189930.53,0
45,PAYMENT,8948.08,C7136687,42795.62,33847.54,M5767195,39644.0,48592.08,0
45,PAYMENT,7365.51,C8210624,15592.42,8226.91,M2425342,443723.49,451089.0,0
45,CASH_OUT,14884.9,C1341919,54719.78,39834.88,C6159230,264913.65,279798.55,0
45,CASH_IN,6883.08,C5041154,93727.45,86844.37,C5924115,134530.07,141413.15,0
45,DEBIT,6589.09,C5953150,71612.49,65023.4,C4867786,8953.22,15542.31,0
45,PAYMENT,17782.03,C9361353,62513.68,44731.65,M9646569,137887.47,155669.5,0
45,PAYMENT,11498.29,C8350368,59626.44,48128.15,M1128967,454273.82,465772.11,0
45,CASH_OUT,14624.81,C2232969,34791.13,20166.32,C7462506,286432.45,301057.26,0
45,CASH_OUT,25389.35,C4922880,115598.04,90208.69,C1131249,344397.24,369786.59,0
45,TRANSFER,19900.84,C1109031,24798.28,4897.44,C3551903,43962.27,63863.11,0
45,CASH_OUT,16785.29,C3194789,30243.51,13458.22,C3670226,242713.28,259498.57,0
45,CASH_OUT,37078.92,C9826250,87095.68,50016.76,C3545556,49861.51,86940.43,0
45,DEBIT,358.3,C2000560,72594.99,72236.69,C7700828,282748.14,283106.44,0
45,DEBIT,30469.13,C9084065,33240.01,2770.88,C8670955,64563.29,95032.42,0
45,PAYMENT,28577.15,C9548432,113415.73,84838.58,M1349914,77368.7,105945.85,0
45,CASH_OUT,6325.13,C6323376,103278.27,96953.14,C9196204,224981.64,231306.77,0
45,PAYMENT,41568.72,C4026879,116963.8,75395.08,M6422534,292745.29,334314.01,0
45,CASH_IN,8084.65,C2264748,61637.27,53552.62,C2429098,468954.29,477038.94,0
45,CASH_OUT,45725.13,C3011363,88660.76,42935.63,C9683481,105506.3,151231.43,0
45,DEBIT,4173.26,C7817881,94577.04,90403.78,C3094235,233322.76,237496.02,0
45,DEBIT,15142.17,C7358113,106616.2,91474.03,C9234615,149513.36,164655.53,0
45,DEBIT,41338.03,C7311494,57183.16,15845.13,C3290229,65143.02,106481.05,0
45,CASH_IN,3995.62,C5614002,73305.68,69310.06,C2351868,88908.62,92904.24,0
45,CASH_IN,47623.96,C5801541,71187.4,23563.44,C9911492,462002.13,509626.09,0
45,DEBIT,35416.92,C5195951,52602.03,17185.11,C7138070,375748.1,411165.02,0
45,CASH_OUT,9571.55,C9667566,72538.01,62966.46,C6472441,171303.93,180875.48,0
45,CASH_OUT,31135.57,C4342306,80676.31,49540.74,C4442778,301800.65,332936.22,0
45,DEBIT,18101.54,C3762152,108501.9,90400.36,C1861958,376341.67,394443.21,0
45,CASH_OUT,11147.8,C3112652,94639.58,83491.78,C5408072,306691.67,317839.47,0
45,CASH_IN,2353.29,C9910914,95162.87,92809.58,C1520596,323637.04,325990.33,0
45,CASH_OUT,6276.8,C6910964,92691.2,86414.4,C2539438,480504.38,486781.18,0
45,PAYMENT,36052.54,C2738129,37000.92,948.38,M3663319,32907.76,68960.3,0
45,CASH_OUT,24151.63,C6481437,36896.11,12744.48,C1043037,439490.56,463642.19,0
45,DEBIT,19103.33,C5098412,55700.07,36596.74,C1666754,296949.68,316053.01,0
45,PAYMENT,11048.98,C5348512,70592.26,59543.28,M1919088,42264.29,53313.27,0
45,CASH_OUT,46148.4,C3997281,114025.39,67876.99,C3351868,74154.24,120302.64,1
45,PAYMENT,37609.58,C5453786,77209.78,39600.2,M4309671,455721.33,493330.91,0
45,CASH_OUT,24572.2,C4010529,81729.99,57157.79,C4165061,393979.75,418551.95,0
45,PAYMENT,31710.38,C3475548,44297.75,12587.37,M6761929,305188.22,336898.6,0
45,TRANSFER,10879.21,C9961299,109384.45,98505.24,C4991829,136448.69,147327.9,0
46,CASH_OUT,8187.56,C4026879,71924.71,63737.15,C1522621,417032.05,425219.61,0
46,CASH_OUT,30826.68,C1043037,109578.34,78751.66,C9418719,398625.18,429451.86,0
46,PAYMENT,49147.08,C8030010,128111.47,78964.39,M9148051,83082.04,132229.12,0
46,TRANSFER,37090.28,C7398231,77358.68,40268.4,C5558623,5298.89,42389.17,0
46,TRANSFER,7171.04,C2006313,64635.98,57464.94,C2622631,351585.5,358756.54,0
46,PAYMENT,21621.87,C9349470,28377.24,6755.37,M8452417,420355.53,441977.4,0
46,CASH_OUT,15062.29,C3937176,63951.34,48889.05,C8610879,421017.34,436079.63,0
46,CASH_OUT,15911.76,C5218028,33515.37,17603.61,C1689025,124292.15,140203.91,0
46,DEBIT,30965.97,C5437001,104436.71,73470.74,C4337174,221437.32,252403.29,0
46,CASH_OUT,40573.13,C1873851,63036.51,22463.38,C6873938,98226.46,138799.59,0
46,CASH_IN,20018.27,C3094235,51964.74,31946.47,C2921542,106005.84,126024.11,0
46,CASH_IN,43257.67,C8558378,94596.09,51338.42,C6866294,278967.96,322225.63,0
46,TRANSFER,16725.35,C7751158,99448.9,82723.55,C6009888,412997.71,429723.06,0
46,PAYMENT,44597.91,C7381734,138023.29,93425.38,M9148051,116221.73,160819.64,0
46,CASH_OUT,12435.12,C3846949,30513.97,18078.85,C7455324,115001.39,127436.51,0
46,CASH_OUT,5082.53,C2164686,34394.56,29312.03,C1059486,237826.56,242909.09,0
46,CASH_OUT,1091.72,C4762204,38522.54,37430.82,C1522621,357289.69,358381.41,0
46,DEBIT,7872.55,C7838382,42556.62,34684.07,C8550917,162098.33,169970.88,0
46,PAYMENT,19994.06,C1666754,102144.0,82149.94,M8545279,163326.78,183320.84,0
46,PAYMENT,24378.81,C5076817,119099.8,94720.99,M4800761,162133.09,186511.9,0
46,DEBIT,2716.41,C8890439,30054.69,27338.28,C5218028,76156.31,78872.72,0
46,CASH_OUT,47315.7,C4147112,54436.34,7120.64,C1170307,296865.63,344181.33,1
46,CASH_OUT,42793.99,C6033115,66051.01,23257.02,C4231028,400392.19,443186.18,1
46,DEBIT,38537.03,C6229731,122985.08,84448.05,C4194548,411147.77,449684.8,0
46,CASH_OUT,45171.9,C2010496,118094.5,72922.6,C1842524,155030.19,200202.09,0
46,PAYMENT,30827.36,C4860745,64145.52,33318.16,M7785090,248606.19,279433.55,0
46,CASH_OUT,17903.54,C9519948,61127.81,43224.27,C7933143,115307.05,133210.59,0
46,CASH_IN,31593.86,C6033115,72551.82,40957.96,C3747534,8724.71,40318.57,0
46,DEBIT,6025.03,C7435505,90562.62,84537.59,C8688755,37216.74,43241.77,0
46,CASH_IN,32860.09,C7878299,64454.36,31594.27,C2351868,4629.07,37489.16,0
46,PAYMENT,22915.49,C5446912,27069.04,4153.55,M5227787,76921.37,99836.86,0
46,CASH_OUT,30359.6,C9312590,111227.17,80867.57,C2948178,333822.31,364181.91,0
46,DEBIT,29786.37,C8118722,60393.56,30607.19,C9683481,342919.31,372705.68,0
46,DEBIT,1208.69,C7960607,75724.98,74516.29,C3342608,296430.33,297639.02,0
46,PAYMENT,2216.12,C6825112,75489.54,73273.42,M5012581,424789.56,427005.68,0
46,TRANSFER,29998.79,C2263313,82443.29,52444.5,C5628522,278634.06,308632.85,0
46,CASH_IN,29698.9,C4539704,109623.77,79924.87,C4327421,447915.61,477614.51,0
46,PAYMENT,19299.83,C8816912,71600.1,52300.27,M5000351,203815.89,223115.72,0
46,CASH_IN,23661.88,C9453010,32521.38,8859.5,C3634980,408650.11,432311.99,0
46,CASH_OUT,46630.5,C3320821,109401.55,62771.05,C4486102,330419.18,377049.68,0
46,DEBIT,37939.68,C4716988,75959.03,38019.35,C1701771,88048.61,125988.29,0
46,PAYMENT,611.46,C1162230,16270.76,15659.3,M1893502,888.8,1500.26,0
46,CASH_IN,5621.87,C7076506,21055.65,15433.78,C7288789,96577.71,102199.58,0
46,TRANSFER,17591.73,C6059717,64202.73,46611.0,C1728977,111638.06,129229.79,0
46,PAYMENT,47971.77,C3950888,124836.42,76864.65,M4699685,301830.22,349801.99,0
46,CASH_IN,38014.15,C6719285,75136.99,37122.84,C9089795,320771.62,358785.77,0
46,CASH_OUT,48847.35,C9481739,90012.96,41165.61,C8212326,445849.38,494696.73,1
46,DEBIT,13179.14,C4842788,51070.96,37891.82,C6680114,257551.08,270730.22,0
46,DEBIT,22477.52,C2321324,56240.15,33762.63,C2620082,245711.73,268189.25,0
46,PAYMENT,4209.21,C5691890,47319.94,43110.73,M6181912,175547.14,179756.35,0
46,CASH_IN,39782.31,C7844947,139473.56,99691.25,C9576076,124471.9,164254.21,0
46,PAYMENT,25194.0,C1602286,84051.13,58857.13,M8419020,73274.82,98468.82,0
46,PAYMENT,6743.79,C3923366,49596.01,42852.22,M9531021,379210.87,385954.66,0
46,TRANSFER,12018.92,C9333700,60230.02,48211.1,C2512187,120977.1,132996.02,0
46,TRANSFER,4980.09,C4713925,53083.23,48103.14,C7279729,295951.34,300931.43,0
46,TRANSFER,41984.07,C9147706,70301.2,28317.13,C2349590,240243.26,282227.33,1
46,PAYMENT,7187.43,C1054447,102581.06,95393.63,M8309439,477652.46,484839.89,0
46,CASH_OUT,16857.39,C5855124,116536.15,99678.76,C5418934,147893.7,164751.09,0
46,PAYMENT,25368.97,C6292423,83983.89,58614.92,M2859886,275280.74,300649.71,0
46,TRANSFER,28405.74,C2060605,91515.48,63109.74,C1229419,118450.78,146856.52,0
46,CASH_IN,23920.74,C9234615,33660.41,9739.67,C9706768,107277.56,131198.3,0
46,TRANSFER,39918.72,C5074336,92533.91,52615.19,C7542890,386223.5,426142.22,0
46,PAYMENT,1384.58,C3380261,30489.55,29104.97,M3947669,156435.67,157820.25,0
46,CASH_IN,15367.6,C8795419,64539.46,49171.86,C1728977,486829.12,502196.72,0
46,CASH_OUT,5326.77,C9512969,101504.16,96177.39,C5825620,206388.29,211715.06,0
46,CASH_OUT,20671.48,C8630712,71869.95,51198.47,C1059486,248265.38,268936.86,0
46,TRANSFER,17967.72,C3475548,33643.95,15676.23,C9706768,168411.88,186379.6,0
46,DEBIT,38901.68,C8741810,39319.44,417.76,C8294150,63697.38,102599.06,0
46,PAYMENT,6490.67,C9488613,43718.7,37228.03,M2860421,371779.03,378269.7,0
46,DEBIT,42657.24,C8761611,78599.81,35942.57,C5453786,329647.58,372304.82,0
46,CASH_IN,28197.46,C8187926,38426.36,10228.9,C4551070,258291.37,286488.83,0
46,TRANSFER,38612.42,C5693260,72293.84,33681.42,C6708456,206408.87,245021.29,0
46,DEBIT,2181.79,C8441741,87161.86,84980.07,C4185957,108754.94,110936.73,0
46,TRANSFER,24394.95,C8608449,101527.36,77132.41,C9111742,242957.09,267352.04,0
46,CASH_IN,1691.94,C5276341,81657.68,79965.74,C6837817,208142.1,209834.04,0
46,CASH_OUT,7035.35,C9633492,89948.13,82912.78,C4213524,405156.79,412192.14,0
46,CASH_OUT,15144.28,C8175395,29619.04,14474.76,C2556017,399622.37,414766.65,0
46,CASH_OUT,34707.04,C9196204,88376.15,53669.11,C5579094,418196.07,452903.11,0
46,TRANSFER,36212.1,C4470105,59682.65,23470.55,C8664433,38404.71,74616.81,0
46,CASH_OUT,2087.2,C9852897,93427.18,91339.98,C3762152,15783.09,17870.29,0
46,TRANSFER,19019.15,C2530793,111027.82,92008.67,C2344047,393993.14,413012.29,0
46,CASH_IN,38114.05,C1440466,38754.16,640.11,C5089126,42634.89,80748.94,0
46,CASH_OUT,22715.46,C8231838,79501.55,56786.09,C2630611,372178.58,394894.04,0
46,PAYMENT,40730.99,C5130808,125430.88,84699.89,M3522845,189182.54,229913.53,0
46,CASH_IN,7159.3,C6709938,48080.0,40920.7,C3361510,276105.78,283265.08,0
46,TRANSFER,14480.41,C4679591,40663.77,26183.36,C2788238,140451.85,154932.26,0
46,TRANSFER,37783.37,C4558545,48869.8,11086.43,C8434500,428932.67,466716.04,0
46,CASH_IN,31678.07,C4717770,126555.8,94877.73,C8536477,170903.01,202581.08,0
46,PAYMENT,34873.4,C5652512,66359.69,31486.29,M2281433,57922.09,92795.49,0
46,CASH_IN,33429.14,C9234615,78472.73,45043.59,C5936453,251164.03,284593.17,0
46,DEBIT,78.16,C4656838,80745.38,80667.22,C1790481,451367.47,451445.63,0
46,DEBIT,5013.37,C8610879,57670.08,52656.71,C2239197,34604.48,39617.85,0
46,TRANSFER,5237.28,C2259379,32413.91,27176.63,C2944841,236900.63,242137.91,0
46,TRANSFER,22891.65,C5204819,101947.6,79055.95,C4761823,227496.97,250388.62,0
46,CASH_OUT,1375.8,C5107776,27928.26,26552.46,C7913081,309118.44,310494.24,0
46,CASH_IN,30675.71,C2844258,31046.71,371.0,C7913081,471284.09,501959.8,0
46,TRANSFER,30426.85,C8481188,105206.25,74779.4,C4147112,499439.45,529866.3,0
46,CASH_OUT,4457.19,C2970754,11538.03,7080.84,C9293086,416727.84,421185.03,0
46,PAYMENT,11215.13,C9310235,46274.42,35059.29,M9062973,470151.58,481366.71,0
46,CASH_IN,2283.21,C1233516,26426.8,24143.59,C5480460,342722.55,345005.76,0
47,PAYMENT,4069.9,C7074006,68470.61,64400.71,M4985095,147661.35,151731.25,0
47,PAYMENT,8295.52,C8795419,12040.7,3745.18,M3777286,465510.48,473806.0,0
47,PAYMENT,3081.03,C4816586,98139.35,95058.32,M7255418,200002.85,203083.88,0
47,CASH_IN,15022.68,C2620082,92512.42,77489.74,C5666692,318074.84,333097.52,0
47,CASH_IN,29551.19,C4645180,81227.64,51676.45,C9147720,233648.54,263199.73,0
47,TRANSFER,20270.32,C3790237,119093.1,98822.78,C2694522,460676.59,480946.91,0
47,DEBIT,39898.64,C8078673,84350.22,44451.58,C8973915,474842.09,514740.73,0
47,TRANSFER,32695.57,C5081983,123440.88,90745.31,C1440466,297759.16,330454.73,0
47,TRANSFER,40795.51,C7730428,93576.02,52780.51,C6024207,55324.04,96119.55,0
47,DEBIT,5339.79,C7891662,104609.84,99270.05,C9877065,139016.0,144355.79,0
47,PAYMENT,8519.36,C6944126,37180.76,28661.4,M2414808,43065.5,51584.86,0
47,CASH_OUT,16716.04,C7891662,44647.65,27931.61,C7288789,116181.06,132897.1,0
47,CASH_IN,15158.87,C6932391,113651.56,98492.69,C5587308,462808.89,477967.76,0
47,CASH_OUT,47006.76,C8481188,145570.6,98563.84,C2738129,240022.46,287029.22,0
47,TRANSFER,36347.37,C4916201,127034.52,90687.15,C2044645,438217.04,474564.41,0
47,PAYMENT,15562.72,C6228407,33573.95,18011.23,M6919270,313253.87,328816.59,0
47,CASH_OUT,10729.97,C5835492,106454.46,95724.49,C7550190,306711.78,317441.75,0
47,DEBIT,11775.55,C4895475,107928.45,96152.9,C7953166,434526.6,446302.15,0
47,DEBIT,34726.59,C3710895,85383.27,50656.68,C3117636,358828.47,393555.06,0
47,TRANSFER,46455.43,C9508103,128723.75,82268.32,C2564141,422898.76,469354.19,0
47,CASH_OUT,48487.75,C7975534,135063.42,86575.67,C3194789,329426.54,377914.29,0
47,DEBIT,33192.43,C5364698,132295.73,99103.3,C3030113,479479.44,512671.87,0
47,CASH_OUT,28829.58,C7774229,120570.68,91741.1,C5572250,195258.46,224088.04,0
47,PAYMENT,21526.75,C3783722,77448.26,55921.51,M4221313,50634.07,72160.82,0
47,TRANSFER,41239.58,C4342306,53083.82,11844.24,C5130808,358549.3,399788.88,0
47,CASH_OUT,1234.64,C7279729,94680.92,93446.28,C9580255,185497.22,186731.86,0
47,CASH_OUT,19663.31,C3657144,101624.34,81961.03,C2422633,267557.39,287220.7,0
47,CASH_IN,22398.54,C5673212,88660.71,66262.17,C5118725,314196.05,336594.59,0
47,CASH_OUT,18037.35,C1499914,77967.33,59929.98,C5348512,118668.52,136705.87,0
47,TRANSFER,23777.05,C4191175,122333.51,98556.46,C8151684,198766.38,222543.43,0
47,CASH_IN,48244.29,C2925626,60858.61,12614.32,C9990305,416875.5,465119.79,0
47,PAYMENT,16470.06,C4348276,114961.26,98491.2,M3587931,3543.99,20014.05,0
47,PAYMENT,39190.74,C1036161,47507.16,8316.42,M1128967,163351.47,202542.21,0
47,PAYMENT,20769.75,C7208460,40022.4,19252.65,M5782563,128961.51,149731.26,0
47,CASH_OUT,48397.46,C3049499,62328.97,13931.51,C4694634,43860.01,92257.47,1
47,PAYMENT,33632.57,C8159911,47625.74,13993.17,M3450300,381890.76,415523.33,0
47,CASH_IN,42686.18,C1348050,105135.53,62449.35,C4794319,382081.02,424767.2,0
47,CASH_IN,42636.34,C7970985,62300.56,19664.22,C6307805,466083.87,508720.21,0
47,PAYMENT,3077.45,C4551070,15564.34,12486.89,M1088100,338134.52,341211.97,0
47,DEBIT,47434.89,C8048838,133042.72,85607.83,C5634662,469344.51,516779.4,0
47,CASH_OUT,36234.72,C2161193,48879.24,12644.52,C5098412,35910.85,72145.57,0
47,CASH_IN,27352.05,C3646552,68418.12,41066.07,C5918715,375326.45,402678.5,0
47,CASH_IN,36364.48,C5832327,48520.91,12156.43,C6724909,192203.24,228567.72,0
47,TRANSFER,41425.21,C8175395,82771.21,41346.0,C5273534,382288.53,423713.74,0
47,DEBIT,30381.46,C1732280,49308.88,18927.42,C7847048,456530.43,486911.89,0
47,CASH_IN,29556.84,C6702160,73011.38,43454.54,C4342306,7475.27,37032.11,0
47,TRANSFER,7375.62,C6889195,78677.32,71301.7,C1971823,367086.33,374461.95,0
47,TRANSFER,48875.77,C3646552,63794.27,14918.5,C8520810,443435.56,492311.33,0
47,DEBIT,45576.35,C6120253,134382.69,88806.34,C2530793,120199.87,165776.22,0
47,CASH_IN,13009.24,C2738129,97575.2,84565.96,C6294016,82707.92,95717.16,0
47,TRANSFER,15657.94,C9518424,41471.76,25813.82,C7610562,341897.07,357555.01,0
47,CASH_OUT,38008.43,C6009888,114682.82,76674.39,C8387112,364823.01,402831.44,0
47,DEBIT,25369.71,C4652414,56280.73,30911.02,C4553384,485546.64,510916.35,0
47,TRANSFER,2326.15,C1454696,62826.13,60499.98,C2338687,259868.62,262194.77,0
47,CASH_OUT,28100.81,C3946751,112191.92,84091.11,C6543670,158632.01,186732.82,0
47,CASH_OUT,29695.67,C8294150,99555.71,69860.04,C6276722,83449.73,113145.4,0
47,DEBIT,26537.03,C9877065,118766.46,92229.43,C7417985,288563.65,315100.68,0
47,TRANSFER,800.41,C2374158,96172.02,95371.61,C7780932,233981.04,234781.45,0
47,PAYMENT,20628.69,C5480460,93113.28,72484.59,M3777286,108182.06,128810.75,0
47,TRANSFER,16206.8,C5679639,69725.54,53518.74,C3770370,3356.74,19563.54,0
47,CASH_IN,15980.55,C2738129,62821.26,46840.71,C5436878,113689.25,129669.8,0
47,DEBIT,48508.87,C6873938,108673.3,60164.43,C6038571,179501.5,228010.37,0
47,DEBIT,42637.22,C6767292,49382.02,6744.8,C7381684,480835.24,523472.46,0
47,TRANSFER,12750.25,C3937176,80969.21,68218.96,C2151225,36745.22,49495.47,0
47,DEBIT,33773.87,C1019311,34958.82,1184.95,C8710313,355242.0,389015.87,0
47,DEBIT,7429.4,C7853787,103213.58,95784.18,C1909393,231508.22,238937.62,0
47,DEBIT,5212.61,C1701771,100020.08,94807.47,C2000560,145831.82,151044.43,0
47,TRANSFER,10272.26,C3871230,64576.31,54304.05,C2714803,180746.87,191019.13,0
47,TRANSFER,1613.35,C7216461,59417.0,57803.65,C5727085,83064.17,84677.52,0
47,CASH_OUT,49711.37,C2126310,100839.01,51127.64,C5781295,111585.81,161297.18,0
47,TRANSFER,39970.56,C4567281,108265.75,68295.19,C4189885,260851.22,300821.78,0
47,TRANSFER,4170.39,C2516313,75797.3,71626.91,C8963715,490794.94,494965.33,0
47,CASH_OUT,27242.98,C9196204,27509.92,266.94,C3995870,66867.16,94110.14,0
47,PAYMENT,30862.96,C1768805,60355.63,29492.67,M6052478,272384.99,303247.95,0
47,CASH_OUT,41481.93,C9153566,109669.77,68187.84,C9952696,80082.88,121564.81,0
47,DEBIT,38104.0,C5761145,70728.71,32624.71,C1865901,78505.08,116609.08,0
47,CASH_OUT,17680.59,C2582524,19512.63,1832.04,C3094235,181716.09,199396.68,0
47,PAYMENT,1627.73,C4185957,70491.29,68863.56,M2105817,384291.75,385919.48,0
47,TRANSFER,6449.78,C4731818,75457.95,69008.17,C8938746,6432.45,12882.23,0
47,DEBIT,546.66,C2324869,13446.85,12900.19,C2677407,161119.4,161666.06,0
47,TRANSFER,37293.65,C3923366,37575.71,282.06,C5348512,452207.3,489500.95,0
47,CASH_OUT,34143.31,C4656838,133719.77,99576.46,C6472441,165447.01,199590.32,0
47,TRANSFER,28720.04,C6680114,42874.62,14154.58,C4794319,478351.0,507071.04,0
47,PAYMENT,43224.8,C5449368,114171.22,70946.42,M9959220,110556.77,153781.57,0
47,DEBIT,42013.29,C9310235,125628.12,83614.83,C9312590,235622.72,277636.01,0
47,CASH_OUT,472.39,C8418210,25896.31,25423.92,C5614226,139224.09,139696.48,0
47,CASH_OUT,3223.24,C9996414,13182.26,9959.02,C6423634,195481.86,198705.1,0
47,CASH_IN,23220.75,C3871230,51960.18,28739.43,C7390515,394389.48,417610.23,0
47,CASH_OUT,27620.43,C8526486,100507.25,72886.82,C1237370,47491.85,75112.28,0
47,DEBIT,14973.19,C3380261,97986.74,83013.55,C5634662,84978.2,99951.39,0
47,PAYMENT,29321.56,C6407373,41223.09,11901.53,M1709714,3035.59,32357.15,0
47,PAYMENT,32713.31,C9094999,130535.8,97822.49,M5059048,207851.17,240564.48,0
47,TRANSFER,6117.23,C7003042,43365.02,37247.79,C1763626,349065.45,355182.68,0
47,TRANSFER,6666.62,C7942639,39104.34,32437.72,C2839607,418726.64,425393.26,0
47,TRANSFER,49205.46,C1771600,72706.62,23501.16,C6709938,460616.94,509822.4,0
47,CASH_OUT,24852.23,C2970754,118694.18,93841.95,C6866294,373076.01,397928.24,0
47,TRANSFER,29794.76,C9279821,38488.72,8693.96,C3790237,457317.72,487112.48,0
47,TRANSFER,40855.4,C4867786,109437.72,68582.32,C7847048,417411.99,458267.39,0
47,CASH_IN,27612.64,C4240180,31650.32,4037.68,C7844947,41228.01,68840.65,0
47,DEBIT,13825.26,C9996414,15812.46,1987.2,C3321531,454237.98,468063.24,0
48,CASH_OUT,40119.06,C8520810,40818.37,699.31,C1548888,379616.15,419735.21,0
48,CASH_IN,21594.0,C8987516,39403.09,17809.09,C3195773,495827.13,517421.13,0
48,TRANSFER,18405.13,C4010529,84480.22,66075.09,C5502929,182232.69,200637.82,0
48,TRANSFER,2269.33,C5024269,42945.85,40676.52,C3050700,160587.58,162856.91,0
48,DEBIT,29983.22,C4594297,98045.16,68061.94,C7818496,392627.25,422610.47,0
48,CASH_IN,39876.07,C1842524,110740.19,70864.12,C8707870,379298.06,419174.13,0
48,DEBIT,20589.74,C2737893,107994.65,87404.91,C2651601,162569.25,183158.99,0
48,PAYMENT,4397.28,C5234550,59346.51,54949.23,M6442241,489452.99,493850.27,0
48,CASH_OUT,48399.31,C2815603,139555.68,91156.37,C4979651,19487.94,67887.25,0
48,CASH_OUT,32968.28,C1415846,44596.85,11628.57,C9996207,102553.01,135521.29,0
48,DEBIT,35468.9,C5521644,36245.14,776.24,C9517169,257008.94,292477.84,0
48,CASH_OUT,22930.73,C9937326,90092.63,67161.9,C5456272,317809.91,340740.64,0
48,CASH_IN,29339.71,C8425149,98025.62,68685.91,C9478454,460340.86,489680.57,0
48,CASH_OUT,19526.89,C2564689,94297.0,74770.11,C2022698,365261.31,384788.2,0
48,CASH_IN,30218.85,C4368777,118604.54,88385.69,C6889195,422820.4,453039.25,0
48,TRANSFER,23332.45,C4010529,116836.58,93504.13,C9697969,456182.67,479515.12,0
48,TRANSFER,10570.07,C2263313,98762.89,88192.82,C8151684,338313.06,348883.13,0
48,TRANSFER,25673.07,C8245685,65329.47,39656.4,C7017548,325980.56,351653.63,0
48,CASH_IN,38650.68,C2408404,135566.13,96915.45,C2299954,233705.82,272356.5,0
48,TRANSFER,2566.97,C4569164,67071.96,64504.99,C8038374,235131.98,237698.95,0
48,DEBIT,29373.4,C4609330,107556.78,78183.38,C5679639,156316.47,185689.87,0
48,CASH_OUT,43478.72,C9234615,54510.65,11031.93,C2921542,481505.38,524984.1,0
48,CASH_IN,45282.28,C5476257,58826.05,13543.77,C3551903,320124.76,365407.04,0
48,CASH_OUT,14247.61,C9745959,91106.83,76859.22,C8563202,415172.3,429419.91,0
48,CASH_IN,5465.17,C9633492,99133.45,93668.28,C9961380,366812.93,372278.1,0
48,TRANSFER,17050.72,C2538024,109140.88,92090.16,C5761145,257862.35,274913.07,0
48,CASH_IN,37041.2,C6068760,133653.85,96612.65,C5673599,181937.13,218978.33,0
48,CASH_OUT,22527.47,C8793853,55514.04,32986.57,C6069909,332996.58,355524.05,0
48,CASH_IN,3611.45,C2512187,34554.45,30943.0,C3211291,411905.63,415517.08,0
48,CASH_OUT,33862.75,C1233516,39541.67,5678.92,C2566777,221428.39,255291.14,0
48,PAYMENT,40320.45,C5963914,136050.61,95730.16,M5576678,46959.72,87280.17,0
48,TRANSFER,15821.98,C7377459,65014.93,49192.95,C3341057,267300.74,283122.72,0
48,DEBIT,29197.57,C9479356,48934.7,19737.13,C8315831,355799.68,384997.25,0
48,CASH_OUT,14133.23,C5558623,55013.25,40880.02,C4188992,293934.3,308067.53,0
48,CASH_OUT,6503.49,C7979148,74715.28,68211.79,C9235577,21609.02,28112.51,0
48,TRANSFER,11218.17,C5098412,42724.27,31506.1,C1909393,79311.01,90529.18,0
48,TRANSFER,15684.96,C5602180,44159.31,28474.35,C8999183,225245.16,240930.12,0
48,CASH_OUT,29715.83,C2921859,43681.24,13965.41,C2940214,63979.46,93695.29,0
48,CASH_OUT,24108.75,C4374754,66496.84,42388.09,C3955087,306187.11,330295.86,0
48,PAYMENT,29262.15,C1547605,66076.59,36814.44,M5227787,347430.35,376692.5,0
48,PAYMENT,45663.22,C9479356,49758.67,4095.45,M8212753,56773.07,102436.29,0
48,CASH_OUT,3691.41,C9125900,30238.31,26546.9,C8987516,466673.82,470365.23,0
48,CASH_OUT,28184.4,C5801541,39300.11,11115.71,C8750676,80058.72,108243.12,0
48,CASH_IN,28190.29,C6944126,75951.2,47760.91,C4415796,366209.52,394399.81,0
48,PAYMENT,42138.52,C9801946,85898.47,43759.95,M9595744,202610.58,244749.1,0
48,TRANSFER,8451.31,C5213115,73362.05,64910.74,C2811298,328107.62,336558.93,0
48,PAYMENT,18240.24,C5118725,60164.87,41924.63,M9770256,347487.34,365727.58,0
48,TRANSFER,33563.12,C1452421,70534.8,36971.68,C8344375,405639.26,439202.38,0
48,CASH_OUT,29035.81,C7402509,125988.34,96952.53,C2375453,106122.99,135158.8,0
48,CASH_OUT,21440.91,C6106390,70169.77,48728.86,C3345069,269466.79,290907.7,0
48,CASH_OUT,46147.37,C7953166,110763.97,64616.6,C9745959,244079.31,290226.68,0
48,TRANSFER,28832.15,C3564217,96669.57,67837.42,C8628588,205529.96,234362.11,0
48,PAYMENT,25982.23,C4470105,82538.74,56556.51,M1733037,360436.36,386418.59,0
48,TRANSFER,47402.53,C6338112,49139.73,1737.2,C2006313,473473.0,520875.53,1
48,PAYMENT,28216.05,C4840714,95869.51,67653.46,M6510922,200205.54,228421.59,0
48,DEBIT,38665.21,C5491946,102996.71,64331.5,C3418526,458003.98,496669.19,0
48,PAYMENT,45885.17,C5017343,113706.69,67821.52,M9831414,86321.73,132206.9,0
48,PAYMENT,10368.25,C2422633,41302.12,30933.87,M6394323,16582.3,26950.55,0
48,DEBIT,29960.64,C2724590,68199.89,38239.25,C3597059,364057.92,394018.56,0
48,CASH_IN,32456.18,C2351868,91272.8,58816.62,C5147994,317596.55,350052.73,0
48,PAYMENT,37034.22,C3500715,129020.7,91986.48,M5886733,391598.32,428632.54,0
48,CASH_IN,7343.83,C3341057,29776.96,22433.13,C4093109,240191.97,247535.8,0
48,TRANSFER,8675.08,C8491822,95264.29,86589.21,C3342608,448857.76,457532.84,0
48,TRANSFER,44224.18,C2666893,109460.96,65236.78,C5013879,222235.72,266459.9,1
48,DEBIT,38972.4,C6767292,101016.65,62044.25,C7217147,162075.24,201047.64,0
48,CASH_IN,26777.04,C1771600,115843.45,89066.41,C3970445,466766.17,493543.21,0
48,PAYMENT,20017.47,C2548511,89314.42,69296.95,M9564488,259276.56,279294.03,0
48,PAYMENT,47999.69,C7917152,145603.71,97604.02,M8868776,276703.14,324702.83,0
48,CASH_OUT,12941.73,C6577416,63268.67,50326.94,C3783722,162021.98,174963.71,0
48,CASH_OUT,24558.57,C3608513,66254.17,41695.6,C2738129,346305.2,370863.77,0
48,PAYMENT,32340.15,C8072684,47903.3,15563.15,M3718884,313813.59,346153.74,0
48,CASH_OUT,8852.43,C5195951,54157.29,45304.86,C7442089,232888.2,241740.63,0
48,CASH_OUT,23468.99,C5947563,49556.11,26087.12,C4716988,220759.42,244228.41,0
48,CASH_IN,13636.5,C5545223,60446.77,46810.27,C3946751,387718.08,401354.58,0
48,PAYMENT,49700.43,C9626108,140188.62,90488.19,M9790632,256974.55,306674.98,0
48,CASH_IN,22693.48,C6596150,53324.97,30631.49,C5614002,199442.76,222136.24,0
48,PAYMENT,39780.32,C5449324,119445.21,79664.89,M3450300,73313.81,113094.13,0
48,DEBIT,34354.0,C3109911,60069.75,25715.75,C9706768,218773.42,253127.42,0
48,PAYMENT,17086.59,C2817745,81633.97,64547.38,M9344741,470753.06,487839.65,0
48,PAYMENT,16741.1,C5832327,68272.2,51531.1,M8101036,397449.24,414190.34,0
48,PAYMENT,34501.79,C1229419,65063.23,30561.44,M9517619,235975.02,270476.81,0
48,CASH_IN,41907.3,C6438436,88528.51,46621.21,C2936571,261848.36,303755.66,0
48,PAYMENT,44007.06,C4551070,99671.5,55664.44,M2776088,180481.86,224488.92,0
48,CASH_OUT,33615.84,C1520596,117461.33,83845.49,C1987737,395901.63,429517.47,0
48,PAYMENT,28844.28,C2188789,96935.63,68091.35,M5000351,278082.23,306926.51,0
48,CASH_IN,22005.2,C1841248,22122.67,117.47,C4674286,257218.21,279223.41,0
48,DEBIT,24300.08,C5191056,41355.08,17055.0,C8367772,239769.21,264069.29,0
48,PAYMENT,36229.31,C2871534,118930.33,82701.02,M3472100,29107.58,65336.89,0
48,TRANSFER,11254.52,C8612081,48553.53,37299.01,C3403361,221317.29,232571.81,0
48,DEBIT,22656.06,C5641923,63884.45,41228.39,C9111742,334845.45,357501.51,0
48,CASH_OUT,48722.53,C2582524,141359.82,92637.29,C1938483,285324.96,334047.49,1
48,DEBIT,2559.3,C4965789,58086.04,55526.74,C8789116,181060.33,183619.63,0
48,TRANSFER,600.91,C2839607,35402.47,34801.56,C9479356,144529.94,145130.85,0
48,DEBIT,8181.98,C8963715,11459.19,3277.21,C4818418,5977.59,14159.57,0
48,TRANSFER,31009.0,C4860745,121455.71,90446.71,C2198058,395277.93,426286.93,0
48,DEBIT,13458.83,C8118722,77459.2,64000.37,C2721135,434078.06,447536.89,0
48,DEBIT,16071.34,C3937176,41511.83,25440.49,C8987516,380041.99,396113.33,0
48,CASH_OUT,7575.88,C2408404,13191.51,5615.63,C4971793,41690.3,49266.18,0
48,CASH_OUT,5659.16,C4940441,34831.23,29172.07,C4816586,470578.89,476238.05,0
48,CASH_OUT,4654.85,C9580255,50513.45,45858.6,C3530518,390488.35,395143.2,0
49,CASH_IN,38369.84,C6024207,117991.98,79622.14,C1732280,197734.84,236104.68,0
49,CASH_IN,38574.6,C7288789,91931.92,53357.32,C4044882,371771.16,410345.76,0
49,DEBIT,38358.45,C1533224,70381.51,32023.06,C1879109,248202.25,286560.7,0
49,PAYMENT,40418.64,C5825658,100289.81,59871.17,M6614484,23213.24,63631.88,0
49,CASH_OUT,26053.04,C9633492,76967.03,50913.99,C1358318,137516.22,163569.26,0
49,CASH_IN,30617.6,C2538024,51761.49,21143.89,C9398441,409743.66,440361.26,0
49,CASH_OUT,25170.75,C2813543,98617.89,73447.14,C3030966,336920.23,362090.98,0
49,DEBIT,12782.03,C5602180,69275.77,56493.74,C8606962,288779.41,301561.44,0
49,DEBIT,10462.9,C8190929,86948.16,76485.26,C1433940,158668.97,169131.87,0
49,DEBIT,36834.51,C7728339,126970.73,90136.22,C2833230,45264.59,82099.1,0
49,PAYMENT,45553.09,C3112652,125621.17,80068.08,M2294615,430801.13,476354.22,0
49,CASH_IN,12521.76,C6338112,73490.57,60968.81,C7162857,334156.02,346677.78,0
49,CASH_OUT,29826.75,C4971793,54103.04,24276.29,C7264956,413376.4,443203.15,0
49,DEBIT,5898.04,C9647849,87771.47,81873.43,C5218028,226979.89,232877.93,0
49,TRANSFER,32545.21,C2906718,120303.65,87758.44,C8038374,19941.6,52486.81,0
49,TRANSFER,7398.36,C6790218,22884.69,15486.33,C5668371,308099.82,315498.18,0
49,DEBIT,33138.26,C8688755,66632.91,33494.65,C8038374,165941.13,199079.39,0
49,CASH_IN,41313.46,C5487028,128287.37,86973.91,C1848566,463615.13,504928.59,0
49,CASH_IN,43224.51,C6075395,128611.03,85386.52,C6438436,402182.71,445407.22,0
49,DEBIT,48587.42,C3141239,76591.51,28004.09,C9035982,152523.55,201110.97,0
49,PAYMENT,14741.42,C8610913,108288.96,93547.54,M1688246,479205.36,493946.78,0
49,DEBIT,36055.7,C9147720,134722.36,98666.66,C6183033,439789.51,475845.21,0
49,PAYMENT,13119.9,C3030113,31436.05,18316.15,M3091745,167974.52,181094.42,0
49,PAYMENT,40435.52,C5163953,102585.0,62149.48,M2319479,448527.88,488963.4,0
49,DEBIT,22306.25,C9427047,74153.25,51847.0,C7224540,309329.67,331635.92,0
49,CASH_IN,49657.61,C3927575,143728.44,94070.83,C5195951,165321.44,214979.05,0
49,CASH_OUT,16476.18,C2408404,92325.35,75849.17,C2324869,483238.08,499714.26,0
49,TRANSFER,13888.97,C5977931,86093.34,72204.37,C9487336,290622.32,304511.29,0
49,TRANSFER,20803.28,C2719583,117059.38,96256.1,C4010529,217482.11,238285.39,0
49,DEBIT,16650.24,C6438436,37529.73,20879.49,C2539438,188438.45,205088.69,0
49,TRANSFER,25801.47,C7120868,41120.59,15319.12,C1036161,139400.0,165201.47,0
49,CASH_IN,14324.27,C8307727,74728.55,60404.28,C3946751,210966.16,225290.43,0
49,CASH_OUT,20362.11,C2161193,61321.06,40958.95,C4916201,401658.72,422020.83,0
49,TRANSFER,35265.5,C3563646,131874.3,96608.8,C7273233,405694.98,440960.48,0
49,PAYMENT,32864.97,C8875173,84710.98,51846.01,M6394323,433194.49,466059.46,0
49,TRANSFER,5115.88,C1938483,75771.18,70655.3,C3195773,224755.34,229871.22,0
49,CASH_OUT,12071.21,C1192619,95770.88,83699.67,C3472189,480110.98,492182.19,0
49,TRANSFER,40423.23,C7392547,94112.8,53689.57,C1971823,317869.86,358293.09,1
49,CASH_OUT,22833.85,C3634980,41639.15,18805.3,C9125900,31313.51,54147.36,0
49,PAYMENT,6511.62,C7264956,60872.26,54360.64,M8419020,7168.12,13679.74,0
49,CASH_IN,42373.32,C7279729,96331.95,53958.63,C2515030,398973.15,441346.47,0
49,DEBIT,20815.66,C5217853,55487.34,34671.68,C8796514,430883.05,451698.71,0
49,CASH_OUT,25684.84,C3939212,61048.78,35363.94,C5652512,163051.73,188736.57,0
49,CASH_OUT,4004.44,C6960453,66852.32,62847.88,C3592974,275487.66,279492.1,0
49,CASH_IN,8809.27,C5781295,102623.43,93814.16,C7693979,457435.1,466244.37,0
49,CASH_IN,35247.6,C8885465,93647.57,58399.97,C3589751,455666.1,490913.7,0
49,CASH_OUT,41710.71,C5002120,100643.91,58933.2,C2944841,357375.64,399086.35,0
49,CASH_OUT,8788.4,C4939290,108141.97,99353.57,C2876932,420349.33,429137.73,0
49,CASH_OUT,22455.89,C1538552,37867.43,15411.54,C4010529,121269.45,143725.34,0
49,TRANSFER,41988.36,C1415846,97537.14,55548.78,C7738019,452320.85,494309.21,1
49,TRANSFER,10488.31,C8210624,31286.83,20798.52,C6770619,216295.39,226783.7,0
49,DEBIT,26152.48,C5531230,104917.28,78764.8,C8033426,464733.72,490886.2,0
49,DEBIT,27261.55,C9487336,121735.66,94474.11,C3118060,351211.72,378473.27,0
49,CASH_OUT,9315.77,C5437001,55592.61,46276.84,C3923366,189359.52,198675.29,0
49,PAYMENT,36121.54,C5213115,86703.44,50581.9,M3610197,456384.22,492505.76,0
49,DEBIT,28056.3,C4761823,125051.23,96994.93,C6312692,478294.0,506350.3,0
49,PAYMENT,20340.93,C1727544,102728.83,82387.9,M8581856,132979.89,153320.82,0
49,CASH_OUT,40665.16,C6101803,64936.95,24271.79,C7138070,445353.73,486018.89,1
49,TRANSFER,42940.33,C5040453,107372.0,64431.67,C6106390,383551.72,426492.05,1
49,CASH_OUT,10656.15,C3126655,81228.04,70571.89,C5886520,234908.13,245564.28,0
49,PAYMENT,47076.5,C6068760,121622.91,74546.41,M9511700,334597.01,381673.51,0
49,TRANSFER,8519.06,C2987287,100797.15,92278.09,C8225725,11322.6,19841.66,0
49,TRANSFER,39435.08,C5443951,72541.82,33106.74,C1059486,168875.58,208310.66,0
49,DEBIT,26065.17,C8793853,105641.55,79576.38,C3403361,446186.53,472251.7,0
49,DEBIT,32465.46,C5531230,42865.36,10399.9,C2642635,238338.06,270803.52,0
49,CASH_IN,26876.48,C2437026,105747.98,78871.5,C2194198,210662.89,237539.37,0
49,CASH_OUT,19992.55,C6018975,72756.89,52764.34,C9130188,420704.45,440697.0,0
49,CASH_OUT,19011.88,C5667265,115402.84,96390.96,C5679639,139268.74,158280.62,0
49,CASH_OUT,37308.93,C1257489,111920.01,74611.08,C1624315,103614.55,140923.48,0
49,TRANSFER,31183.75,C9937326,59526.1,28342.35,C4524499,301143.83,332327.58,0
49,CASH_OUT,26737.61,C6312692,27794.35,1056.74,C4514944,424507.49,451245.1,0
49,TRANSFER,11965.2,C6492066,70233.57,58268.37,C7784725,296412.32,308377.52,0
49,CASH_OUT,47944.76,C5006492,51122.13,3177.37,C4656838,206290.21,254234.97,0
49,CASH_IN,16158.32,C9517485,29035.67,12877.35,C6543670,359205.4,375363.72,0
49,TRANSFER,42974.14,C8048838,94139.36,51165.22,C5584716,346904.54,389878.68,1
49,CASH_IN,24944.96,C5521644,79375.13,54430.17,C5437001,123875.56,148820.52,0
49,DEBIT,27490.69,C2921859,116599.94,89109.25,C4231028,274057.21,301547.9,0
49,PAYMENT,1919.16,C6770619,38516.69,36597.53,M2932288,109229.83,111148.99,0
49,DEBIT,14017.37,C6472441,54387.39,40370.02,C2686548,10587.92,24605.29,0
49,DEBIT,24555.2,C7162857,31642.98,7087.78,C8118722,159385.07,183940.27,0
49,DEBIT,18297.06,C1257489,64565.06,46268.0,C8863447,458259.39,476556.45,0
49,CASH_OUT,17679.13,C6503032,74513.73,56834.6,C9250138,305802.71,323481.84,0
49,CASH_OUT,48813.37,C7377459,81234.38,32421.01,C3503120,324269.14,373082.51,0
49,DEBIT,6708.85,C2191066,18182.14,11473.29,C8443690,256973.04,263681.89,0
49,CASH_OUT,44879.55,C2530497,107306.11,62426.56,C3036059,471029.87,515909.42,0
49,TRANSFER,36956.04,C8367772,117856.55,80900.51,C3253031,30851.49,67807.53,0
49,DEBIT,44712.06,C5452128,61114.62,16402.56,C2948178,379653.73,424365.79,0
49,DEBIT,32509.07,C7754864,93534.91,61025.84,C5017343,354882.86,387391.93,0
49,PAYMENT,14975.48,C2532210,44515.1,29539.62,M9422281,147925.77,162901.25,0
49,TRANSFER,3011.51,C8212326,81960.71,78949.2,C7637601,332405.53,335417.04,0
49,DEBIT,31537.45,C6492066,51785.57,20248.12,C7454081,256445.44,287982.89,0
49,CASH_IN,7083.41,C8612220,89336.84,82253.43,C7462506,181188.04,188271.45,0
49,TRANSFER,8623.42,C2582524,82406.09,73782.67,C6573147,142256.68,150880.1,0
49,CASH_OUT,490.25,C4731818,20517.75,20027.5,C7311494,386451.86,386942.11,0
49,TRANSFER,14485.18,C2166941,39536.63,25051.45,C5584716,88013.72,102498.9,0
49,PAYMENT,41138.81,C6279418,112981.82,71843.01,M9158272,330017.3,371156.11,0
49,CASH_OUT,23914.98,C6902401,80733.29,56818.31,C7311494,353701.03,377616.01,0
49,CASH_OUT,46254.4,C7970985,55108.46,8854.06,C1486955,400238.63,446493.03,0
49,TRANSFER,16252.63,C9537455,24887.02,8634.39,C4335942,450022.2,466274.83,0
49,PAYMENT,47741.04,C9164991,127732.66,79991.62,M8377995,370507.24,418248.28,0
50,TRANSFER,13106.69,C3276065,60405.84,47299.15,C8367772,101064.31,114171.0,0
50,CASH_IN,38359.18,C7878299,127608.56,89249.38,C4740036,213759.48,252118.66,0
50,DEBIT,4368.34,C4922880,33403.75,29035.41,C4879923,64211.07,68579.41,0
50,PAYMENT,7545.36,C3592974,95830.47,88285.11,M4860617,353874.72,361420.08,0
50,CASH_IN,4188.31,C5180853,13415.0,9226.69,C4567281,296031.51,300219.82,0
50,CASH_OUT,28028.57,C4524499,123107.37,95078.8,C1432519,25369.65,53398.22,0
50,CASH_IN,32239.8,C2161193,70224.41,37984.61,C4043480,206084.29,238324.09,0
50,CASH_OUT,7897.59,C2022698,18666.83,10769.24,C5673599,287857.34,295754.93,0
50,CASH_IN,1814.66,C5394880,68884.77,67070.11,C2161193,96096.64,97911.3,0
50,DEBIT,48211.64,C4585314,92438.51,44226.87,C7897151,75802.23,124013.87,0
50,DEBIT,44051.27,C9132114,49434.72,5383.45,C1233516,150196.41,194247.68,0
50,PAYMENT,45565.07,C6543670,131390.83,85825.76,M1834876,108827.52,154392.59,0
50,CASH_IN,45096.63,C2626229,133882.28,88785.65,C4185957,396591.75,441688.38,0
50,DEBIT,14535.2,C6294016,25736.65,11201.45,C2197935,361088.48,375623.68,0
50,TRANSFER,1156.08,C7542890,96424.62,95268.54,C3556551,131748.31,132904.39,0
50,CASH_OUT,21498.57,C2817745,47108.75,25610.18,C7264956,259619.32,281117.89,0
50,DEBIT,17253.67,C2060605,51928.91,34675.24,C3401116,351677.87,368931.54,0
50,CASH_OUT,35377.24,C8410995,57986.61,22609.37,C1739653,412754.79,448132.03,0
50,TRANSFER,5892.42,C5663623,72106.12,66213.7,C9508103,479840.51,485732.93,0
50,CASH_IN,36407.18,C6944126,67952.9,31545.72,C2871534,444406.42,480813.6,0
50,DEBIT,48827.92,C9961380,124797.14,75969.22,C9580255,286665.56,335493.48,0
50,DEBIT,42987.09,C8411939,85439.64,42452.55,C6007072,434823.17,477810.26,0
50,PAYMENT,693.08,C4327421,92092.82,91399.74,M7111929,431331.22,432024.3,0
50,DEBIT,19866.68,C7534336,118548.17,98681.49,C3222252,123909.3,143775.98,0
50,DEBIT,2972.67,C2817745,77191.62,74218.95,C9075854,159137.79,162110.46,0
50,PAYMENT,39069.73,C2167449,125734.51,86664.78,M4955699,32850.68,71920.41,0
50,PAYMENT,27976.06,C7751158,46236.63,18260.57,M8545279,149122.25,177098.31,0
50,PAYMENT,39956.08,C5896624,128911.32,88955.24,M6510922,389158.09,429114.17,0
50,CASH_OUT,14272.86,C9225346,69478.8,55205.94,C3211291,311525.61,325798.47,0
50,TRANSFER,12177.86,C8875173,96250.82,84072.96,C1499914,246443.75,258621.61,0
50,TRANSFER,26234.7,C9801946,110081.43,83846.73,C9225346,70686.64,96921.34,0
50,CASH_OUT,27524.98,C1861958,63132.05,35607.07,C2919136,499468.08,526993.06,0
50,PAYMENT,10586.53,C3597059,106068.07,95481.54,M3408819,390861.5,401448.03,0
50,TRANSFER,45967.7,C2151087,123796.25,77828.55,C3592974,117603.88,163571.58,0
50,CASH_IN,45444.69,C5947563,64989.9,19545.21,C1233516,439017.22,484461.91,0
50,TRANSFER,7277.05,C4589533,8976.45,1699.4,C2906718,129048.81,136325.86,0
50,TRANSFER,20565.61,C2147909,72453.79,51888.18,C3386328,206647.61,227213.22,0
50,CASH_OUT,25867.86,C3217273,35694.35,9826.49,C5232413,115444.14,141312.0,0
50,PAYMENT,6522.17,C5014745,17087.09,10564.92,M8581856,166458.18,172980.35,0
50,TRANSFER,28758.62,C9906224,32490.26,3731.64,C1484348,130074.05,158832.67,0
50,CASH_IN,15102.46,C7679674,26193.27,11090.81,C2264748,388126.42,403228.88,0
50,CASH_OUT,39964.66,C9396529,57790.92,17826.26,C2147909,56369.92,96334.58,0
50,CASH_OUT,35569.85,C4044882,42839.02,7269.17,C2321324,269507.47,305077.32,0
50,PAYMENT,5107.85,C7718473,91082.62,85974.77,M9595744,438725.32,443833.17,0
50,PAYMENT,4475.4,C3726327,79326.97,74851.57,M1733037,11067.64,15543.04,0
50,CASH_OUT,17091.34,C1675419,114226.1,97134.76,C4044882,454883.45,471974.79,0
50,TRANSFER,37078.51,C2948178,75055.99,37977.48,C9002392,376529.8,413608.31,0
50,TRANSFER,24996.59,C5076817,105692.07,80695.48,C8890439,99202.3,124198.89,0
50,CASH_OUT,31597.85,C8939993,130785.84,99187.99,C4327421,423799.8,455397.65,0
50,CASH_OUT,33731.61,C6338112,34618.28,886.67,C6960453,496238.11,529969.72,0
50,PAYMENT,4644.86,C6702160,19863.64,15218.78,M8309439,387718.16,392363.02,0
50,TRANSFER,48434.02,C1674975,139143.73,90709.71,C4674286,343494.51,391928.53,0
50,DEBIT,37189.79,C8938746,116974.04,79784.25,C7780932,115877.03,153066.82,0
50,CASH_OUT,32909.43,C5924115,65393.84,32484.41,C1514340,339590.1,372499.53,0
50,DEBIT,1083.59,C6228407,26947.37,25863.78,C2173965,390446.23,391529.82,0
50,CASH_IN,28683.6,C9537455,31998.23,3314.63,C5438490,56750.98,85434.58,0
50,TRANSFER,20599.04,C8746014,44653.85,24054.81,C3094235,408123.25,428722.29,0
50,CASH_OUT,28103.03,C7462506,109398.23,81295.2,C1661401,16963.07,45066.1,0
50,DEBIT,8644.3,C7667458,41716.26,33071.96,C2815603,330383.22,339027.52,0
50,CASH_OUT,43814.88,C7774229,124944.98,81130.1,C5635017,296958.89,340773.77,0
50,CASH_OUT,30656.7,C1615675,88264.47,57607.77,C9427047,146841.84,177498.54,0
50,PAYMENT,49048.77,C7121355,133522.85,84474.08,M6181912,65215.31,114264.08,0
50,CASH_OUT,8436.12,C1445199,19660.72,11224.6,C6708456,483421.78,491857.9,0
50,PAYMENT,32421.57,C7014016,59511.78,27090.21,M8377995,230478.64,262900.21,0
50,CASH_OUT,34858.91,C5217853,53271.37,18412.46,C7208460,156522.25,191381.16,0
50,PAYMENT,40807.57,C4340845,63602.87,22795.3,M3044276,81153.1,121960.67,0
50,CASH_OUT,45473.25,C3049499,117316.44,71843.19,C4785186,343425.78,388899.03,0
50,PAYMENT,2660.51,C1771600,49172.84,46512.33,M2368710,482977.87,485638.38,0
50,PAYMENT,6281.24,C1689025,51128.4,44847.16,M6510922,476019.39,482300.63,0
50,TRANSFER,2057.3,C5148725,32230.86,30173.56,C5825620,140920.83,142978.13,0
50,CASH_OUT,8694.77,C7534336,80058.07,71363.3,C5081983,386934.2,395628.97,0
50,CASH_IN,10107.64,C3472189,27005.84,16898.2,C9084065,267437.59,277545.23,0
50,DEBIT,35649.96,C9361353,93027.79,57377.83,C7392547,277397.51,313047.47,0
50,TRANSFER,2423.41,C5098412,90949.44,88526.03,C5482413,189178.56,191601.97,0
50,DEBIT,47529.77,C5204819,130323.64,82793.87,C2016911,170825.68,218355.45,0
50,CASH_IN,6503.43,C9197443,93033.9,86530.47,C3927575,480066.96,486570.39,0
50,PAYMENT,33760.04,C3475548,41058.47,7298.43,M8344365,360766.44,394526.48,0
50,PAYMENT,24387.19,C6701311,35986.54,11599.35,M1349914,208260.93,232648.12,0
50,PAYMENT,15041.83,C6213522,40499.69,25457.86,M9411547,356281.99,371323.82,0
50,PAYMENT,48392.16,C7311494,72503.9,24111.74,M1472908,379124.26,427516.42,0
50,DEBIT,18168.41,C5334434,91313.86,73145.45,C8896868,150986.83,169155.24,0
50,DEBIT,10652.16,C1358318,96450.03,85797.87,C7390515,382697.16,393349.32,0
50,TRANSFER,12066.36,C5311242,68023.15,55956.79,C3955087,419391.18,431457.54,0
50,DEBIT,22929.97,C3653446,78961.72,56031.75,C1822825,443678.05,466608.02,0
50,TRANSFER,17038.44,C8896868,110180.59,93142.15,C1205779,78412.06,95450.5,0
50,CASH_IN,41417.33,C4607488,116912.5,75495.17,C5186414,203089.47,244506.8,0
50,CASH_IN,48579.74,C6007072,115164.16,66584.42,C5089126,205967.37,254547.11,0
50,PAYMENT,7428.64,C9823994,98485.09,91056.45,M6733317,421793.79,429222.43,0
50,CASH_IN,49637.61,C6873938,95575.03,45937.42,C4318855,204933.6,254571.21,0
50,DEBIT,37901.45,C5452128,135410.59,97509.14,C1156287,384267.98,422169.43,0
50,PAYMENT,41457.14,C7462506,42419.77,962.63,M3472100,378506.43,419963.57,0
50,CASH_IN,42140.61,C7067228,46804.93,4664.32,C7014016,122983.67,165124.28,0
50,CASH_IN,38837.84,C4991829,114019.27,75181.43,C7017548,208457.46,247295.3,0
50,DEBIT,37575.49,C2167449,53997.63,16422.14,C8658158,249355.24,286930.73,0
50,PAYMENT,28536.24,C8628891,55832.48,27296.24,M5816353,135659.95,164196.19,0
50,TRANSFER,33622.6,C7668663,105876.24,72253.64,C7392547,270412.47,304035.07,0
50,DEBIT,46694.15,C4740036,81455.47,34761.32,C3426689,426211.06,472905.21,0
50,CASH_OUT,33663.15,C4761823,73159.91,39496.76,C7722755,220820.89,254484.04,0
50,DEBIT,23549.84,C5438490,32531.07,8981.23,C7189034,299041.37,322591.21,0
50,TRANSFER,25112.23,C5921894,74953.42,49841.19,C4344717,288697.39,313809.62,0
51,PAYMENT,42956.64,C7637601,73689.77,30733.13,M8783840,382357.09,425313.73,0
